Variable,Layer,Head,TokenOrigenIdx,TokenDestinoIdx,TokenOrigen,TokenDestino,Efecto_ASCA,Importancia_ASCA
1,1,1,1,1,[CLS],[CLS],0.0439929823482436,0.0193538249589287
2,1,1,1,2,[CLS],Token 2,0.0064376956974899,0.0004144392589348
3,1,1,1,3,[CLS],Token 3,-0.0265392122367724,0.00704329786148448
4,1,1,1,4,[CLS],Token 4,0.00169256206320612,2.86476633780456e-05
5,1,1,1,5,[CLS],Token 5,-0.080064087990823,0.0641025818580226
6,1,1,1,6,[CLS],Token 6,0.03591553353573,0.0128992554915614
7,1,1,1,7,[CLS],.,0.043993138722053,0.019353962546178
8,1,1,1,8,[CLS],[SEP],0.0439933724187531,0.0193541681677511
9,1,1,2,1,Token 2,[CLS],0.0427883105815659,0.0183083952242454
10,1,1,2,2,Token 2,Token 2,0.0264305981181621,0.00698576516883796
11,1,1,2,3,Token 2,Token 3,0.0811627987808319,0.0658739990593781
12,1,1,2,4,Token 2,Token 4,0.0421393595348794,0.0177572562200983
13,1,1,2,5,Token 2,Token 5,0.100613015209466,0.101229788295402
14,1,1,2,6,Token 2,Token 6,-0.307628044502498,0.946350137644307
15,1,1,2,7,Token 2,.,0.0662157151542933,0.0438452093339451
16,1,1,2,8,Token 2,[SEP],0.108303616955656,0.117296734456774
17,1,1,3,1,Token 3,[CLS],0.0140731681059146,0.00198054060537333
18,1,1,3,2,Token 3,Token 2,0.0738118664039229,0.0544819162203056
19,1,1,3,3,Token 3,Token 3,-0.0974088001279947,0.0948847434237563
20,1,1,3,4,Token 3,Token 4,0.014475125548936,0.0020952925965746
21,1,1,3,5,Token 3,Token 5,0.032501548000193,0.0105635062240885
22,1,1,3,6,Token 3,Token 6,-0.0541088687952711,0.0292776968230387
23,1,1,3,7,Token 3,.,0.175513361291654,0.308049399918945
24,1,1,3,8,Token 3,[SEP],-0.0869367012306928,0.0755799002087474
25,1,1,4,1,Token 4,[CLS],0.125340149772614,0.157101531450213
26,1,1,4,2,Token 4,Token 2,0.0562567298640298,0.0316481965499442
27,1,1,4,3,Token 4,Token 3,-0.100627286254521,0.101258507389494
28,1,1,4,4,Token 4,Token 4,0.0511245340977906,0.0261371798671616
29,1,1,4,5,Token 4,Token 5,0.0528985128763594,0.0279825266453036
30,1,1,4,6,Token 4,Token 6,-0.451826351648593,2.04147052044078
31,1,1,4,7,Token 4,.,0.127495749190017,0.162551660615237
32,1,1,4,8,Token 4,[SEP],0.0414322576379265,0.0171663197297552
33,1,1,5,1,Token 5,[CLS],0.174856019555557,0.305746275748133
34,1,1,5,2,Token 5,Token 2,0.0419482936920361,0.0175965934367332
35,1,1,5,3,Token 5,Token 3,-0.231078918725912,0.533974666795367
36,1,1,5,4,Token 5,Token 4,0.0264989024775696,0.00702191832515745
37,1,1,5,5,Token 5,Token 5,-0.148933112211635,0.221810719130436
38,1,1,5,6,Token 5,Token 6,-0.0755508181073201,0.0570792611668537
39,1,1,5,7,Token 5,.,0.265959852166676,0.707346429645201
40,1,1,5,8,Token 5,[SEP],0.0148675411999906,0.00221043781333417
41,1,1,6,1,Token 6,[CLS],-0.002710761236973,7.34822648387543e-05
42,1,1,6,2,Token 6,Token 2,-0.049865525167854,0.0248657060026588
43,1,1,6,3,Token 6,Token 3,0.274303392999487,0.752423514110307
44,1,1,6,4,Token 6,Token 4,0.0732767839225689,0.0536948706203485
45,1,1,6,5,Token 6,Token 5,-0.263012873293323,0.691757715180093
46,1,1,6,6,Token 6,Token 6,-0.162503507840169,0.264073900603599
47,1,1,6,7,Token 6,.,0.306092120977549,0.936923865245342
48,1,1,6,8,Token 6,[SEP],-0.147015829145291,0.216136540192773
49,1,1,7,1,.,[CLS],0.23679221595208,0.560705535354966
50,1,1,7,2,.,Token 2,0.118574136101189,0.140598257521434
51,1,1,7,3,.,Token 3,-0.1385753968509,0.192031406123845
52,1,1,7,4,.,Token 4,0.082997666378936,0.0688861262434917
53,1,1,7,5,.,Token 5,0.0365769999557705,0.0133787692576444
54,1,1,7,6,.,Token 6,-0.208135549346817,0.433204069019013
55,1,1,7,7,.,.,0.236792108705604,0.560705027452466
56,1,1,7,8,.,[SEP],0.236792534819953,0.560707045464584
57,1,1,8,1,[SEP],[CLS],0.0153371520611948,0.00235228233348213
58,1,1,8,2,[SEP],Token 2,0.00361332477810893,0.00013056115952096
59,1,1,8,3,[SEP],Token 3,-0.0490950154480028,0.0241032054183963
60,1,1,8,4,[SEP],Token 4,0.0027779795881848,7.71717059237138e-05
61,1,1,8,5,[SEP],Token 5,0.0634302175258204,0.040233924953729
62,1,1,8,6,[SEP],Token 6,-0.0375123158700497,0.0140717384193438
63,1,1,8,7,[SEP],.,0.0153372761532568,0.00235232039801261
64,1,1,8,8,[SEP],[SEP],0.0153371469201021,0.00235228075648798
65,1,2,1,1,[CLS],[CLS],0.142934169325876,0.204301767608783
66,1,2,1,2,[CLS],Token 2,0.00496835846238888,0.000246845858107912
67,1,2,1,3,[CLS],Token 3,-0.0354358212566026,0.0125569742812989
68,1,2,1,4,[CLS],Token 4,0.00309618499569924,9.58636152759312e-05
69,1,2,1,5,[CLS],Token 5,-0.306959107344362,0.942238935816474
70,1,2,1,6,[CLS],Token 6,-0.0621453910940828,0.038620496342365
71,1,2,1,7,[CLS],.,0.142933096241009,0.204298700010415
72,1,2,1,8,[CLS],[SEP],0.142934349845171,0.204302283656617
73,1,2,2,1,Token 2,[CLS],0.00901260353157018,0.000812270224172712
74,1,2,2,2,Token 2,Token 2,0.0172076472570665,0.00296103124123626
75,1,2,2,3,Token 2,Token 3,-0.0951856042293601,0.0906029925250838
76,1,2,2,4,Token 2,Token 4,-0.00621181526659649,0.000385866489063212
77,1,2,2,5,Token 2,Token 5,0.0324669488063788,0.0105410276479602
78,1,2,2,6,Token 2,Token 6,0.0721042475632202,0.0519902251665815
79,1,2,2,7,Token 2,.,0.011394499957462,0.00129834629280601
80,1,2,2,8,Token 2,[SEP],0.0289786141069096,0.00839760075557181
81,1,2,3,1,Token 3,[CLS],0.0800023072254716,0.0640036916139874
82,1,2,3,2,Token 3,Token 2,-0.0560476640772681,0.0314134064851829
83,1,2,3,3,Token 3,Token 3,0.150114885512012,0.225344788522843
84,1,2,3,4,Token 3,Token 4,-0.00858632998205688,0.000737250625607688
85,1,2,3,5,Token 3,Token 5,-0.0483644537306171,0.02339120384661
86,1,2,3,6,Token 3,Token 6,-0.0347310201660605,0.012062437617753
87,1,2,3,7,Token 3,.,0.014454011158964,0.00208918438583457
88,1,2,3,8,Token 3,[SEP],-5.47452118857089e-05,2.99703822441116e-08
89,1,2,4,1,Token 4,[CLS],-0.00487941633544832,0.000238087037746399
90,1,2,4,2,Token 4,Token 2,-0.0220772262083619,0.00487403917055181
91,1,2,4,3,Token 4,Token 3,0.0446295042804612,0.019917926523197
92,1,2,4,4,Token 4,Token 4,-0.0358435693060019,0.0128476146059416
93,1,2,4,5,Token 4,Token 5,0.0169780035718158,0.00288252605284592
94,1,2,4,6,Token 4,Token 6,-0.0369993493317969,0.0136895185097634
95,1,2,4,7,Token 4,.,-0.0126667107511309,0.00160445561252815
96,1,2,4,8,Token 4,[SEP],-0.0185613235325144,0.00344522731278671
97,1,2,5,1,Token 5,[CLS],-0.113703622575763,0.129285137868515
98,1,2,5,2,Token 5,Token 2,0.110571013651551,0.122259490599316
99,1,2,5,3,Token 5,Token 3,0.0659765055209164,0.0435289928075151
100,1,2,5,4,Token 5,Token 4,0.0671637207668041,0.0451096538724122
101,1,2,5,5,Token 5,Token 5,0.106262312991384,0.112916791622789
102,1,2,5,6,Token 5,Token 6,-0.0218162676614814,0.00475949534677399
103,1,2,5,7,Token 5,.,-0.135186745872517,0.182754562596004
104,1,2,5,8,Token 5,[SEP],-0.107594929363322,0.115766688246983
105,1,2,6,1,Token 6,[CLS],0.0602975296654992,0.0363579208376176
106,1,2,6,2,Token 6,Token 2,-0.326408019244316,1.06542195026998
107,1,2,6,3,Token 6,Token 3,0.0246157643826258,0.00605935856140948
108,1,2,6,4,Token 6,Token 4,-0.00415576737558329,0.000172704024799624
109,1,2,6,5,Token 6,Token 5,-0.0381000646665938,0.0145161492759863
110,1,2,6,6,Token 6,Token 6,0.0608351005654025,0.0370090946080264
111,1,2,6,7,Token 6,.,-0.0784227640434048,0.0615012992020755
112,1,2,6,8,Token 6,[SEP],0.00816585082684115,0.000666811197262223
113,1,2,7,1,.,[CLS],-0.046864657272076,0.0219629610122915
114,1,2,7,2,.,Token 2,-0.0197632287390154,0.00390585210190645
115,1,2,7,3,.,Token 3,0.0700991212784064,0.0491388680400473
116,1,2,7,4,.,Token 4,-0.0181186404057,0.00328285130151063
117,1,2,7,5,.,Token 5,0.130993744246595,0.171593610317423
118,1,2,7,6,.,Token 6,0.104450917397967,0.10909994145277
119,1,2,7,7,.,.,-0.046864718223025,0.0219630181412353
120,1,2,7,8,.,[SEP],-0.0468646987896212,0.0219629999264193
121,1,2,8,1,[SEP],[CLS],0.0201771967662671,0.0040711926934466
122,1,2,8,2,[SEP],Token 2,0.0122357457933691,0.00149713475119948
123,1,2,8,3,[SEP],Token 3,0.00829156714164678,0.000687500856644364
124,1,2,8,4,[SEP],Token 4,0.00768305326788721,0.000590293075171923
125,1,2,8,5,[SEP],Token 5,-0.0589846666432279,0.0347919089901272
126,1,2,8,6,[SEP],Token 6,-0.127756375662306,0.163216915223683
127,1,2,8,7,[SEP],.,0.0201770862930362,0.00407114811276628
128,1,2,8,8,[SEP],[SEP],0.0201770921445797,0.00407115047410861
129,1,3,1,1,[CLS],[CLS],-0.070972407496332,0.050370826258254
130,1,3,1,2,[CLS],Token 2,-0.00808331624946151,0.000653400015888086
131,1,3,1,3,[CLS],Token 3,0.00436907456005085,0.000190888125112836
132,1,3,1,4,[CLS],Token 4,-0.00145128906736921,2.10623995706539e-05
133,1,3,1,5,[CLS],Token 5,-0.00400773705625654,0.000160619563120918
134,1,3,1,6,[CLS],Token 6,0.178044809623932,0.316999542340222
135,1,3,1,7,[CLS],.,-0.0709727000446548,0.0503712415162854
136,1,3,1,8,[CLS],[SEP],-0.0709741387459711,0.0503732837073235
137,1,3,2,1,Token 2,[CLS],-0.0200779389310071,0.0040312363171725
138,1,3,2,2,Token 2,Token 2,-0.00201467449429088,4.0589133179462e-05
139,1,3,2,3,Token 2,Token 3,0.0434310547552227,0.0188625651715115
140,1,3,2,4,Token 2,Token 4,-0.00155516309489985,2.41853225173847e-05
141,1,3,2,5,Token 2,Token 5,0.0353884256046387,0.0125234066677505
142,1,3,2,6,Token 2,Token 6,-0.0153274778077581,0.00234931575947316
143,1,3,2,7,Token 2,.,-0.00271208347223621,7.35539676037681e-05
144,1,3,2,8,Token 2,[SEP],-0.00257407527622204,6.62586352765756e-05
145,1,3,3,1,Token 3,[CLS],-0.144530557250454,0.208890819791268
146,1,3,3,2,Token 3,Token 2,0.145320067349366,0.211179219744243
147,1,3,3,3,Token 3,Token 3,0.00324119343428771,0.000105053348784698
148,1,3,3,4,Token 3,Token 4,0.0462964987731946,0.0214336579865641
149,1,3,3,5,Token 3,Token 5,0.0975718670326517,0.0952026923623746
150,1,3,3,6,Token 3,Token 6,-0.564015209354492,3.18113156383192
151,1,3,3,7,Token 3,.,0.191334867690958,0.366090315943163
152,1,3,3,8,Token 3,[SEP],0.228761568870026,0.523318553918756
153,1,3,4,1,Token 4,[CLS],-0.0397603821197818,0.0158088798631106
154,1,3,4,2,Token 4,Token 2,-0.044943279634401,0.0201989838429596
155,1,3,4,3,Token 4,Token 3,0.0806706883227248,0.0650775995446221
156,1,3,4,4,Token 4,Token 4,-0.0246294558310109,0.00606610094531719
157,1,3,4,5,Token 4,Token 5,0.0535612861607273,0.0286881137519131
158,1,3,4,6,Token 4,Token 6,-0.133871422330333,0.179215577167464
159,1,3,4,7,Token 4,.,-0.0543314788410348,0.0295190959305381
160,1,3,4,8,Token 4,[SEP],-0.0584343595876469,0.0341457438041842
161,1,3,5,1,Token 5,[CLS],-0.0990678304686931,0.0981443503377371
162,1,3,5,2,Token 5,Token 2,0.0487821987773225,0.023797029175502
163,1,3,5,3,Token 5,Token 3,-0.386748054900598,1.49574057969396
164,1,3,5,4,Token 5,Token 4,0.24267335118475,0.588903553752373
165,1,3,5,5,Token 5,Token 5,0.110421971954057,0.121930118902226
166,1,3,5,6,Token 5,Token 6,-0.425849741435131,1.81348002280368
167,1,3,5,7,Token 5,.,-0.1020532267267,0.104148610853312
168,1,3,5,8,Token 5,[SEP],-0.223031832146595,0.49743198150667
169,1,3,6,1,Token 6,[CLS],-0.683229231534213,4.66802182822832
170,1,3,6,2,Token 6,Token 2,0.0490233641250555,0.0240329023013778
171,1,3,6,3,Token 6,Token 3,0.313764808587181,0.984483551077502
172,1,3,6,4,Token 6,Token 4,0.395330237197063,1.56285996442286
173,1,3,6,5,Token 6,Token 5,0.581974885266167,3.38694767080568
174,1,3,6,6,Token 6,Token 6,-0.190985587328191,0.364754945670941
175,1,3,6,7,Token 6,.,-0.261130889312579,0.681893413531785
176,1,3,6,8,Token 6,[SEP],-0.262705423938004,0.690141397664466
177,1,3,7,1,.,[CLS],0.100322081065883,0.100645199493895
178,1,3,7,2,.,Token 2,0.102514011432548,0.105091225399925
179,1,3,7,3,.,Token 3,0.177523130673692,0.315144619241888
180,1,3,7,4,.,Token 4,0.0160231023040201,0.00256739807445094
181,1,3,7,5,.,Token 5,0.164525269916056,0.27068564440951
182,1,3,7,6,.,Token 6,-0.129300384825492,0.167185895160203
183,1,3,7,7,.,.,0.100322011703764,0.100645060322902
184,1,3,7,8,.,[SEP],0.100322038850253,0.100645114790717
185,1,3,8,1,[SEP],[CLS],-0.0564996820956872,0.0319221407691372
186,1,3,8,2,[SEP],Token 2,0.00098544869127234,9.71109123130367e-06
187,1,3,8,3,[SEP],Token 3,0.0164321814825987,0.00270016588277062
188,1,3,8,4,[SEP],Token 4,0.000224631798783185,5.04594450245694e-07
189,1,3,8,5,[SEP],Token 5,0.253042968731011,0.640307440242034
190,1,3,8,6,[SEP],Token 6,0.0226193186296206,0.00511633575268301
191,1,3,8,7,[SEP],.,-0.0564990613745093,0.0319214393620057
192,1,3,8,8,[SEP],[SEP],-0.056500392342256,0.0319229433482886
193,1,4,1,1,[CLS],[CLS],0.424438287316641,1.80147859740283
194,1,4,1,2,[CLS],Token 2,0.0399127321662422,0.0159302618897419
195,1,4,1,3,[CLS],Token 3,-0.275507879541477,0.759045916894411
196,1,4,1,4,[CLS],Token 4,0.0183921474051084,0.00338271086171236
197,1,4,1,5,[CLS],Token 5,-0.30067373912045,0.904046973966722
198,1,4,1,6,[CLS],Token 6,-0.284209770103943,0.807751934225358
199,1,4,1,7,[CLS],.,0.424438313193942,1.80147881706919
200,1,4,1,8,[CLS],[SEP],0.424437997597846,1.80147613804869
201,1,4,2,1,Token 2,[CLS],0.0114607652082409,0.00131349139158425
202,1,4,2,2,Token 2,Token 2,-0.00469563039803296,0.000220489448349312
203,1,4,2,3,Token 2,Token 3,-0.148886227271118,0.221671086710269
204,1,4,2,4,Token 2,Token 4,-0.0056310537504978,0.000317087663409954
205,1,4,2,5,Token 2,Token 5,0.0133754141856564,0.00178901704637858
206,1,4,2,6,Token 2,Token 6,0.183224665619151,0.335712780912497
207,1,4,2,7,Token 2,.,-0.00585281624022069,0.00034255457941791
208,1,4,2,8,Token 2,[SEP],0.011330209235304,0.00128373641315768
209,1,4,3,1,Token 3,[CLS],-0.145272790304158,0.211041836027559
210,1,4,3,2,Token 3,Token 2,0.1650666974567,0.272470146092618
211,1,4,3,3,Token 3,Token 3,-0.0571240820644565,0.0326316075170676
212,1,4,3,4,Token 3,Token 4,0.0269847448273466,0.00728176453397011
213,1,4,3,5,Token 3,Token 5,0.00782268156885996,0.000611943469277813
214,1,4,3,6,Token 3,Token 6,0.0234402925547685,0.00549447315053138
215,1,4,3,7,Token 3,.,0.0957578639640204,0.0916956851095185
216,1,4,3,8,Token 3,[SEP],0.0962943608930389,0.0927260393979883
217,1,4,4,1,Token 4,[CLS],-0.0119594529835232,0.00143028515665103
218,1,4,4,2,Token 4,Token 2,-0.0349859497731498,0.0122401668152936
219,1,4,4,3,Token 4,Token 3,0.0206411983382303,0.0042605906883816
220,1,4,4,4,Token 4,Token 4,-0.0513742685649416,0.0263931547058275
221,1,4,4,5,Token 4,Token 5,0.212970832015707,0.453565752894623
222,1,4,4,6,Token 4,Token 6,0.218194584661724,0.476088767757021
223,1,4,4,7,Token 4,.,-0.0429367121781172,0.0184356125266648
224,1,4,4,8,Token 4,[SEP],-0.0362214667330741,0.0131199465229519
225,1,4,5,1,Token 5,[CLS],-0.12751085473635,0.162590180755945
226,1,4,5,2,Token 5,Token 2,0.116255355063065,0.135153075808394
227,1,4,5,3,Token 5,Token 3,0.0550209198953151,0.0302730162612669
228,1,4,5,4,Token 5,Token 4,0.026680510217075,0.00711849625443445
229,1,4,5,5,Token 5,Token 5,0.180563007847369,0.326029998028891
230,1,4,5,6,Token 5,Token 6,-0.101810064488964,0.10365289231247
231,1,4,5,7,Token 5,.,-0.197098548572009,0.388478378491927
232,1,4,5,8,Token 5,[SEP],-0.42623787371047,1.81678724985223
233,1,4,6,1,Token 6,[CLS],-0.621651773471706,3.86450927460517
234,1,4,6,2,Token 6,Token 2,0.175401846295664,0.307658076839275
235,1,4,6,3,Token 6,Token 3,0.277073752088287,0.767698640962813
236,1,4,6,4,Token 6,Token 4,0.216205732812745,0.467449189010959
237,1,4,6,5,Token 6,Token 5,0.427315377337823,1.82598431709366
238,1,4,6,6,Token 6,Token 6,0.267814516252966,0.717246151158103
239,1,4,6,7,Token 6,.,-0.0586691505110466,0.0344206922168784
240,1,4,6,8,Token 6,[SEP],-0.165239151938939,0.273039773334996
241,1,4,7,1,.,[CLS],0.0704142614436087,0.0495816821464887
242,1,4,7,2,.,Token 2,0.0982857041020757,0.0966007963084077
243,1,4,7,3,.,Token 3,-0.0561862475447178,0.0315689441315631
244,1,4,7,4,.,Token 4,0.05884215584322,0.0346239930427779
245,1,4,7,5,.,Token 5,-0.203368978585925,0.413589414510826
246,1,4,7,6,.,Token 6,0.172291008585645,0.296841916394588
247,1,4,7,7,.,.,0.0704143127602545,0.0495817544149895
248,1,4,7,8,.,[SEP],0.0704142781744286,0.0495817057082581
249,1,4,8,1,[SEP],[CLS],-0.0076224465856247,0.000581016919507017
250,1,4,8,2,[SEP],Token 2,0.0223713288433419,0.0050047635421694
251,1,4,8,3,[SEP],Token 3,-0.0735236500469856,0.0540572711623161
252,1,4,8,4,[SEP],Token 4,0.0143106987174036,0.00204796097780296
253,1,4,8,5,[SEP],Token 5,-0.0558637859738897,0.0312076258333656
254,1,4,8,6,[SEP],Token 6,0.0291253740780887,0.00848287415188602
255,1,4,8,7,[SEP],.,-0.00762239621681601,0.000581009240861311
256,1,4,8,8,[SEP],[SEP],-0.00762237593793516,0.00058100614939213
257,1,5,1,1,[CLS],[CLS],0.105887531394183,0.112121693047541
258,1,5,1,2,[CLS],Token 2,0.0156367664375415,0.00244508464622223
259,1,5,1,3,[CLS],Token 3,-0.0821581149360992,0.0674995584985329
260,1,5,1,4,[CLS],Token 4,0.0068280664711515,0.000466224917344633
261,1,5,1,5,[CLS],Token 5,0.101500267718255,0.103023043468774
262,1,5,1,6,[CLS],Token 6,-0.272576173261949,0.742977702301281
263,1,5,1,7,[CLS],.,0.105887156685191,0.112120899508742
264,1,5,1,8,[CLS],[SEP],0.105887039324271,0.112120650968597
265,1,5,2,1,Token 2,[CLS],-0.160294748222617,0.256944063077521
266,1,5,2,2,Token 2,Token 2,-0.0321461897879448,0.0103337751788257
267,1,5,2,3,Token 2,Token 3,0.0698333662693988,0.0487669904451601
268,1,5,2,4,Token 2,Token 4,-0.0747525158139235,0.0558793862051088
269,1,5,2,5,Token 2,Token 5,-0.116848573480346,0.136535891243918
270,1,5,2,6,Token 2,Token 6,0.235923304231059,0.556598054793008
271,1,5,2,7,Token 2,.,-0.0973905784699427,0.0948492477471007
272,1,5,2,8,Token 2,[SEP],-0.0711481764897138,0.0506206301781147
273,1,5,3,1,Token 3,[CLS],0.00716246071113851,0.000513008434386027
274,1,5,3,2,Token 3,Token 2,0.0343427613785308,0.0117942525910271
275,1,5,3,3,Token 3,Token 3,-0.0437681616327887,0.0191565197271392
276,1,5,3,4,Token 3,Token 4,0.0606968960107195,0.036841131853361
277,1,5,3,5,Token 3,Token 5,-0.134467679034986,0.180815567050561
278,1,5,3,6,Token 3,Token 6,-0.0893041206770517,0.0797522596990143
279,1,5,3,7,Token 3,.,-0.068269400121525,0.0466071099295288
280,1,5,3,8,Token 3,[SEP],0.263927445288546,0.696576963765382
281,1,5,4,1,Token 4,[CLS],0.00425641545552802,0.000181170725300578
282,1,5,4,2,Token 4,Token 2,-0.0023166948476471,5.36707501711461e-05
283,1,5,4,3,Token 4,Token 3,-0.0408870274704387,0.0167174901536841
284,1,5,4,4,Token 4,Token 4,-0.0115657284156035,0.00133766073783498
285,1,5,4,5,Token 4,Token 5,-0.16577293093953,0.274806646322821
286,1,5,4,6,Token 4,Token 6,0.192377230957277,0.370089989907895
287,1,5,4,7,Token 4,.,0.0187387227709034,0.00351139731084772
288,1,5,4,8,Token 4,[SEP],0.0143320439574529,0.00205407483998362
289,1,5,5,1,Token 5,[CLS],-0.222704043695324,0.495970910782486
290,1,5,5,2,Token 5,Token 2,0.115661410395392,0.133775618546513
291,1,5,5,3,Token 5,Token 3,-0.269460180310649,0.726087887730471
292,1,5,5,4,Token 5,Token 4,0.177259284780987,0.314208540410672
293,1,5,5,5,Token 5,Token 5,0.0328866569558117,0.0108153220572924
294,1,5,5,6,Token 5,Token 6,0.306455651138723,0.939150661148585
295,1,5,5,7,Token 5,.,0.329311329434082,1.08445951693642
296,1,5,5,8,Token 5,[SEP],0.193912570924573,0.376020851625774
297,1,5,6,1,Token 6,[CLS],-0.596985603199221,3.56391810427137
298,1,5,6,2,Token 6,Token 2,0.430590990238551,1.85408600874616
299,1,5,6,3,Token 6,Token 3,0.223643858427851,0.500165754124964
300,1,5,6,4,Token 6,Token 4,0.507274349540149,2.57327265701381
301,1,5,6,5,Token 6,Token 5,0.00857712102053354,0.000735670050008783
302,1,5,6,6,Token 6,Token 6,0.425443508744217,1.81002179132591
303,1,5,6,7,Token 6,.,0.306579319406318,0.939908790876415
304,1,5,6,8,Token 6,[SEP],0.120028611082247,0.144068674783332
305,1,5,7,1,.,[CLS],-0.184559315666577,0.340621409993152
306,1,5,7,2,.,Token 2,-0.0620318255714546,0.0384794738372737
307,1,5,7,3,.,Token 3,0.132542403392094,0.175674886969527
308,1,5,7,4,.,Token 4,-0.0288837556320791,0.00834271339413664
309,1,5,7,5,.,Token 5,-0.20790624460414,0.432250065453966
310,1,5,7,6,.,Token 6,0.166765693258509,0.27810796447991
311,1,5,7,7,.,.,-0.184559017607484,0.340620309802397
312,1,5,7,8,.,[SEP],-0.18455915827196,0.340620829020544
313,1,5,8,1,[SEP],[CLS],-0.333776061102063,1.11406458964808
314,1,5,8,2,[SEP],Token 2,-0.324557082666904,1.05337299909252
315,1,5,8,3,[SEP],Token 3,0.251020069798691,0.630110754417398
316,1,5,8,4,[SEP],Token 4,-0.0182176292211904,0.00331882014440769
317,1,5,8,5,[SEP],Token 5,0.0897291379679231,0.0805131820046658
318,1,5,8,6,[SEP],Token 6,0.19054994721678,0.363092823843177
319,1,5,8,7,[SEP],.,-0.33377772410669,1.11407569109842
320,1,5,8,8,[SEP],[SEP],-0.333777048265896,1.11407117949094
321,1,6,1,1,[CLS],[CLS],0.228016604012359,0.519915717053288
322,1,6,1,2,[CLS],Token 2,0.0135239337316727,0.00182896783578676
323,1,6,1,3,[CLS],Token 3,-0.196174095484374,0.384842757391122
324,1,6,1,4,[CLS],Token 4,0.00616554268786574,0.000380139166358947
325,1,6,1,5,[CLS],Token 5,-0.152741040880562,0.233298255692777
326,1,6,1,6,[CLS],Token 6,-0.45951238560659,2.11151632525859
327,1,6,1,7,[CLS],.,0.228016691785329,0.519916117327257
328,1,6,1,8,[CLS],[SEP],0.228016343869521,0.519914530716234
329,1,6,2,1,Token 2,[CLS],-0.00647889811811391,0.000419761208249
330,1,6,2,2,Token 2,Token 2,-0.0717716936872505,0.051511760147365
331,1,6,2,3,Token 2,Token 3,0.253296486943268,0.641591102978012
332,1,6,2,4,Token 2,Token 4,-0.0456468756069647,0.0208363725267771
333,1,6,2,5,Token 2,Token 5,0.000171097821402984,2.92744644888473e-07
334,1,6,2,6,Token 2,Token 6,-0.0577874413697715,0.0333938838006478
335,1,6,2,7,Token 2,.,0.00849817748677584,0.000722190205967436
336,1,6,2,8,Token 2,[SEP],-0.111256428034941,0.12377992779094
337,1,6,3,1,Token 3,[CLS],0.0040228581197126,0.000161833874513376
338,1,6,3,2,Token 3,Token 2,-0.0451840635115219,0.0204159959541325
339,1,6,3,3,Token 3,Token 3,0.0822348999808011,0.0676257877485235
340,1,6,3,4,Token 3,Token 4,-0.042115820022048,0.0177374229612953
341,1,6,3,5,Token 3,Token 5,0.0655562588426528,0.042976230734449
342,1,6,3,6,Token 3,Token 6,0.00819493634836982,0.00067156981753833
343,1,6,3,7,Token 3,.,0.0108173667395656,0.0011701542317826
344,1,6,3,8,Token 3,[SEP],-0.174566848433379,0.304735845719621
345,1,6,4,1,Token 4,[CLS],0.00648526104983587,0.000420586108845183
346,1,6,4,2,Token 4,Token 2,0.00393655208961003,0.000154964423542131
347,1,6,4,3,Token 4,Token 3,-0.134540423515714,0.181011255597877
348,1,6,4,4,Token 4,Token 4,-0.0197787137253634,0.00391197516629877
349,1,6,4,5,Token 4,Token 5,0.155841070904042,0.242864393805186
350,1,6,4,6,Token 4,Token 6,-0.0523159334260105,0.0273695689023476
351,1,6,4,7,Token 4,.,0.0381070430518348,0.0145214673015439
352,1,6,4,8,Token 4,[SEP],0.0464053769112277,0.0215345900627311
353,1,6,5,1,Token 5,[CLS],-0.320131042939453,1.02483884653502
354,1,6,5,2,Token 5,Token 2,-0.0453929969546652,0.0206052417252624
355,1,6,5,3,Token 5,Token 3,0.40817132272213,1.66603828692734
356,1,6,5,4,Token 5,Token 4,0.161352608292344,0.260346642027425
357,1,6,5,5,Token 5,Token 5,0.0328716486772306,0.0108054528675928
358,1,6,5,6,Token 5,Token 6,-0.197532859848505,0.390192307199289
359,1,6,5,7,Token 5,.,0.0441133575771454,0.0194598831672909
360,1,6,5,8,Token 5,[SEP],0.21695397773432,0.470690284547439
361,1,6,6,1,Token 6,[CLS],-0.395722034617753,1.56595928682014
362,1,6,6,2,Token 6,Token 2,-0.107099797273152,0.114703665759503
363,1,6,6,3,Token 6,Token 3,0.279285973839746,0.780006551836152
364,1,6,6,4,Token 6,Token 4,0.306271057786676,0.938019608377697
365,1,6,6,5,Token 6,Token 5,0.25540010160785,0.652292119013
366,1,6,6,6,Token 6,Token 6,-0.410302926448473,1.68348491452181
367,1,6,6,7,Token 6,.,0.131961525458973,0.174138442014592
368,1,6,6,8,Token 6,[SEP],0.21488604875119,0.461760139478986
369,1,6,7,1,.,[CLS],0.387384837198106,1.50067012091003
370,1,6,7,2,.,Token 2,0.0497177256848169,0.024718522472707
371,1,6,7,3,.,Token 3,-0.289984941850589,0.840912665000895
372,1,6,7,4,.,Token 4,0.106372136605088,0.113150314459315
373,1,6,7,5,.,Token 5,-0.200525880695179,0.402106288285773
374,1,6,7,6,.,Token 6,-0.506643460564956,2.56687596133234
375,1,6,7,7,.,.,0.387384682460126,1.50066892204732
376,1,6,7,8,.,[SEP],0.387384811742154,1.50066992368504
377,1,6,8,1,[SEP],[CLS],0.287682746595526,0.827613626887458
378,1,6,8,2,[SEP],Token 2,0.0427508447189015,0.0182763472417963
379,1,6,8,3,[SEP],Token 3,-0.294095326547665,0.864920610971777
380,1,6,8,4,[SEP],Token 4,0.0319344191056182,0.0101980712361327
381,1,6,8,5,[SEP],Token 5,-0.122256786316775,0.149467218005055
382,1,6,8,6,[SEP],Token 6,-0.48140261329324,2.31748476085561
383,1,6,8,7,[SEP],.,0.287682720765783,0.827613478272037
384,1,6,8,8,[SEP],[SEP],0.287682933378566,0.827614701572966
385,1,7,1,1,[CLS],[CLS],0.000496551526295505,2.46563418266396e-06
386,1,7,1,2,[CLS],Token 2,-0.000968860771574173,9.38691194695303e-06
387,1,7,1,3,[CLS],Token 3,0.0224347991492704,0.00503320212868105
388,1,7,1,4,[CLS],Token 4,7.59740782937163e-07,5.77206057257974e-12
389,1,7,1,5,[CLS],Token 5,0.0647560798045314,0.0419334987165084
390,1,7,1,6,[CLS],Token 6,-0.0130784682443394,0.00171046331618195
391,1,7,1,7,[CLS],.,0.000496545884670423,2.46557815583133e-06
392,1,7,1,8,[CLS],[SEP],0.000496548381023266,2.46560294696826e-06
393,1,7,2,1,Token 2,[CLS],-0.0331134646008269,0.0109650153787022
394,1,7,2,2,Token 2,Token 2,-0.0199016910060013,0.00396077304898353
395,1,7,2,3,Token 2,Token 3,-0.0329145462796447,0.0108336735679487
396,1,7,2,4,Token 2,Token 4,-0.015727028600933,0.00247339428614565
397,1,7,2,5,Token 2,Token 5,0.224854662538151,0.505596192651456
398,1,7,2,6,Token 2,Token 6,-0.146347918657177,0.214177132952875
399,1,7,2,7,Token 2,.,-0.0055346190016518,0.000306320074934452
400,1,7,2,8,Token 2,[SEP],0.0142736318520455,0.00203736566247729
401,1,7,3,1,Token 3,[CLS],-0.184074282177093,0.33883341359012
402,1,7,3,2,Token 3,Token 2,0.00792852393845148,0.000628614918425983
403,1,7,3,3,Token 3,Token 3,0.00126045104991637,1.58873684923529e-05
404,1,7,3,4,Token 3,Token 4,-0.0193263591414884,0.00373508157665792
405,1,7,3,5,Token 3,Token 5,0.085780301963759,0.0735826020499367
406,1,7,3,6,Token 3,Token 6,0.0188299067224633,0.0035456538717667
407,1,7,3,7,Token 3,.,-0.0160157892355114,0.00256505504836324
408,1,7,3,8,Token 3,[SEP],0.0645224620656949,0.0416314811101904
409,1,7,4,1,Token 4,[CLS],-0.0110099307420459,0.00121218574944648
410,1,7,4,2,Token 4,Token 2,-0.00215849504564611,4.65910086207879e-05
411,1,7,4,3,Token 4,Token 3,-0.0408383145905232,0.0166776793859454
412,1,7,4,4,Token 4,Token 4,-0.0173592509310145,0.00301343592885927
413,1,7,4,5,Token 4,Token 5,0.102632053473933,0.105333384002762
414,1,7,4,6,Token 4,Token 6,0.0269384998378901,0.00725682773516006
415,1,7,4,7,Token 4,.,-0.0159025476002575,0.00252891020178456
416,1,7,4,8,Token 4,[SEP],-0.0170777628365184,0.0029164998350037
417,1,7,5,1,Token 5,[CLS],0.0374686651043924,0.0140390086470511
418,1,7,5,2,Token 5,Token 2,-0.0148609028668368,0.00220846434017558
419,1,7,5,3,Token 5,Token 3,0.0592141336028807,0.0350631361833981
420,1,7,5,4,Token 5,Token 4,-0.0488352266962159,0.023848793664708
421,1,7,5,5,Token 5,Token 5,-0.0600789691850989,0.0360948253834406
422,1,7,5,6,Token 5,Token 6,0.138938855886281,0.193040056749889
423,1,7,5,7,Token 5,.,-0.0359237093638817,0.0129051289446064
424,1,7,5,8,Token 5,[SEP],-0.217826650673228,0.474484497435163
425,1,7,6,1,Token 6,[CLS],-0.265328558680268,0.703992440513483
426,1,7,6,2,Token 6,Token 2,0.0442087895778439,0.0195441707593808
427,1,7,6,3,Token 6,Token 3,0.0661730897109534,0.0437887780189389
428,1,7,6,4,Token 6,Token 4,-0.0739803188748389,0.0547308758082285
429,1,7,6,5,Token 6,Token 5,0.373241725956354,1.39309385994878
430,1,7,6,6,Token 6,Token 6,-0.12285196779368,0.150926059907794
431,1,7,6,7,Token 6,.,0.00800289585299875,0.000640463420339446
432,1,7,6,8,Token 6,[SEP],-0.108537823863336,0.117804592089885
433,1,7,7,1,.,[CLS],0.0094756179902351,0.00089787336296867
434,1,7,7,2,.,Token 2,0.00611206229940296,0.000373573055517831
435,1,7,7,3,.,Token 3,-0.0470976841990368,0.022181918569122
436,1,7,7,4,.,Token 4,0.00316286506155157,0.000100037153975836
437,1,7,7,5,.,Token 5,0.178646225725782,0.319144739660671
438,1,7,7,6,.,Token 6,-0.0801527335904564,0.0642446070202268
439,1,7,7,7,.,.,0.00947560411175991,0.000897870732828013
440,1,7,7,8,.,[SEP],0.00947569590875862,0.000897888129552648
441,1,7,8,1,[SEP],[CLS],0.0395907652498019,0.0156742869306493
442,1,7,8,2,[SEP],Token 2,0.00685657237602068,0.000470125847476099
443,1,7,8,3,[SEP],Token 3,-0.0311511882396458,0.0097039652874185
444,1,7,8,4,[SEP],Token 4,0.00743963123385639,0.000553481128957715
445,1,7,8,5,[SEP],Token 5,-0.0644847238754586,0.0415827961329414
446,1,7,8,6,[SEP],Token 6,-0.017764430942907,0.0031557500672531
447,1,7,8,7,[SEP],.,0.0395907369836065,0.015674264549051
448,1,7,8,8,[SEP],[SEP],0.0395907197462057,0.015674250900226
449,1,8,1,1,[CLS],[CLS],-0.0295403853589756,0.00872634367156781
450,1,8,1,2,[CLS],Token 2,0.00155374403659286,2.41412053124788e-05
451,1,8,1,3,[CLS],Token 3,-0.0869576734555748,0.0756163697280638
452,1,8,1,4,[CLS],Token 4,0.000139256958862354,1.93925005915913e-07
453,1,8,1,5,[CLS],Token 5,0.198625015624289,0.39451896831749
454,1,8,1,6,[CLS],Token 6,0.113392425808916,0.128578422308305
455,1,8,1,7,[CLS],.,-0.0295412090713796,0.0087268303339896
456,1,8,1,8,[CLS],[SEP],-0.029539716829494,0.0087259487036669
457,1,8,2,1,Token 2,[CLS],-0.0322371150071918,0.0103923158398691
458,1,8,2,2,Token 2,Token 2,-0.0144153338918113,0.00207801851212403
459,1,8,2,3,Token 2,Token 3,0.035421887895714,0.0125471014209653
460,1,8,2,4,Token 2,Token 4,-0.0048577578258533,0.00023597811094639
461,1,8,2,5,Token 2,Token 5,0.0416550176010531,0.0173514049134404
462,1,8,2,6,Token 2,Token 6,0.420593286471128,1.76898712624584
463,1,8,2,7,Token 2,.,-0.0591940182701825,0.035039317989707
464,1,8,2,8,Token 2,[SEP],-0.0286001288883377,0.00817967372429528
465,1,8,3,1,Token 3,[CLS],-0.0930035859610758,0.0864966700161923
466,1,8,3,2,Token 3,Token 2,-0.257615075532241,0.663655271414822
467,1,8,3,3,Token 3,Token 3,0.0296468510723732,0.00878935778507478
468,1,8,3,4,Token 3,Token 4,0.0145363591315276,0.00211305736800745
469,1,8,3,5,Token 3,Token 5,0.218315955839428,0.476618565740828
470,1,8,3,6,Token 3,Token 6,-0.225099483340225,0.506697774000362
471,1,8,3,7,Token 3,.,0.0351543004510946,0.0123582484020583
472,1,8,3,8,Token 3,[SEP],0.191432043586649,0.366462273117606
473,1,8,4,1,Token 4,[CLS],-0.0378085783990141,0.014294886005544
474,1,8,4,2,Token 4,Token 2,-0.0116700435466925,0.00136189916381698
475,1,8,4,3,Token 4,Token 3,0.0274466759361883,0.0075332001994614
476,1,8,4,4,Token 4,Token 4,-0.0267640485598016,0.0071631429531142
477,1,8,4,5,Token 4,Token 5,0.230598169963494,0.531755159905125
478,1,8,4,6,Token 4,Token 6,-0.0174654294646587,0.00305041226384967
479,1,8,4,7,Token 4,.,-0.0157406614784101,0.00247768423777905
480,1,8,4,8,Token 4,[SEP],-0.0543225636262837,0.0295094091893164
481,1,8,5,1,Token 5,[CLS],-0.11396456349773,0.12987921733228
482,1,8,5,2,Token 5,Token 2,0.15999094920708,0.255971038281826
483,1,8,5,3,Token 5,Token 3,0.0788464780774245,0.0621676710521377
484,1,8,5,4,Token 5,Token 4,-0.0280139424129528,0.00784780969516236
485,1,8,5,5,Token 5,Token 5,0.0160346994974563,0.00257111587973726
486,1,8,5,6,Token 5,Token 6,0.0604679905017001,0.036563778753137
487,1,8,5,7,Token 5,.,-0.228517219348279,0.522201195386696
488,1,8,5,8,Token 5,[SEP],0.0602672304388708,0.0363213906477196
489,1,8,6,1,Token 6,[CLS],0.00304989981340116,9.30188887178446e-05
490,1,8,6,2,Token 6,Token 2,0.180395406632358,0.32542502734054
491,1,8,6,3,Token 6,Token 3,0.10926320329946,0.119384475952592
492,1,8,6,4,Token 6,Token 4,-0.0773054771409123,0.059761367959841
493,1,8,6,5,Token 6,Token 5,-0.176215218157611,0.310518031103346
494,1,8,6,6,Token 6,Token 6,0.0261722756326739,0.00684988011792656
495,1,8,6,7,Token 6,.,0.37913111129363,1.43740399550743
496,1,8,6,8,Token 6,[SEP],-0.0439466792678337,0.0193131061866984
497,1,8,7,1,.,[CLS],-0.242553094794033,0.58832003794163
498,1,8,7,2,.,Token 2,-0.0411280974500587,0.0169152039986153
499,1,8,7,3,.,Token 3,0.0314099053423119,0.00986582153612996
500,1,8,7,4,.,Token 4,-0.0193247451417869,0.00373445774795016
501,1,8,7,5,.,Token 5,0.0589098576365237,0.0347037132675548
502,1,8,7,6,.,Token 6,0.399144361598406,1.59316221395799
503,1,8,7,7,.,.,-0.242552993700974,0.588319547533048
504,1,8,7,8,.,[SEP],-0.242553063768153,0.588319887433179
505,1,8,8,1,[SEP],[CLS],-0.119442161317076,0.142664299000944
506,1,8,8,2,[SEP],Token 2,-0.0232278638781169,0.00539533660340326
507,1,8,8,3,[SEP],Token 3,0.0301952314699142,0.00911752003521696
508,1,8,8,4,[SEP],Token 4,-0.0132340804098294,0.00175140884293831
509,1,8,8,5,[SEP],Token 5,-0.149133899871033,0.222409200907432
510,1,8,8,6,[SEP],Token 6,0.4453602769378,1.98345776274114
511,1,8,8,7,[SEP],.,-0.119442225481973,0.142664452280865
512,1,8,8,8,[SEP],[SEP],-0.11944219619875,0.142664382327808
513,1,9,1,1,[CLS],[CLS],0.0197859926419068,0.0039148550482559
514,1,9,1,2,[CLS],Token 2,0.0173263717078376,0.00300203156558154
515,1,9,1,3,[CLS],Token 3,-0.127623424859302,0.162877385728179
516,1,9,1,4,[CLS],Token 4,0.00909294004160729,0.000826815586002653
517,1,9,1,5,[CLS],Token 5,-0.293526291600223,0.86157683860579
518,1,9,1,6,[CLS],Token 6,0.167865377036231,0.281787848075159
519,1,9,1,7,[CLS],.,0.0197860255112872,0.00391486805533309
520,1,9,1,8,[CLS],[SEP],0.0197860087359084,0.00391486141697443
521,1,9,2,1,Token 2,[CLS],0.0897972449264373,0.0806354519637858
522,1,9,2,2,Token 2,Token 2,0.13160517524643,0.173199221516436
523,1,9,2,3,Token 2,Token 3,-0.10207773798793,0.104198645927325
524,1,9,2,4,Token 2,Token 4,-0.00554456772625769,0.000307422312710584
525,1,9,2,5,Token 2,Token 5,0.143905504136529,0.207087941207884
526,1,9,2,6,Token 2,Token 6,-0.213573110403534,0.4561347348744
527,1,9,2,7,Token 2,.,0.117459984529061,0.137968479655673
528,1,9,2,8,Token 2,[SEP],0.152492628957443,0.232540018863523
529,1,9,3,1,Token 3,[CLS],0.0244481143566198,0.00597710295594359
530,1,9,3,2,Token 3,Token 2,0.215765837533165,0.465548966463882
531,1,9,3,3,Token 3,Token 3,-0.0627299039401072,0.0393504084833507
532,1,9,3,4,Token 3,Token 4,0.0438982228582952,0.0192705397011655
533,1,9,3,5,Token 3,Token 5,0.750497592964059,5.63246637044847
534,1,9,3,6,Token 3,Token 6,-0.695219170086178,4.83329694455314
535,1,9,3,7,Token 3,.,0.0820040753666368,0.0672466837673705
536,1,9,3,8,Token 3,[SEP],0.210321395411318,0.442350893677638
537,1,9,4,1,Token 4,[CLS],0.085742621732819,0.073517971816173
538,1,9,4,2,Token 4,Token 2,0.0752642957145333,0.0566471420940473
539,1,9,4,3,Token 4,Token 3,0.087517197042849,0.0765925977823687
540,1,9,4,4,Token 4,Token 4,0.0702962585632814,0.0494156396799571
541,1,9,4,5,Token 4,Token 5,0.152772653423504,0.233394836340582
542,1,9,4,6,Token 4,Token 6,-0.332293856386617,1.10419206992289
543,1,9,4,7,Token 4,.,0.150566233206793,0.226701905820824
544,1,9,4,8,Token 4,[SEP],0.179375336726801,0.321755114258533
545,1,9,5,1,Token 5,[CLS],-0.188356204351714,0.354780597177847
546,1,9,5,2,Token 5,Token 2,0.174240368728921,0.303597060947903
547,1,9,5,3,Token 5,Token 3,0.155495041208578,0.241787078404575
548,1,9,5,4,Token 5,Token 4,0.249400109744178,0.62200414740408
549,1,9,5,5,Token 5,Token 5,0.288740888538586,0.83371300714052
550,1,9,5,6,Token 5,Token 6,-0.43637238762532,1.90420860681822
551,1,9,5,7,Token 5,.,0.0208292866439285,0.00433859182094939
552,1,9,5,8,Token 5,[SEP],0.0469128499611876,0.022008154914809
553,1,9,6,1,Token 6,[CLS],-0.615644367856536,3.79017987673475
554,1,9,6,2,Token 6,Token 2,0.140585483468745,0.197642781621408
555,1,9,6,3,Token 6,Token 3,-0.232736580289528,0.541663158048638
556,1,9,6,4,Token 6,Token 4,0.0196872642153226,0.00387588372283922
557,1,9,6,5,Token 6,Token 5,0.0559039980364987,0.0312525699646486
558,1,9,6,6,Token 6,Token 6,-0.0412304652594622,0.0169995126551172
559,1,9,6,7,Token 6,.,0.343797350173738,1.18196617986484
560,1,9,6,8,Token 6,[SEP],0.312572891165668,0.977018122916648
561,1,9,7,1,.,[CLS],-0.0154111409722993,0.00237503266068084
562,1,9,7,2,.,Token 2,0.00713096651934658,0.000508506835000418
563,1,9,7,3,.,Token 3,0.0621150681533423,0.0385828169169436
564,1,9,7,4,.,Token 4,-0.0090288938405116,0.000815209239832283
565,1,9,7,5,.,Token 5,0.0416741747558375,0.0173673684158008
566,1,9,7,6,.,Token 6,-0.0793852861967124,0.0630202366453394
567,1,9,7,7,.,.,-0.0154112967256425,0.00237508066765799
568,1,9,7,8,.,[SEP],-0.0154111972882474,0.00237505001857286
569,1,9,8,1,[SEP],[CLS],0.358072003757499,1.2821555987491
570,1,9,8,2,[SEP],Token 2,0.0520310979996391,0.0270723515904805
571,1,9,8,3,[SEP],Token 3,-0.136798683344749,0.18713879764857
572,1,9,8,4,[SEP],Token 4,0.0571938534184495,0.0327113686885109
573,1,9,8,5,[SEP],Token 5,-0.203426718737278,0.413824298962155
574,1,9,8,6,[SEP],Token 6,-0.246805381258686,0.609128962182451
575,1,9,8,7,[SEP],.,0.358072112091664,1.28215637457785
576,1,9,8,8,[SEP],[SEP],0.358071988457109,1.28215548917628
577,1,10,1,1,[CLS],[CLS],0.143193744967955,0.205044485979478
578,1,10,1,2,[CLS],Token 2,0.162659449584416,0.26458096539105
579,1,10,1,3,[CLS],Token 3,0.122292703843358,0.149555054133193
580,1,10,1,4,[CLS],Token 4,0.0119486601710734,0.00142770479883796
581,1,10,1,5,[CLS],Token 5,-0.109470182330039,0.11983720819372
582,1,10,1,6,[CLS],Token 6,-0.224074862063242,0.502095438086609
583,1,10,1,7,[CLS],.,0.143193696536621,0.205044347278219
584,1,10,1,8,[CLS],[SEP],0.143193600005468,0.20504407082526
585,1,10,2,1,Token 2,[CLS],-0.0339554487939417,0.01152972502798
586,1,10,2,2,Token 2,Token 2,-0.00660370561249351,0.000436089278164783
587,1,10,2,3,Token 2,Token 3,-0.050191912667651,0.0251922809723711
588,1,10,2,4,Token 2,Token 4,-0.0371676682294182,0.013814355616121
589,1,10,2,5,Token 2,Token 5,0.00169504218499421,2.87316800890993e-05
590,1,10,2,6,Token 2,Token 6,0.310038707363641,0.961240000637175
591,1,10,2,7,Token 2,.,-0.0785697503323757,0.0617320566729187
592,1,10,2,8,Token 2,[SEP],-0.104501990851742,0.109206660919776
593,1,10,3,1,Token 3,[CLS],0.0681505711315267,0.0464450034555328
594,1,10,3,2,Token 3,Token 2,0.0766736932891587,0.0587885524259998
595,1,10,3,3,Token 3,Token 3,0.0835910909121875,0.069874704798896
596,1,10,3,4,Token 3,Token 4,-0.0453671440507878,0.0205817775932493
597,1,10,3,5,Token 3,Token 5,0.0412605697402134,0.0170243461528702
598,1,10,3,6,Token 3,Token 6,-0.394078529256086,1.5529788722064
599,1,10,3,7,Token 3,.,-0.0554408907929283,0.030736923719134
600,1,10,3,8,Token 3,[SEP],0.0352460106758949,0.012422812685653
601,1,10,4,1,Token 4,[CLS],-0.0682318263309535,0.0465558212445741
602,1,10,4,2,Token 4,Token 2,-0.0717055015396959,0.0514167895105933
603,1,10,4,3,Token 4,Token 3,-0.208727164250286,0.435670290959658
604,1,10,4,4,Token 4,Token 4,-0.0330414943036382,0.0109174034581735
605,1,10,4,5,Token 4,Token 5,0.0887489294304233,0.0787637247504625
606,1,10,4,6,Token 4,Token 6,0.385316053979146,1.4846846145406
607,1,10,4,7,Token 4,.,-0.124210845786581,0.154283342110177
608,1,10,4,8,Token 4,[SEP],-0.0687551073221118,0.0472726478287511
609,1,10,5,1,Token 5,[CLS],-0.00306451876857094,9.39127528292355e-05
610,1,10,5,2,Token 5,Token 2,-0.0102467784490648,0.00104996468584219
611,1,10,5,3,Token 5,Token 3,-0.0600397510090357,0.03604771701227
612,1,10,5,4,Token 5,Token 4,0.0608897415104395,0.0370756062120814
613,1,10,5,5,Token 5,Token 5,-0.0301475620398124,0.00908875496944339
614,1,10,5,6,Token 5,Token 6,0.337440913393748,1.13866370032007
615,1,10,5,7,Token 5,.,-0.408160044211708,1.66594621690903
616,1,10,5,8,Token 5,[SEP],-0.280985632461025,0.78952925649522
617,1,10,6,1,Token 6,[CLS],-0.13841944854547,0.19159943735632
618,1,10,6,2,Token 6,Token 2,0.19835620818843,0.39345185326892
619,1,10,6,3,Token 6,Token 3,0.235823512264479,0.556127289367547
620,1,10,6,4,Token 6,Token 4,0.2360267095926,0.557086076411096
621,1,10,6,5,Token 6,Token 5,0.324046732150442,1.0500628461738
622,1,10,6,6,Token 6,Token 6,0.00897463461614652,0.000805440664933354
623,1,10,6,7,Token 6,.,-0.620543336929215,3.85074033007245
624,1,10,6,8,Token 6,[SEP],-0.545015224865168,2.97041595334829
625,1,10,7,1,.,[CLS],0.240650572816034,0.579126981966853
626,1,10,7,2,.,Token 2,0.0897373275620336,0.0805278795797571
627,1,10,7,3,.,Token 3,-0.206218769858206,0.425261810418319
628,1,10,7,4,.,Token 4,0.0113744725889143,0.00129378626675962
629,1,10,7,5,.,Token 5,-0.0433102261488896,0.0187577568906796
630,1,10,7,6,.,Token 6,-0.131281410907852,0.172348088499563
631,1,10,7,7,.,.,0.240650393491924,0.579126118878177
632,1,10,7,8,.,[SEP],0.240651424515626,0.579131081213999
633,1,10,8,1,[SEP],[CLS],-0.167940953568661,0.282041638855512
634,1,10,8,2,[SEP],Token 2,-0.139415960458263,0.194368100304999
635,1,10,8,3,[SEP],Token 3,0.0319713894893321,0.0102216974587858
636,1,10,8,4,[SEP],Token 4,-0.0399059296010245,0.0159248321732192
637,1,10,8,5,[SEP],Token 5,0.081101708390173,0.0657748710380466
638,1,10,8,6,[SEP],Token 6,0.186819006274128,0.349013411052527
639,1,10,8,7,[SEP],.,-0.167940907317775,0.282041483507176
640,1,10,8,8,[SEP],[SEP],-0.167940911901172,0.282041498901971
641,1,11,1,1,[CLS],[CLS],0.0170459409776697,0.00290564103814198
642,1,11,1,2,[CLS],Token 2,0.00134108407261719,1.79850648982752e-05
643,1,11,1,3,[CLS],Token 3,0.0778324726226299,0.0605789379455243
644,1,11,1,4,[CLS],Token 4,0.00214304599171944,4.59264612262477e-05
645,1,11,1,5,[CLS],Token 5,-0.242946357939699,0.590229328361641
646,1,11,1,6,[CLS],Token 6,0.109167386123827,0.119175181931087
647,1,11,1,7,[CLS],.,0.0170463532435528,0.00290578158903983
648,1,11,1,8,[CLS],[SEP],0.0170466095090882,0.00290586895755335
649,1,11,2,1,Token 2,[CLS],0.0880470499412618,0.0775228300335906
650,1,11,2,2,Token 2,Token 2,0.0480790559419206,0.0231159562026633
651,1,11,2,3,Token 2,Token 3,-0.0947814604030808,0.0898352523614077
652,1,11,2,4,Token 2,Token 4,0.115402826923473,0.133178124619291
653,1,11,2,5,Token 2,Token 5,0.0566023576891472,0.0320382689597016
654,1,11,2,6,Token 2,Token 6,-0.1109402235986,0.123077332121074
655,1,11,2,7,Token 2,.,0.0516202365820122,0.0266464882478292
656,1,11,2,8,Token 2,[SEP],0.185175182016063,0.34289848034682
657,1,11,3,1,Token 3,[CLS],0.020171551879787,0.0040689150523894
658,1,11,3,2,Token 3,Token 2,-0.282735941416817,0.799396125688535
659,1,11,3,3,Token 3,Token 3,0.0804371518579673,0.0647013539902169
660,1,11,3,4,Token 3,Token 4,-0.117092924945891,0.137107530723842
661,1,11,3,5,Token 3,Token 5,0.0890781360118265,0.0793491431534146
662,1,11,3,6,Token 3,Token 6,0.278531677094286,0.775798951449557
663,1,11,3,7,Token 3,.,-0.0726917220654693,0.0528408645684344
664,1,11,3,8,Token 3,[SEP],-0.0387561750360137,0.0150204110342213
665,1,11,4,1,Token 4,[CLS],0.0293563919176327,0.0086179774642165
666,1,11,4,2,Token 4,Token 2,0.0313220981934284,0.00981073835238768
667,1,11,4,3,Token 4,Token 3,0.0756590660307808,0.0572429427265004
668,1,11,4,4,Token 4,Token 4,0.118481332993117,0.140378262678259
669,1,11,4,5,Token 4,Token 5,0.250092998400896,0.625465078491505
670,1,11,4,6,Token 4,Token 6,-0.325710228000094,1.06087152623873
671,1,11,4,7,Token 4,.,0.0592374461563215,0.0350907502712308
672,1,11,4,8,Token 4,[SEP],0.107670142641106,0.115928596163561
673,1,11,5,1,Token 5,[CLS],-0.0503537291554529,0.0253549803986071
674,1,11,5,2,Token 5,Token 2,-0.233706436968982,0.546186986807369
675,1,11,5,3,Token 5,Token 3,0.0597221442334252,0.0356673451183804
676,1,11,5,4,Token 5,Token 4,0.101076279608202,0.102164142994354
677,1,11,5,5,Token 5,Token 5,0.0165890147903903,0.00275195411715788
678,1,11,5,6,Token 5,Token 6,-0.00514491169511322,0.000264701163505128
679,1,11,5,7,Token 5,.,0.095684050095361,0.0915543744265155
680,1,11,5,8,Token 5,[SEP],-0.0881641748179909,0.0777292172133725
681,1,11,6,1,Token 6,[CLS],-0.028719061071006,0.00824784468800172
682,1,11,6,2,Token 6,Token 2,-0.312663238486916,0.97758300701126
683,1,11,6,3,Token 6,Token 3,0.09771194896026,0.0954762496961247
684,1,11,6,4,Token 6,Token 4,-0.0844626282969643,0.0713393557883115
685,1,11,6,5,Token 6,Token 5,-0.121923232648594,0.148652746594832
686,1,11,6,6,Token 6,Token 6,-0.0666402122993175,0.0444091789529811
687,1,11,6,7,Token 6,.,0.237343295843123,0.56331840081676
688,1,11,6,8,Token 6,[SEP],-0.261778638285742,0.685280554627376
689,1,11,7,1,.,[CLS],0.307970208707232,0.948456494511761
690,1,11,7,2,.,Token 2,0.0119137866818614,0.00141938313100897
691,1,11,7,3,.,Token 3,-0.176478711671193,0.311447356731242
692,1,11,7,4,.,Token 4,0.00952216597800407,0.000906716449126581
693,1,11,7,5,.,Token 5,-0.0652013561215168,0.0425121684008486
694,1,11,7,6,.,Token 6,-0.274961692264324,0.756039322128606
695,1,11,7,7,.,.,0.307970763771148,0.948459913377842
696,1,11,7,8,.,[SEP],0.307970816220076,0.948460236432597
697,1,11,8,1,[SEP],[CLS],0.0218727439680117,0.00478416928690193
698,1,11,8,2,[SEP],Token 2,-0.0080873202350651,0.000654047485844933
699,1,11,8,3,[SEP],Token 3,0.0389353935059263,0.0151596486746133
700,1,11,8,4,[SEP],Token 4,0.0108524241428686,0.00117775109776717
701,1,11,8,5,[SEP],Token 5,-0.444175477932923,1.9729185519694
702,1,11,8,6,[SEP],Token 6,0.0446174491202384,0.0199071676599706
703,1,11,8,7,[SEP],.,0.0218727342611218,0.00478416504057651
704,1,11,8,8,[SEP],[SEP],0.0218730306647887,0.00478429470462786
705,1,12,1,1,[CLS],[CLS],0.00884054917544391,0.00078155309723442
706,1,12,1,2,[CLS],Token 2,0.00137626869158304,1.89411551143169e-05
707,1,12,1,3,[CLS],Token 3,-0.0149740354862026,0.00224221738742054
708,1,12,1,4,[CLS],Token 4,0.000110117701604783,1.212590820672e-07
709,1,12,1,5,[CLS],Token 5,-0.271215264355408,0.735577196193737
710,1,12,1,6,[CLS],Token 6,-0.152482029893621,0.232507694404792
711,1,12,1,7,[CLS],.,0.00884053831144302,0.000781551176360918
712,1,12,1,8,[CLS],[SEP],0.00884041923487626,0.000781530122483701
713,1,12,2,1,Token 2,[CLS],0.0590178891234279,0.0348311123658522
714,1,12,2,2,Token 2,Token 2,0.0272629549336145,0.00743268711712298
715,1,12,2,3,Token 2,Token 3,-0.251172413249746,0.63087581177701
716,1,12,2,4,Token 2,Token 4,0.0346522928762173,0.0120078140157914
717,1,12,2,5,Token 2,Token 5,0.0878163515174253,0.07711711593832
718,1,12,2,6,Token 2,Token 6,-0.176668715751576,0.312118351253112
719,1,12,2,7,Token 2,.,0.0248723641805454,0.00618634499929681
720,1,12,2,8,Token 2,[SEP],0.0499922210051357,0.0249922216102633
721,1,12,3,1,Token 3,[CLS],-0.174447291688657,0.304318575775072
722,1,12,3,2,Token 3,Token 2,0.0136626612126286,0.00186668311411065
723,1,12,3,3,Token 3,Token 3,-0.0529104942241365,0.0279952039904238
724,1,12,3,4,Token 3,Token 4,-0.0545612591489563,0.0297693099991957
725,1,12,3,5,Token 3,Token 5,0.0224693579324865,0.00504872045898194
726,1,12,3,6,Token 3,Token 6,0.366884834368681,1.34604481689735
727,1,12,3,7,Token 3,.,0.024824662528325,0.00616263869645222
728,1,12,3,8,Token 3,[SEP],-0.11848686802733,0.14039137894926
729,1,12,4,1,Token 4,[CLS],0.0609207823578612,0.037113417230939
730,1,12,4,2,Token 4,Token 2,0.109188689529538,0.119221699211779
731,1,12,4,3,Token 4,Token 3,-0.0929361870610775,0.0863713486545159
732,1,12,4,4,Token 4,Token 4,0.0495369118154143,0.0245390563220813
733,1,12,4,5,Token 4,Token 5,0.0350922810202775,0.0123146818720613
734,1,12,4,6,Token 4,Token 6,-0.174002683181284,0.302769337542864
735,1,12,4,7,Token 4,.,0.0173175088451562,0.00299896112602063
736,1,12,4,8,Token 4,[SEP],0.0872331401292414,0.0760962073680787
737,1,12,5,1,Token 5,[CLS],-0.21743480290173,0.47277893512914
738,1,12,5,2,Token 5,Token 2,0.268312666715643,0.719916871200595
739,1,12,5,3,Token 5,Token 3,0.120660582660655,0.145589762080088
740,1,12,5,4,Token 5,Token 4,-0.144400965637643,0.208516388770837
741,1,12,5,5,Token 5,Token 5,0.175989658573324,0.309723599247552
742,1,12,5,6,Token 5,Token 6,0.367306351977809,1.34913956203246
743,1,12,5,7,Token 5,.,-0.060597610626813,0.0367207041367884
744,1,12,5,8,Token 5,[SEP],-0.155536637161564,0.241916454995281
745,1,12,6,1,Token 6,[CLS],-0.273864402264189,0.750017108275216
746,1,12,6,2,Token 6,Token 2,0.141955747349193,0.201514342054681
747,1,12,6,3,Token 6,Token 3,0.0960372174931943,0.0922314714383511
748,1,12,6,4,Token 6,Token 4,-0.197862404823128,0.391495312423914
749,1,12,6,5,Token 6,Token 5,0.497448183881461,2.47454695646963
750,1,12,6,6,Token 6,Token 6,0.0758856852072018,0.0575863721936654
751,1,12,6,7,Token 6,.,0.0643661553131959,0.0414300194980245
752,1,12,6,8,Token 6,[SEP],-0.141443052386021,0.200061370682747
753,1,12,7,1,.,[CLS],0.168873020235317,0.285180969633978
754,1,12,7,2,.,Token 2,0.0433672135168367,0.0188071520821491
755,1,12,7,3,.,Token 3,-0.0211014523023603,0.00445271289268789
756,1,12,7,4,.,Token 4,0.0310114862650088,0.00961712280364832
757,1,12,7,5,.,Token 5,-0.0818466519009127,0.0669887442738918
758,1,12,7,6,.,Token 6,-0.165065038698345,0.272464670004862
759,1,12,7,7,.,.,0.168873037337781,0.285181027396875
760,1,12,7,8,.,[SEP],0.168873144269818,0.285181388555749
761,1,12,8,1,[SEP],[CLS],0.289420271784084,0.837640937195733
762,1,12,8,2,[SEP],Token 2,0.0375812604056845,0.0141235113367987
763,1,12,8,3,[SEP],Token 3,-0.096907562886257,0.0939107574455387
764,1,12,8,4,[SEP],Token 4,0.0116452003303575,0.0013561069073416
765,1,12,8,5,[SEP],Token 5,-0.162750962381319,0.264878757560456
766,1,12,8,6,[SEP],Token 6,-0.269194820152896,0.724658511971499
767,1,12,8,7,[SEP],.,0.289420050187382,0.837639654504666
768,1,12,8,8,[SEP],[SEP],0.289420656204598,0.837643162379003
769,2,1,1,1,[CLS],[CLS],0.0697073218117639,0.0485911071416881
770,2,1,1,2,[CLS],Token 2,-0.0164432544443969,0.0027038061672318
771,2,1,1,3,[CLS],Token 3,0.215648707338653,0.465043649768318
772,2,1,1,4,[CLS],Token 4,0.0273041356450186,0.00745515823321577
773,2,1,1,5,[CLS],Token 5,-0.258796769504797,0.669757679061192
774,2,1,1,6,[CLS],Token 6,-0.0664860486958156,0.0442039467118235
775,2,1,1,7,[CLS],.,0.0568024249808614,0.0322651548370638
776,2,1,1,8,[CLS],[SEP],-0.0540043787812108,0.0291647292754449
777,2,1,2,1,Token 2,[CLS],0.0416807474054118,0.0173728470427375
778,2,1,2,2,Token 2,Token 2,0.202380428861399,0.40957837986124
779,2,1,2,3,Token 2,Token 3,-0.0579496731253823,0.0335816461533866
780,2,1,2,4,Token 2,Token 4,-0.0755325982403317,0.0570517339693536
781,2,1,2,5,Token 2,Token 5,-0.0626326222805874,0.0392284537374274
782,2,1,2,6,Token 2,Token 6,0.0655438950563174,0.0429600217915355
783,2,1,2,7,Token 2,.,0.0415304822451824,0.0172478095551741
784,2,1,2,8,Token 2,[SEP],0.0125800494326872,0.00158257643728854
785,2,1,3,1,Token 3,[CLS],-0.0536686611903256,0.0288032519396196
786,2,1,3,2,Token 3,Token 2,0.124962357673979,0.156155908354394
787,2,1,3,3,Token 3,Token 3,0.0319084517843507,0.0101814929527424
788,2,1,3,4,Token 3,Token 4,0.0515822698603601,0.0266073056394701
789,2,1,3,5,Token 3,Token 5,0.118151881696591,0.139598671484453
790,2,1,3,6,Token 3,Token 6,-0.146658906077426,0.215088347318272
791,2,1,3,7,Token 3,.,-0.0407460662095715,0.0166024191155478
792,2,1,3,8,Token 3,[SEP],0.0932548110770519,0.0869645978901666
793,2,1,4,1,Token 4,[CLS],0.0653909075862467,0.0427597079495306
794,2,1,4,2,Token 4,Token 2,-0.0832824271655477,0.0693596267458476
795,2,1,4,3,Token 4,Token 3,-0.0940222637574539,0.0884018608207621
796,2,1,4,4,Token 4,Token 4,-0.0620080409518306,0.038449971426839
797,2,1,4,5,Token 4,Token 5,0.232929625068837,0.542562102347091
798,2,1,4,6,Token 4,Token 6,-0.123173920674994,0.151718147344497
799,2,1,4,7,Token 4,.,-0.016593366889644,0.00275339824734333
800,2,1,4,8,Token 4,[SEP],-0.0606552222066975,0.0367905598094386
801,2,1,5,1,Token 5,[CLS],-0.0326085313054434,0.0106331631389808
802,2,1,5,2,Token 5,Token 2,0.223562416171818,0.49980153924581
803,2,1,5,3,Token 5,Token 3,0.0956269925705064,0.0914452170807969
804,2,1,5,4,Token 5,Token 4,-0.086033554060529,0.0740177242428596
805,2,1,5,5,Token 5,Token 5,0.243645255009072,0.593630102884357
806,2,1,5,6,Token 5,Token 6,-0.0760764342930062,0.057876238547381
807,2,1,5,7,Token 5,.,-0.16827596050238,0.283167988829987
808,2,1,5,8,Token 5,[SEP],0.174869534879745,0.305793542290582
809,2,1,6,1,Token 6,[CLS],0.0850405101908422,0.0723188837351873
810,2,1,6,2,Token 6,Token 2,0.0604395350912727,0.0365293740204918
811,2,1,6,3,Token 6,Token 3,-0.00527776089648935,0.00027854760080512
812,2,1,6,4,Token 6,Token 4,-0.246623751460127,0.608232747842663
813,2,1,6,5,Token 6,Token 5,0.0429284398246936,0.0184285094578234
814,2,1,6,6,Token 6,Token 6,-0.0614029283695775,0.0377031961235946
815,2,1,6,7,Token 6,.,-0.1250537423377,0.156384384726639
816,2,1,6,8,Token 6,[SEP],0.0169555724341323,0.00287491436569105
817,2,1,7,1,.,[CLS],-0.302077901257922,0.912510584283907
818,2,1,7,2,.,Token 2,-0.036764382948054,0.0135161985355117
819,2,1,7,3,.,Token 3,0.142585489859167,0.203306219183786
820,2,1,7,4,.,Token 4,0.0237747770177887,0.00565240022245574
821,2,1,7,5,.,Token 5,0.148246582507169,0.219770492250549
822,2,1,7,6,.,Token 6,-0.0993093197714556,0.0986234099346922
823,2,1,7,7,.,.,0.237628818003816,0.564674551458906
824,2,1,7,8,.,[SEP],-0.0297939908518262,0.00887681890878705
825,2,1,8,1,[SEP],[CLS],-0.150011966761456,0.225035901716401
826,2,1,8,2,[SEP],Token 2,0.0418212209833548,0.017490145245386
827,2,1,8,3,[SEP],Token 3,0.279053141555337,0.778706558119032
828,2,1,8,4,[SEP],Token 4,0.0521130133824837,0.0271576616380293
829,2,1,8,5,[SEP],Token 5,0.0540043799299506,0.0291647305161845
830,2,1,8,6,[SEP],Token 6,-0.176394141774265,0.311148932522796
831,2,1,8,7,[SEP],.,0.1072799440299,0.115089863910586
832,2,1,8,8,[SEP],[SEP],0.0650751002907182,0.0423476867784703
833,2,2,1,1,[CLS],[CLS],-0.141281159698519,0.199603660857585
834,2,2,1,2,[CLS],Token 2,0.070274165270205,0.0493845830442408
835,2,2,1,3,[CLS],Token 3,-0.0645112575810636,0.0416170235469032
836,2,2,1,4,[CLS],Token 4,0.0175737764607231,0.00308837619091465
837,2,2,1,5,[CLS],Token 5,-0.021133131858347,0.00446609262142284
838,2,2,1,6,[CLS],Token 6,0.0722363382621386,0.0521808856552211
839,2,2,1,7,[CLS],.,0.164237467986348,0.269739458905666
840,2,2,1,8,[CLS],[SEP],0.481449969575387,2.31794073204141
841,2,2,2,1,Token 2,[CLS],-0.0558636220367621,0.0312074426706621
842,2,2,2,2,Token 2,Token 2,-0.0476852236004487,0.0227388054982479
843,2,2,2,3,Token 2,Token 3,0.0319566075633917,0.0102122476696063
844,2,2,2,4,Token 2,Token 4,0.0615380019455961,0.0378692568345619
845,2,2,2,5,Token 2,Token 5,-0.249837415510764,0.624187341890979
846,2,2,2,6,Token 2,Token 6,-0.0774882784922629,0.0600443330369449
847,2,2,2,7,Token 2,.,0.0627924511471358,0.0394289192106544
848,2,2,2,8,Token 2,[SEP],0.0310105665924068,0.00961655240382097
849,2,2,3,1,Token 3,[CLS],-0.151328887868783,0.229004323036026
850,2,2,3,2,Token 3,Token 2,0.0202089669888096,0.00408402346754796
851,2,2,3,3,Token 3,Token 3,0.293740830067489,0.862836752487377
852,2,2,3,4,Token 3,Token 4,0.125750779823254,0.158132586261565
853,2,2,3,5,Token 3,Token 5,0.162817407401347,0.265095081528961
854,2,2,3,6,Token 3,Token 6,0.0518192012335341,0.026852296164815
855,2,2,3,7,Token 3,.,0.184616629141863,0.340832997557042
856,2,2,3,8,Token 3,[SEP],0.0814604694130687,0.0663580807699749
857,2,2,4,1,Token 4,[CLS],0.0261296430184318,0.00682758244270682
858,2,2,4,2,Token 4,Token 2,-0.0514548341141654,0.0264759995371628
859,2,2,4,3,Token 4,Token 3,0.0393278036637979,0.0154667614101823
860,2,2,4,4,Token 4,Token 4,0.0152401075901968,0.00232260879360775
861,2,2,4,5,Token 4,Token 5,-0.140853120228689,0.198396014781576
862,2,2,4,6,Token 4,Token 6,0.391823276084015,1.5352547968121
863,2,2,4,7,Token 4,.,0.0664756468261775,0.0441901162095868
864,2,2,4,8,Token 4,[SEP],0.060570969579768,0.0366884235583318
865,2,2,5,1,Token 5,[CLS],-0.0909002612849117,0.0826285750166522
866,2,2,5,2,Token 5,Token 2,-0.136383700283621,0.186005137030525
867,2,2,5,3,Token 5,Token 3,0.258579573665169,0.668633959168608
868,2,2,5,4,Token 5,Token 4,-0.13830009338134,0.191269158292875
869,2,2,5,5,Token 5,Token 5,0.167716317171382,0.281287630455317
870,2,2,5,6,Token 5,Token 6,0.101913107687492,0.103862815185224
871,2,2,5,7,Token 5,.,-0.298246230627256,0.889508140833666
872,2,2,5,8,Token 5,[SEP],0.0130980952540223,0.00171560099283441
873,2,2,6,1,Token 6,[CLS],-0.800900031626179,6.41440860658814
874,2,2,6,2,Token 6,Token 2,0.330442755748662,1.0919241482677
875,2,2,6,3,Token 6,Token 3,0.437363106925263,1.91286487299319
876,2,2,6,4,Token 6,Token 4,0.35119171126399,1.2333561806053
877,2,2,6,5,Token 6,Token 5,0.321431557609324,1.03318246227156
878,2,2,6,6,Token 6,Token 6,0.802764084153998,6.44430174807607
879,2,2,6,7,Token 6,.,0.607598922697269,3.69176450862881
880,2,2,6,8,Token 6,[SEP],0.63475981647062,4.02920024605814
881,2,2,7,1,.,[CLS],-0.476933907025616,2.27465951670719
882,2,2,7,2,.,Token 2,0.0172609847996604,0.00297941596254108
883,2,2,7,3,.,Token 3,-0.0373229241171866,0.0139300066465727
884,2,2,7,4,.,Token 4,-0.0300980149914721,0.0090589050642688
885,2,2,7,5,.,Token 5,0.376571643332043,1.41806202561796
886,2,2,7,6,.,Token 6,-0.0155022109878388,0.00240318545511469
887,2,2,7,7,.,.,0.147490945026399,0.217535788647803
888,2,2,7,8,.,[SEP],0.483928178208885,2.3418648166457
889,2,2,8,1,[SEP],[CLS],-0.67712270475178,4.58495157290366
890,2,2,8,2,[SEP],Token 2,0.356354418777906,1.26988471782539
891,2,2,8,3,[SEP],Token 3,-0.0373250927973241,0.0139316255232885
892,2,2,8,4,[SEP],Token 4,0.208349602635761,0.434095569184794
893,2,2,8,5,[SEP],Token 5,-0.108974999423839,0.118755504994258
894,2,2,8,6,[SEP],Token 6,0.181143186067631,0.328128538587325
895,2,2,8,7,[SEP],.,0.616304466139771,3.79831194983828
896,2,2,8,8,[SEP],[SEP],0.658241267832145,4.33281566677269
897,2,3,1,1,[CLS],[CLS],-0.190424271831581,0.362614033025877
898,2,3,1,2,[CLS],Token 2,-0.0523594217864236,0.0274150904980861
899,2,3,1,3,[CLS],Token 3,0.0749584505821689,0.0561876931367946
900,2,3,1,4,[CLS],Token 4,-0.0215954797209149,0.00466364744376446
901,2,3,1,5,[CLS],Token 5,0.187631267111406,0.35205492397832
902,2,3,1,6,[CLS],Token 6,0.188810729741059,0.356494916653513
903,2,3,1,7,[CLS],.,0.0439643123159994,0.0193286075741874
904,2,3,1,8,[CLS],[SEP],0.274782955187645,0.755056724616554
905,2,3,2,1,Token 2,[CLS],0.00763063077370151,0.000582265260045605
906,2,3,2,2,Token 2,Token 2,-0.0524248720473142,0.0274836720917726
907,2,3,2,3,Token 2,Token 3,-0.199788278798566,0.399153563452936
908,2,3,2,4,Token 2,Token 4,-0.0565392080962846,0.0319668205215498
909,2,3,2,5,Token 2,Token 5,0.194497839427893,0.378294095421186
910,2,3,2,6,Token 2,Token 6,0.0726640566326337,0.052800651263106
911,2,3,2,7,Token 2,.,-0.0526220348352961,0.0276907855020711
912,2,3,2,8,Token 2,[SEP],0.139788804463609,0.195409098533651
913,2,3,3,1,Token 3,[CLS],-0.00571013485422321,0.000326056400534147
914,2,3,3,2,Token 3,Token 2,0.0349092853029933,0.0121865820036578
915,2,3,3,3,Token 3,Token 3,-0.153460379690263,0.235500881346798
916,2,3,3,4,Token 3,Token 4,0.105965942181449,0.112287809024022
917,2,3,3,5,Token 3,Token 5,0.0978426197273563,0.0957317823511206
918,2,3,3,6,Token 3,Token 6,-0.0305984767874512,0.00936266781712193
919,2,3,3,7,Token 3,.,-0.219676392123314,0.482577172563159
920,2,3,3,8,Token 3,[SEP],0.0644913121969908,0.0415912934888973
921,2,3,4,1,Token 4,[CLS],0.091517596073907,0.0837547039114678
922,2,3,4,2,Token 4,Token 2,-0.189950301643542,0.360811170944727
923,2,3,4,3,Token 4,Token 3,-0.21417753443532,0.458720162567927
924,2,3,4,4,Token 4,Token 4,0.0981933893910927,0.0964194172011074
925,2,3,4,5,Token 4,Token 5,0.260571749973656,0.678976368843336
926,2,3,4,6,Token 4,Token 6,-0.0102151322935997,0.00104348927775744
927,2,3,4,7,Token 4,.,-0.101589476438131,0.103204217229737
928,2,3,4,8,Token 4,[SEP],-0.0844835247495928,0.0713746595411507
929,2,3,5,1,Token 5,[CLS],0.162453053283356,0.263909945210849
930,2,3,5,2,Token 5,Token 2,-0.0249197802309747,0.00620995446760079
931,2,3,5,3,Token 5,Token 3,-0.196321405980265,0.385420944460681
932,2,3,5,4,Token 5,Token 4,0.00612083404086328,0.000374646093557907
933,2,3,5,5,Token 5,Token 5,0.187755708317804,0.352522060059202
934,2,3,5,6,Token 5,Token 6,-0.21383269048268,0.457244195190618
935,2,3,5,7,Token 5,.,0.0320679564327382,0.0102835382977199
936,2,3,5,8,Token 5,[SEP],-0.382844193866678,1.46569676777427
937,2,3,6,1,Token 6,[CLS],0.0149266754540057,0.00222805640109217
938,2,3,6,2,Token 6,Token 2,-0.024056834726049,0.00578731297036439
939,2,3,6,3,Token 6,Token 3,-0.330356309024528,1.09135290912309
940,2,3,6,4,Token 6,Token 4,0.160168885693724,0.256540719443693
941,2,3,6,5,Token 6,Token 5,0.164303978222818,0.269957972598444
942,2,3,6,6,Token 6,Token 6,0.204787838658803,0.419380588625441
943,2,3,6,7,Token 6,.,-0.176370596082912,0.311065871626419
944,2,3,6,8,Token 6,[SEP],-0.0326794220167602,0.0106794462334951
945,2,3,7,1,.,[CLS],-0.124183868741933,0.154216332557138
946,2,3,7,2,.,Token 2,-0.0321146259508367,0.0103134919996215
947,2,3,7,3,.,Token 3,-0.00609867630057193,0.000371938526191577
948,2,3,7,4,.,Token 4,0.0171307267507549,0.00293461799009029
949,2,3,7,5,.,Token 5,0.315520919333724,0.995534505371985
950,2,3,7,6,.,Token 6,0.298588520518867,0.891551045856461
951,2,3,7,7,.,.,-0.120911992686374,0.146197099753897
952,2,3,7,8,.,[SEP],0.108273181607928,0.117230818555035
953,2,3,8,1,[SEP],[CLS],0.0379094799447934,0.0143712866968469
954,2,3,8,2,[SEP],Token 2,-0.0918907095662324,0.0844390250458566
955,2,3,8,3,[SEP],Token 3,0.028727232618872,0.00825253893938782
956,2,3,8,4,[SEP],Token 4,-0.10421432824151,0.108606262108292
957,2,3,8,5,[SEP],Token 5,0.0181350158884942,0.00328878801275936
958,2,3,8,6,[SEP],Token 6,0.184723057360661,0.341226079206701
959,2,3,8,7,[SEP],.,-0.0585189078297661,0.0342446257358866
960,2,3,8,8,[SEP],[SEP],0.0166347886664975,0.00276716193979034
961,2,4,1,1,[CLS],[CLS],0.200844458438381,0.403384964854065
962,2,4,1,2,[CLS],Token 2,0.00877465421531787,0.000769945565983957
963,2,4,1,3,[CLS],Token 3,0.00417617729203172,0.000174404567744814
964,2,4,1,4,[CLS],Token 4,-0.0576258904431282,0.0332074324936341
965,2,4,1,5,[CLS],Token 5,-0.0536729581873165,0.0288078644057743
966,2,4,1,6,[CLS],Token 6,0.0125959544386714,0.00158658068221086
967,2,4,1,7,[CLS],.,-0.256968353167797,0.660327345297694
968,2,4,1,8,[CLS],[SEP],0.739256239999145,5.46499788377674
969,2,4,2,1,Token 2,[CLS],-0.223737320188234,0.500583884450125
970,2,4,2,2,Token 2,Token 2,0.0593036219650687,0.0351691957817578
971,2,4,2,3,Token 2,Token 3,0.117722819560637,0.138586622453062
972,2,4,2,4,Token 2,Token 4,0.0733642380183876,0.0538231142001862
973,2,4,2,5,Token 2,Token 5,-0.0548932047365901,0.030132639262532
974,2,4,2,6,Token 2,Token 6,-0.0415018411718158,0.0172240282065062
975,2,4,2,7,Token 2,.,-0.0332670209602687,0.0110669468357096
976,2,4,2,8,Token 2,[SEP],0.214155739594207,0.45862680801142
977,2,4,3,1,Token 3,[CLS],0.0414409878085574,0.01717355470549
978,2,4,3,2,Token 3,Token 2,-0.0174016204618031,0.00302816394696646
979,2,4,3,3,Token 3,Token 3,0.131010057072936,0.171636350542539
980,2,4,3,4,Token 3,Token 4,0.0768242654469564,0.0590196776146443
981,2,4,3,5,Token 3,Token 5,-0.025897096417037,0.00670659602833311
982,2,4,3,6,Token 3,Token 6,-0.0928554685401533,0.0862213803781139
983,2,4,3,7,Token 3,.,-0.0626016117960813,0.0391896179946727
984,2,4,3,8,Token 3,[SEP],-0.0843925403508149,0.0712210086686393
985,2,4,4,1,Token 4,[CLS],-0.0401982614885507,0.016159002267019
986,2,4,4,2,Token 4,Token 2,-0.0513279823374513,0.0263456177083371
987,2,4,4,3,Token 4,Token 3,0.15675425094241,0.245718951885161
988,2,4,4,4,Token 4,Token 4,0.0604899601069039,0.0365903527373483
989,2,4,4,5,Token 4,Token 5,-0.0411042459394015,0.016895590342468
990,2,4,4,6,Token 4,Token 6,0.219405965813076,0.481389778343688
991,2,4,4,7,Token 4,.,-0.137312991285972,0.188548575759013
992,2,4,4,8,Token 4,[SEP],0.0560749558702475,0.031444006758502
993,2,4,5,1,Token 5,[CLS],-0.120282767481693,0.14467944153055
994,2,4,5,2,Token 5,Token 2,-0.171525646101692,0.294210472706029
995,2,4,5,3,Token 5,Token 3,0.164483724668475,0.270548956808147
996,2,4,5,4,Token 5,Token 4,0.0222536900203215,0.00495226719520556
997,2,4,5,5,Token 5,Token 5,0.142861987977523,0.204095476088899
998,2,4,5,6,Token 5,Token 6,0.286488246807604,0.820755155588948
999,2,4,5,7,Token 5,.,-0.162463108847576,0.263942617364192
1000,2,4,5,8,Token 5,[SEP],0.0552716860758374,0.0305495928166592
1001,2,4,6,1,Token 6,[CLS],-0.217825320040731,0.474478700508467
1002,2,4,6,2,Token 6,Token 2,0.064033208680471,0.0410025181391676
1003,2,4,6,3,Token 6,Token 3,-0.111408050090202,0.124117536249009
1004,2,4,6,4,Token 6,Token 4,0.154036473045476,0.237272350282897
1005,2,4,6,5,Token 6,Token 5,0.195428691938452,0.381923736327745
1006,2,4,6,6,Token 6,Token 6,0.164564967387107,0.270816284911195
1007,2,4,6,7,Token 6,.,-0.506503460158894,2.56545755152932
1008,2,4,6,8,Token 6,[SEP],0.228946841466346,0.524166562174161
1009,2,4,7,1,.,[CLS],-0.113642561690934,0.129146318276777
1010,2,4,7,2,.,Token 2,0.0619556430930579,0.0383850171107437
1011,2,4,7,3,.,Token 3,0.051515377189461,0.0265383408697244
1012,2,4,7,4,.,Token 4,0.0368084110919732,0.013548591271157
1013,2,4,7,5,.,Token 5,0.104273904660714,0.108730471931917
1014,2,4,7,6,.,Token 6,0.132804754360399,0.176371027807259
1015,2,4,7,7,.,.,-0.0155606159935867,0.00242132770099867
1016,2,4,7,8,.,[SEP],0.322680310429121,1.04122582738634
1017,2,4,8,1,[SEP],[CLS],0.0264095088531914,0.00697462157866795
1018,2,4,8,2,[SEP],Token 2,0.0334940857158239,0.0112185377793896
1019,2,4,8,3,[SEP],Token 3,0.0143084594365939,0.00204732011448652
1020,2,4,8,4,[SEP],Token 4,-0.0341171294503852,0.0116397852193434
1021,2,4,8,5,[SEP],Token 5,-0.0759521197685576,0.0576872449733732
1022,2,4,8,6,[SEP],Token 6,0.216786779128629,0.469965076049649
1023,2,4,8,7,[SEP],.,-0.145376726022511,0.211343924690243
1024,2,4,8,8,[SEP],[SEP],0.397653524819902,1.58128325801693
1025,2,5,1,1,[CLS],[CLS],-0.1221760913397,0.149269972950468
1026,2,5,1,2,[CLS],Token 2,0.0326865232694755,0.0106840880344597
1027,2,5,1,3,[CLS],Token 3,0.155854977017665,0.242907738611768
1028,2,5,1,4,[CLS],Token 4,0.0222512211756431,0.00495116843807389
1029,2,5,1,5,[CLS],Token 5,-0.0722691255150466,0.0522282650270956
1030,2,5,1,6,[CLS],Token 6,0.278932717637274,0.778034609685152
1031,2,5,1,7,[CLS],.,-0.0477355230201655,0.0227868015800875
1032,2,5,1,8,[CLS],[SEP],-0.104947171362935,0.110139087770813
1033,2,5,2,1,Token 2,[CLS],-0.183929973630133,0.338302351995816
1034,2,5,2,2,Token 2,Token 2,0.1189265074602,0.141435141766811
1035,2,5,2,3,Token 2,Token 3,0.232291873452674,0.539595144721531
1036,2,5,2,4,Token 2,Token 4,0.163054370290817,0.265867276709349
1037,2,5,2,5,Token 2,Token 5,0.244949346813681,0.60000182504449
1038,2,5,2,6,Token 2,Token 6,0.215801661783057,0.465703572283287
1039,2,5,2,7,Token 2,.,0.24701938974079,0.610185789079121
1040,2,5,2,8,Token 2,[SEP],0.279175684384319,0.77939062751453
1041,2,5,3,1,Token 3,[CLS],-0.0230447235881449,0.00531059285254004
1042,2,5,3,2,Token 3,Token 2,-0.06765487114893,0.0457718159017832
1043,2,5,3,3,Token 3,Token 3,0.271099482987555,0.734949296761198
1044,2,5,3,4,Token 3,Token 4,0.290429422277608,0.84349249324505
1045,2,5,3,5,Token 3,Token 5,0.283225835404828,0.802168738407629
1046,2,5,3,6,Token 3,Token 6,0.0213674188245217,0.00456566587222523
1047,2,5,3,7,Token 3,.,0.253596350655368,0.643111090657204
1048,2,5,3,8,Token 3,[SEP],0.211998298224656,0.449432784501503
1049,2,5,4,1,Token 4,[CLS],-0.0992294850159736,0.0984649069653533
1050,2,5,4,2,Token 4,Token 2,0.0692083620914899,0.0478979738338678
1051,2,5,4,3,Token 4,Token 3,0.0205630908062649,0.00422840703506698
1052,2,5,4,4,Token 4,Token 4,0.144534358639094,0.208901808272142
1053,2,5,4,5,Token 4,Token 5,0.0890502959691897,0.079299552122003
1054,2,5,4,6,Token 4,Token 6,0.0884692733838275,0.0782681233306243
1055,2,5,4,7,Token 4,.,0.17915099586213,0.320950793183929
1056,2,5,4,8,Token 4,[SEP],0.10581726460402,0.111972934882771
1057,2,5,5,1,Token 5,[CLS],-0.369330993046951,1.36405382425047
1058,2,5,5,2,Token 5,Token 2,-0.129335634014961,0.167277062260518
1059,2,5,5,3,Token 5,Token 3,0.233280145582133,0.544196263228209
1060,2,5,5,4,Token 5,Token 4,0.227168977256299,0.516057442276727
1061,2,5,5,5,Token 5,Token 5,-0.0176642443674494,0.00312025529072968
1062,2,5,5,6,Token 5,Token 6,0.0776471989203173,0.0602908750017133
1063,2,5,5,7,Token 5,.,-0.17851754865427,0.318685151775297
1064,2,5,5,8,Token 5,[SEP],-0.151853940313449,0.230596191887204
1065,2,5,6,1,Token 6,[CLS],-0.463348330493403,2.14691675371023
1066,2,5,6,2,Token 6,Token 2,-0.235192900805703,0.553157005894011
1067,2,5,6,3,Token 6,Token 3,0.251910645841019,0.634589734880393
1068,2,5,6,4,Token 6,Token 4,0.429332928583325,1.84326763565935
1069,2,5,6,5,Token 6,Token 5,0.0836130553133035,0.0699114301882555
1070,2,5,6,6,Token 6,Token 6,0.0702924657731653,0.0494103074447161
1071,2,5,6,7,Token 6,.,0.243791284799973,0.594341905444215
1072,2,5,6,8,Token 6,[SEP],-0.0706871723997456,0.0499667634187135
1073,2,5,7,1,.,[CLS],0.114614739564737,0.131365385254924
1074,2,5,7,2,.,Token 2,0.106347038116291,0.113096925161079
1075,2,5,7,3,.,Token 3,0.146114673176256,0.213494977174042
1076,2,5,7,4,.,Token 4,-0.0281310722845907,0.00791357227880864
1077,2,5,7,5,.,Token 5,0.292234008217648,0.854007155589526
1078,2,5,7,6,.,Token 6,-0.102391739527629,0.104840683234938
1079,2,5,7,7,.,.,-0.0114851756332649,0.00131909259326942
1080,2,5,7,8,.,[SEP],0.0329150168595114,0.0108339833486192
1081,2,5,8,1,[SEP],[CLS],-0.370946382319948,1.37601218556257
1082,2,5,8,2,[SEP],Token 2,0.203855575465834,0.415570956485065
1083,2,5,8,3,[SEP],Token 3,0.124433552599381,0.15483709012503
1084,2,5,8,4,[SEP],Token 4,0.08115279779193,0.0658577658945789
1085,2,5,8,5,[SEP],Token 5,0.52704882026273,2.77780458940335
1086,2,5,8,6,[SEP],Token 6,0.599512171868819,3.59414844218868
1087,2,5,8,7,[SEP],.,0.327208779399811,1.07065585316314
1088,2,5,8,8,[SEP],[SEP],0.256660939071151,0.658748376448852
1089,2,6,1,1,[CLS],[CLS],0.0445128466044212,0.0198139351282874
1090,2,6,1,2,[CLS],Token 2,0.0654034732207964,0.0427761430934343
1091,2,6,1,3,[CLS],Token 3,-0.15819788367908,0.250265704005399
1092,2,6,1,4,[CLS],Token 4,-0.00548566620035607,0.00030092533661729
1093,2,6,1,5,[CLS],Token 5,0.147778496393346,0.218384839962783
1094,2,6,1,6,[CLS],Token 6,-0.0966968793635224,0.093502864786436
1095,2,6,1,7,[CLS],.,-0.180641334623941,0.326312917747187
1096,2,6,1,8,[CLS],[SEP],0.172671791714644,0.298155476539455
1097,2,6,2,1,Token 2,[CLS],-0.257236941383606,0.661708440123926
1098,2,6,2,2,Token 2,Token 2,0.031639112366893,0.0100103343136488
1099,2,6,2,3,Token 2,Token 3,0.105791732223831,0.111918906069187
1100,2,6,2,4,Token 2,Token 4,0.0687356716592689,0.0472459255845082
1101,2,6,2,5,Token 2,Token 5,0.246962413164672,0.609904335161184
1102,2,6,2,6,Token 2,Token 6,0.0940904720729638,0.0885301693491319
1103,2,6,2,7,Token 2,.,0.0962189303835253,0.0925808256414968
1104,2,6,2,8,Token 2,[SEP],-0.181599867313097,0.329785118081343
1105,2,6,3,1,Token 3,[CLS],-0.218210573246958,0.476158542767662
1106,2,6,3,2,Token 3,Token 2,0.495816251138668,2.45833754893202
1107,2,6,3,3,Token 3,Token 3,0.027649299307086,0.00764483752172828
1108,2,6,3,4,Token 3,Token 4,0.167141206587594,0.279361829395568
1109,2,6,3,5,Token 3,Token 5,0.490142738167046,2.40239903777889
1110,2,6,3,6,Token 3,Token 6,0.230039643268364,0.52918237475036
1111,2,6,3,7,Token 3,.,-0.0491483800943432,0.0241556326589803
1112,2,6,3,8,Token 3,[SEP],-0.133437060880491,0.178054492164237
1113,2,6,4,1,Token 4,[CLS],-0.101391269371367,0.102801895047372
1114,2,6,4,2,Token 4,Token 2,0.068594236664663,0.0470516930360781
1115,2,6,4,3,Token 4,Token 3,-0.159317196654025,0.253819691496974
1116,2,6,4,4,Token 4,Token 4,0.177679567604985,0.315700287442943
1117,2,6,4,5,Token 4,Token 5,0.127037292325074,0.161384736412862
1118,2,6,4,6,Token 4,Token 6,0.456373800686526,2.08277045953065
1119,2,6,4,7,Token 4,.,0.0958906019190101,0.0919500753639006
1120,2,6,4,8,Token 4,[SEP],-0.0989015178515362,0.0978151023333774
1121,2,6,5,1,Token 5,[CLS],-0.123458349275361,0.152419640057969
1122,2,6,5,2,Token 5,Token 2,-0.308101502853037,0.949265360602998
1123,2,6,5,3,Token 5,Token 3,-0.043592240199747,0.0190028340563244
1124,2,6,5,4,Token 5,Token 4,0.346875611116772,1.20322689587634
1125,2,6,5,5,Token 5,Token 5,0.227339607332136,0.516832970619296
1126,2,6,5,6,Token 5,Token 6,0.142900277915988,0.204204894284667
1127,2,6,5,7,Token 5,.,-0.192036441314937,0.368779947929051
1128,2,6,5,8,Token 5,[SEP],0.00168567979751376,2.84151637974605e-05
1129,2,6,6,1,Token 6,[CLS],-0.399125637275312,1.59301274330424
1130,2,6,6,2,Token 6,Token 2,0.0907313689619733,0.0823218131371373
1131,2,6,6,3,Token 6,Token 3,0.378732451610165,1.43438269902646
1132,2,6,6,4,Token 6,Token 4,0.349331011231311,1.22032155407891
1133,2,6,6,5,Token 6,Token 5,0.516307525872415,2.66573461272495
1134,2,6,6,6,Token 6,Token 6,0.318086629606897,1.01179103934675
1135,2,6,6,7,Token 6,.,-0.0275713489263572,0.00760179281618939
1136,2,6,6,8,Token 6,[SEP],-0.0974816563829726,0.0950267333116795
1137,2,6,7,1,.,[CLS],-0.172735647864949,0.298376040433238
1138,2,6,7,2,.,Token 2,0.00473887300181682,0.000224569173273483
1139,2,6,7,3,.,Token 3,0.136219474632516,0.185557452691586
1140,2,6,7,4,.,Token 4,0.040244109702128,0.0161958836571691
1141,2,6,7,5,.,Token 5,0.40219288746872,1.61759118730427
1142,2,6,7,6,.,Token 6,0.164428639165282,0.270367773777464
1143,2,6,7,7,.,.,-0.195468773708549,0.38208041495124
1144,2,6,7,8,.,[SEP],-0.744688295693671,5.54560657743145
1145,2,6,8,1,[SEP],[CLS],-0.00831239209772492,0.000690958623863197
1146,2,6,8,2,[SEP],Token 2,0.0405888396633672,0.0164745390521853
1147,2,6,8,3,[SEP],Token 3,-0.0211533370531479,0.00447463668484079
1148,2,6,8,4,[SEP],Token 4,-0.00153330729981188,2.35103127565639e-05
1149,2,6,8,5,[SEP],Token 5,0.263539113852777,0.694528645303067
1150,2,6,8,6,[SEP],Token 6,-0.0650891022353861,0.0423659122980855
1151,2,6,8,7,[SEP],.,-0.0659574981333584,0.0435039156001198
1152,2,6,8,8,[SEP],[SEP],-0.0576350501833613,0.0332179900963858
1153,2,7,1,1,[CLS],[CLS],-0.0842719550828169,0.0710176241348031
1154,2,7,1,2,[CLS],Token 2,0.0379490040889622,0.0144012691134407
1155,2,7,1,3,[CLS],Token 3,-0.340743400013387,1.16106064652683
1156,2,7,1,4,[CLS],Token 4,0.0467636513996355,0.0218683909222663
1157,2,7,1,5,[CLS],Token 5,-0.292734780759519,0.856936518663236
1158,2,7,1,6,[CLS],Token 6,0.0647538016070996,0.0419305482257161
1159,2,7,1,7,[CLS],.,0.409458244805339,1.67656054239069
1160,2,7,1,8,[CLS],[SEP],0.327188568197866,1.0705235915937
1161,2,7,2,1,Token 2,[CLS],0.0712122201771413,0.0507118030255765
1162,2,7,2,2,Token 2,Token 2,-0.13287455775218,0.176556480978375
1163,2,7,2,3,Token 2,Token 3,-0.0699176579021452,0.0488847888652141
1164,2,7,2,4,Token 2,Token 4,-0.0508353630201283,0.0258423413338822
1165,2,7,2,5,Token 2,Token 5,-0.209405197093718,0.438505365698589
1166,2,7,2,6,Token 2,Token 6,0.177306117948013,0.314374594617948
1167,2,7,2,7,Token 2,.,0.0406784138176632,0.0165473335072105
1168,2,7,2,8,Token 2,[SEP],0.142263005860617,0.202387628364981
1169,2,7,3,1,Token 3,[CLS],0.0142442797982674,0.00202899506971328
1170,2,7,3,2,Token 3,Token 2,-0.0104702994427567,0.00109627170420991
1171,2,7,3,3,Token 3,Token 3,-0.0434442577331958,0.0188740352998835
1172,2,7,3,4,Token 3,Token 4,0.101217423290672,0.10244966777603
1173,2,7,3,5,Token 3,Token 5,-0.17366374959001,0.301590979216616
1174,2,7,3,6,Token 3,Token 6,0.101459384691461,0.1029400674197
1175,2,7,3,7,Token 3,.,0.0871195753322995,0.0758982040608021
1176,2,7,3,8,Token 3,[SEP],0.162011590431423,0.26247755434119
1177,2,7,4,1,Token 4,[CLS],0.10248680747605,0.10503545706633
1178,2,7,4,2,Token 4,Token 2,-0.152224997117509,0.231724497474255
1179,2,7,4,3,Token 4,Token 3,-0.101348436984229,0.102715056791463
1180,2,7,4,4,Token 4,Token 4,-0.31950585568894,1.02083991819522
1181,2,7,4,5,Token 4,Token 5,-0.183818997446767,0.337894238223347
1182,2,7,4,6,Token 4,Token 6,-0.097458741086907,0.0949820621424478
1183,2,7,4,7,Token 4,.,-0.0752210916642647,0.0565821263116371
1184,2,7,4,8,Token 4,[SEP],0.0514053393505037,0.0264250891374045
1185,2,7,5,1,Token 5,[CLS],0.138263373487454,0.191167604481312
1186,2,7,5,2,Token 5,Token 2,-0.0719192051574298,0.0517237207047647
1187,2,7,5,3,Token 5,Token 3,-0.140931376489845,0.198616528793226
1188,2,7,5,4,Token 5,Token 4,0.0933299233705161,0.087104745963464
1189,2,7,5,5,Token 5,Token 5,-0.444138601692538,1.97259097513403
1190,2,7,5,6,Token 5,Token 6,-0.210394095551701,0.442656754430182
1191,2,7,5,7,Token 5,.,-0.12059033583734,0.145420290973625
1192,2,7,5,8,Token 5,[SEP],-0.0683416669603072,0.0467058344291354
1193,2,7,6,1,Token 6,[CLS],-0.232738750673438,0.541673260650328
1194,2,7,6,2,Token 6,Token 2,0.349989849818743,1.22492894976146
1195,2,7,6,3,Token 6,Token 3,-0.0628345998158824,0.0394818693402209
1196,2,7,6,4,Token 6,Token 4,0.0174862614475294,0.00305769339411354
1197,2,7,6,5,Token 6,Token 5,-0.542603844073268,2.94418931603087
1198,2,7,6,6,Token 6,Token 6,-0.170564602401208,0.290922835922821
1199,2,7,6,7,Token 6,.,0.250897071564515,0.629493405196495
1200,2,7,6,8,Token 6,[SEP],0.342002719635429,1.1696586023803
1201,2,7,7,1,.,[CLS],0.133297387902117,0.177681936215274
1202,2,7,7,2,.,Token 2,-0.0136951947924769,0.00187558360403886
1203,2,7,7,3,.,Token 3,0.0283648776960163,0.00804566286709961
1204,2,7,7,4,.,Token 4,0.0108413434327383,0.00117534727426579
1205,2,7,7,5,.,Token 5,-0.425866206045049,1.81362025451204
1206,2,7,7,6,.,Token 6,-0.0112080663783221,0.00125620751940875
1207,2,7,7,7,.,.,-0.241035585197325,0.580981533314168
1208,2,7,7,8,.,[SEP],-0.0285041797044974,0.00812488260626281
1209,2,7,8,1,[SEP],[CLS],-0.392797623375776,1.54289972929657
1210,2,7,8,2,[SEP],Token 2,0.132809892282082,0.176384674879783
1211,2,7,8,3,[SEP],Token 3,-0.0452430286441385,0.0204693164089434
1212,2,7,8,4,[SEP],Token 4,0.115724858052408,0.133922427712501
1213,2,7,8,5,[SEP],Token 5,-0.406121052601631,1.64934309366257
1214,2,7,8,6,[SEP],Token 6,0.531055998115159,2.82020473134088
1215,2,7,8,7,[SEP],.,0.235726153279857,0.555668193401188
1216,2,7,8,8,[SEP],[SEP],0.426175541201536,1.81625591918422
1217,2,8,1,1,[CLS],[CLS],-0.0140017612555767,0.00196049318258169
1218,2,8,1,2,[CLS],Token 2,-0.116493596264219,0.13570757970571
1219,2,8,1,3,[CLS],Token 3,0.0159842317614526,0.00255495665003831
1220,2,8,1,4,[CLS],Token 4,-0.124667820170219,0.155420653859942
1221,2,8,1,5,[CLS],Token 5,-0.0743269492245346,0.0552449538102654
1222,2,8,1,6,[CLS],Token 6,0.102370454668448,0.104797099890249
1223,2,8,1,7,[CLS],.,-0.0839618568850032,0.0704959341157776
1224,2,8,1,8,[CLS],[SEP],0.368349305182411,1.35681210628365
1225,2,8,2,1,Token 2,[CLS],0.133171554532733,0.177346629366647
1226,2,8,2,2,Token 2,Token 2,-0.156772271725605,0.245775451820071
1227,2,8,2,3,Token 2,Token 3,-0.0494829020757542,0.0244855759783868
1228,2,8,2,4,Token 2,Token 4,-0.185766202517661,0.345090819978326
1229,2,8,2,5,Token 2,Token 5,-0.0337132673634115,0.0113658439631687
1230,2,8,2,6,Token 2,Token 6,0.068975461710789,0.0475761431821651
1231,2,8,2,7,Token 2,.,0.0215049996430619,0.00462465009648092
1232,2,8,2,8,Token 2,[SEP],-0.156444058155598,0.244747433321921
1233,2,8,3,1,Token 3,[CLS],0.0883530612553851,0.0780626343319783
1234,2,8,3,2,Token 3,Token 2,-0.0768233512182592,0.0590182729240402
1235,2,8,3,3,Token 3,Token 3,0.111443959836938,0.12419756184137
1236,2,8,3,4,Token 3,Token 4,-0.123569091158549,0.152693202897498
1237,2,8,3,5,Token 3,Token 5,-0.0471550590887396,0.0222359959766252
1238,2,8,3,6,Token 3,Token 6,0.125562343896791,0.15765902204856
1239,2,8,3,7,Token 3,.,-0.265061932185658,0.702578278939944
1240,2,8,3,8,Token 3,[SEP],-0.0621075915662386,0.0385735293015871
1241,2,8,4,1,Token 4,[CLS],-0.0308273348302046,0.00950324572733546
1242,2,8,4,2,Token 4,Token 2,-0.016202997123401,0.00262537115780941
1243,2,8,4,3,Token 4,Token 3,0.0907381560121152,0.0823341295647895
1244,2,8,4,4,Token 4,Token 4,-0.0727726718783956,0.0529586177232063
1245,2,8,4,5,Token 4,Token 5,0.257773427531338,0.664471399412538
1246,2,8,4,6,Token 4,Token 6,0.136921344455622,0.18747454567535
1247,2,8,4,7,Token 4,.,0.012096449987411,0.00146324102297935
1248,2,8,4,8,Token 4,[SEP],-0.140277014449887,0.196776407829738
1249,2,8,5,1,Token 5,[CLS],0.164154647283263,0.269467482246924
1250,2,8,5,2,Token 5,Token 2,-0.0742534824924081,0.0551357966225036
1251,2,8,5,3,Token 5,Token 3,0.0726538195784618,0.0527857749933967
1252,2,8,5,4,Token 5,Token 4,-0.186967038881133,0.349566736279792
1253,2,8,5,5,Token 5,Token 5,-0.0945272028179707,0.0893539207258979
1254,2,8,5,6,Token 5,Token 6,-0.071801648299767,0.0515547669856343
1255,2,8,5,7,Token 5,.,-0.237668826950104,0.564864713038385
1256,2,8,5,8,Token 5,[SEP],-0.0755053450897694,0.0570105713712516
1257,2,8,6,1,Token 6,[CLS],0.0125978248499384,0.00158705190949725
1258,2,8,6,2,Token 6,Token 2,-0.134474633415203,0.180834270321532
1259,2,8,6,3,Token 6,Token 3,0.144986057820352,0.210209569622863
1260,2,8,6,4,Token 6,Token 4,0.129653641934342,0.168100668668385
1261,2,8,6,5,Token 6,Token 5,-0.211637943741579,0.447906192311638
1262,2,8,6,6,Token 6,Token 6,0.396532313643201,1.5723787576323
1263,2,8,6,7,Token 6,.,-0.148429777190517,0.220313987568266
1264,2,8,6,8,Token 6,[SEP],0.105067448853279,0.110391688085363
1265,2,8,7,1,.,[CLS],-0.128508281743719,0.165143784767231
1266,2,8,7,2,.,Token 2,0.0153507890403952,0.00235646724162717
1267,2,8,7,3,.,Token 3,0.133061137343384,0.177052662711148
1268,2,8,7,4,.,Token 4,-0.0437172010087252,0.0191119366403729
1269,2,8,7,5,.,Token 5,0.145250133365325,0.210976012426448
1270,2,8,7,6,.,Token 6,0.273996867463205,0.750742833796491
1271,2,8,7,7,.,.,0.0965079123761378,0.093137771512003
1272,2,8,7,8,.,[SEP],0.150753282648074,0.2272655222917
1273,2,8,8,1,[SEP],[CLS],0.0018385673033221,3.38032972884511e-05
1274,2,8,8,2,[SEP],Token 2,0.00136849098648664,1.87276758009518e-05
1275,2,8,8,3,[SEP],Token 3,0.0686741725075921,0.0471614196960252
1276,2,8,8,4,[SEP],Token 4,-0.0710124400002436,0.050427666347882
1277,2,8,8,5,[SEP],Token 5,-0.143407171282382,0.205656167752144
1278,2,8,8,6,[SEP],Token 6,0.141993891771751,0.201622653004877
1279,2,8,8,7,[SEP],.,-0.0864652777865972,0.0747624426271342
1280,2,8,8,8,[SEP],[SEP],0.158174777781545,0.250192603262411
1281,2,9,1,1,[CLS],[CLS],-0.122419822489825,0.149866129384402
1282,2,9,1,2,[CLS],Token 2,-0.00830898599695937,0.00069039248297667
1283,2,9,1,3,[CLS],Token 3,-0.0144520593696814,0.00208862020024796
1284,2,9,1,4,[CLS],Token 4,-0.0653740937233405,0.0427377213014812
1285,2,9,1,5,[CLS],Token 5,-0.164650088802214,0.27109651742577
1286,2,9,1,6,[CLS],Token 6,0.222889847765434,0.496798842368984
1287,2,9,1,7,[CLS],.,0.160817585525854,0.258622958143653
1288,2,9,1,8,[CLS],[SEP],0.330850458291833,1.09462025751916
1289,2,9,2,1,Token 2,[CLS],-0.0638154887133488,0.0407241659972354
1290,2,9,2,2,Token 2,Token 2,-0.11158033795377,0.124501718178774
1291,2,9,2,3,Token 2,Token 3,-0.0713362882269763,0.0508886601800224
1292,2,9,2,4,Token 2,Token 4,-0.0317514112548953,0.0100815211667749
1293,2,9,2,5,Token 2,Token 5,0.0716508747182476,0.0513384784789003
1294,2,9,2,6,Token 2,Token 6,0.071363804562074,0.0509279260157389
1295,2,9,2,7,Token 2,.,-0.0508746705342578,0.0258823210196928
1296,2,9,2,8,Token 2,[SEP],0.0386273868973433,0.0149207501851705
1297,2,9,3,1,Token 3,[CLS],0.065315306432422,0.0426608925436118
1298,2,9,3,2,Token 3,Token 2,-0.0112090362730785,0.0012564249417119
1299,2,9,3,3,Token 3,Token 3,0.106132262525116,0.112640571487001
1300,2,9,3,4,Token 3,Token 4,-0.0425121642237618,0.018072841069881
1301,2,9,3,5,Token 3,Token 5,0.0998343460744743,0.099668966561179
1302,2,9,3,6,Token 3,Token 6,-0.233152717300371,0.543601895845467
1303,2,9,3,7,Token 3,.,-0.307835338943445,0.947625959024258
1304,2,9,3,8,Token 3,[SEP],0.216036328809341,0.466716953654176
1305,2,9,4,1,Token 4,[CLS],0.0125219497913867,0.00156799226578011
1306,2,9,4,2,Token 4,Token 2,-0.0908825197951344,0.0825963240431301
1307,2,9,4,3,Token 4,Token 3,-0.0845381661117803,0.0714670152954295
1308,2,9,4,4,Token 4,Token 4,-0.124837578031549,0.15584420888783
1309,2,9,4,5,Token 4,Token 5,0.259111058144015,0.671385404525111
1310,2,9,4,6,Token 4,Token 6,0.337618499851269,1.13986251441821
1311,2,9,4,7,Token 4,.,-0.12049674351534,0.145194651978016
1312,2,9,4,8,Token 4,[SEP],0.0459626736332394,0.0211256736751568
1313,2,9,5,1,Token 5,[CLS],0.252573972373926,0.637936115207447
1314,2,9,5,2,Token 5,Token 2,-0.248794494487365,0.618987004872236
1315,2,9,5,3,Token 5,Token 3,-0.165246110881778,0.273062771615529
1316,2,9,5,4,Token 5,Token 4,-0.456187097591588,2.08106668009037
1317,2,9,5,5,Token 5,Token 5,-0.205687392156677,0.423073032922147
1318,2,9,5,6,Token 5,Token 6,0.0711897117106928,0.0506797505345155
1319,2,9,5,7,Token 5,.,-0.278768189459994,0.777117034548032
1320,2,9,5,8,Token 5,[SEP],0.120228197101254,0.144548193782178
1321,2,9,6,1,Token 6,[CLS],0.126018073241347,0.158805547834614
1322,2,9,6,2,Token 6,Token 2,-0.0377431282766676,0.0142454373210898
1323,2,9,6,3,Token 6,Token 3,-0.0710860548128935,0.050532271888617
1324,2,9,6,4,Token 6,Token 4,0.0976481787123895,0.0953516680584676
1325,2,9,6,5,Token 6,Token 5,-0.070285478478595,0.0494004848496504
1326,2,9,6,6,Token 6,Token 6,0.23085206462726,0.532926757426684
1327,2,9,6,7,Token 6,.,-0.507365723654106,2.57419977539055
1328,2,9,6,8,Token 6,[SEP],0.0594186849561213,0.035305801219148
1329,2,9,7,1,.,[CLS],-0.398037800631425,1.58434090731502
1330,2,9,7,2,.,Token 2,0.213620429540203,0.456336879169408
1331,2,9,7,3,.,Token 3,0.0766139602888464,0.0586969891114093
1332,2,9,7,4,.,Token 4,0.120172979611181,0.144415450286293
1333,2,9,7,5,.,Token 5,0.349300748817265,1.22011013124302
1334,2,9,7,6,.,Token 6,0.50404581624899,2.5406218487811
1335,2,9,7,7,.,.,-0.526730623666137,2.77445149907718
1336,2,9,7,8,.,[SEP],-0.483869829190598,2.34130011600938
1337,2,9,8,1,[SEP],[CLS],-0.208299171029701,0.433885446516606
1338,2,9,8,2,[SEP],Token 2,-0.0564526505854326,0.0318690175812094
1339,2,9,8,3,[SEP],Token 3,-0.0638605394258654,0.0407816849576251
1340,2,9,8,4,[SEP],Token 4,0.10925102551652,0.119357865764114
1341,2,9,8,5,[SEP],Token 5,0.209809415909472,0.440199910042738
1342,2,9,8,6,[SEP],Token 6,0.227191418432653,0.516159406094407
1343,2,9,8,7,[SEP],.,-0.134237135775344,0.180196086211681
1344,2,9,8,8,[SEP],[SEP],-0.149405848456471,0.223221075529979
1345,2,10,1,1,[CLS],[CLS],-0.100403478455657,0.100808584859955
1346,2,10,1,2,[CLS],Token 2,0.0752903306888058,0.0566863389522973
1347,2,10,1,3,[CLS],Token 3,0.0358086298843065,0.0128225797419125
1348,2,10,1,4,[CLS],Token 4,0.051578948854374,0.0266038796492213
1349,2,10,1,5,[CLS],Token 5,-0.0445101081699742,0.019811497293028
1350,2,10,1,6,[CLS],Token 6,-0.318751324495255,1.01602406867479
1351,2,10,1,7,[CLS],.,0.34183894655006,1.16853865378455
1352,2,10,1,8,[CLS],[SEP],0.343228530492283,1.17805824143892
1353,2,10,2,1,Token 2,[CLS],-0.0583122289847151,0.0340031604916585
1354,2,10,2,2,Token 2,Token 2,0.0580530061814996,0.0337015152670923
1355,2,10,2,3,Token 2,Token 3,0.123948297024195,0.15363180335198
1356,2,10,2,4,Token 2,Token 4,0.181451426069937,0.329246200228136
1357,2,10,2,5,Token 2,Token 5,-0.0891199916441468,0.079423729106528
1358,2,10,2,6,Token 2,Token 6,0.213234233848028,0.454688384847556
1359,2,10,2,7,Token 2,.,-0.0904857665926445,0.0818767395585854
1360,2,10,2,8,Token 2,[SEP],-0.0685997571731997,0.0470592668422196
1361,2,10,3,1,Token 3,[CLS],0.0721700113235564,0.0520851053444227
1362,2,10,3,2,Token 3,Token 2,0.170106575122328,0.289362468998483
1363,2,10,3,3,Token 3,Token 3,0.0264245594507089,0.00698257342164047
1364,2,10,3,4,Token 3,Token 4,-0.0512158220044643,0.0262306042359297
1365,2,10,3,5,Token 3,Token 5,0.0261438008496518,0.00683498322866256
1366,2,10,3,6,Token 3,Token 6,-0.433156076190862,1.87624186341064
1367,2,10,3,7,Token 3,.,0.131702849922629,0.173456406777425
1368,2,10,3,8,Token 3,[SEP],-0.142174996952176,0.202137297583513
1369,2,10,4,1,Token 4,[CLS],0.0434383200839056,0.0188688765171184
1370,2,10,4,2,Token 4,Token 2,-0.0150084945228827,0.00225254907843399
1371,2,10,4,3,Token 4,Token 3,-0.0776303769339399,0.0602647542290558
1372,2,10,4,4,Token 4,Token 4,-0.0233536854728926,0.00545394625166795
1373,2,10,4,5,Token 4,Token 5,0.130758502134016,0.170977858803314
1374,2,10,4,6,Token 4,Token 6,-0.0885976123458722,0.0784953691338944
1375,2,10,4,7,Token 4,.,-0.007752060978398,0.000600944494128009
1376,2,10,4,8,Token 4,[SEP],-0.0538126646824946,0.028958028802306
1377,2,10,5,1,Token 5,[CLS],0.1427117641451,0.203666476254066
1378,2,10,5,2,Token 5,Token 2,-0.0712212028616832,0.0507245973706504
1379,2,10,5,3,Token 5,Token 3,0.19905258077021,0.396219299112812
1380,2,10,5,4,Token 5,Token 4,0.136747466173015,0.186998695047398
1381,2,10,5,5,Token 5,Token 5,-0.0962306180089171,0.0926033184237812
1382,2,10,5,6,Token 5,Token 6,-0.451757495264985,2.04084834528093
1383,2,10,5,7,Token 5,.,-0.0322772790766692,0.0104182274459319
1384,2,10,5,8,Token 5,[SEP],-0.0394160704125446,0.0155362660676667
1385,2,10,6,1,Token 6,[CLS],-0.246777523557501,0.608991461331731
1386,2,10,6,2,Token 6,Token 2,0.286357379864928,0.820005490031065
1387,2,10,6,3,Token 6,Token 3,0.135685240857359,0.184104845865194
1388,2,10,6,4,Token 6,Token 4,0.246523118688472,0.607736480478905
1389,2,10,6,5,Token 6,Token 5,0.0413806889399769,0.0171236141714712
1390,2,10,6,6,Token 6,Token 6,0.387328471683954,1.50023344977027
1391,2,10,6,7,Token 6,.,0.314330820103191,0.988038644667447
1392,2,10,6,8,Token 6,[SEP],-0.153797099009686,0.236535476637951
1393,2,10,7,1,.,[CLS],-0.13121207665945,0.172166090612854
1394,2,10,7,2,.,Token 2,0.045560794301322,0.0207578597736737
1395,2,10,7,3,.,Token 3,0.0763705665253898,0.0583246343140898
1396,2,10,7,4,.,Token 4,0.0451180371432514,0.0203563727565982
1397,2,10,7,5,.,Token 5,-0.201102189128706,0.404420904723579
1398,2,10,7,6,.,Token 6,0.102888542547945,0.105860521876403
1399,2,10,7,7,.,.,0.216105951591812,0.467017823134026
1400,2,10,7,8,.,[SEP],0.0349665865307125,0.012226621736098
1401,2,10,8,1,[SEP],[CLS],-0.435104290073694,1.89315743240533
1402,2,10,8,2,[SEP],Token 2,-0.0125525920481228,0.00157567567126596
1403,2,10,8,3,[SEP],Token 3,0.0547993600498273,0.0300296986187061
1404,2,10,8,4,[SEP],Token 4,0.0230708294105749,0.00532263169691849
1405,2,10,8,5,[SEP],Token 5,0.324991096262716,1.05619212650042
1406,2,10,8,6,[SEP],Token 6,0.326216430739565,1.06417159684462
1407,2,10,8,7,[SEP],.,-0.0647049823373687,0.041867347392792
1408,2,10,8,8,[SEP],[SEP],-0.348255436887681,1.2128184932183
1409,2,11,1,1,[CLS],[CLS],0.0490831254107983,0.0240915320009215
1410,2,11,1,2,[CLS],Token 2,-0.0661774886004187,0.0437945999745855
1411,2,11,1,3,[CLS],Token 3,-0.0682733410716488,0.0466124910108569
1412,2,11,1,4,[CLS],Token 4,0.00475696057073669,0.000226286738715435
1413,2,11,1,5,[CLS],Token 5,-0.238544869073851,0.569036545614608
1414,2,11,1,6,[CLS],Token 6,0.0659266513256817,0.0434632335501801
1415,2,11,1,7,[CLS],.,-0.119265322444045,0.142242171376821
1416,2,11,1,8,[CLS],[SEP],0.261789806991298,0.685339030445409
1417,2,11,2,1,Token 2,[CLS],-0.131620874520905,0.17324054609648
1418,2,11,2,2,Token 2,Token 2,0.0139440174827351,0.00194435623558823
1419,2,11,2,3,Token 2,Token 3,0.0659839074866981,0.0435387604721313
1420,2,11,2,4,Token 2,Token 4,-0.0295388337090917,0.00872542696893371
1421,2,11,2,5,Token 2,Token 5,0.0922070851812402,0.0850214655762049
1422,2,11,2,6,Token 2,Token 6,0.241522350906403,0.583330459873555
1423,2,11,2,7,Token 2,.,0.179776291571841,0.323195150113237
1424,2,11,2,8,Token 2,[SEP],0.306705878654661,0.940684960013276
1425,2,11,3,1,Token 3,[CLS],-0.388359509993476,1.50823109002373
1426,2,11,3,2,Token 3,Token 2,0.172175666842824,0.29644460252771
1427,2,11,3,3,Token 3,Token 3,0.215236168630797,0.463266082868648
1428,2,11,3,4,Token 3,Token 4,0.173875965562116,0.302328514001582
1429,2,11,3,5,Token 3,Token 5,0.333139170070932,1.10981706635549
1430,2,11,3,6,Token 3,Token 6,0.138403107602967,0.191554201941585
1431,2,11,3,7,Token 3,.,0.134726129782744,0.181511300462368
1432,2,11,3,8,Token 3,[SEP],0.0639530872542219,0.0408999736934612
1433,2,11,4,1,Token 4,[CLS],-0.0365500869121302,0.0133590885328427
1434,2,11,4,2,Token 4,Token 2,-0.0793656089653028,0.0629889988643337
1435,2,11,4,3,Token 4,Token 3,0.0981089578665478,0.0962536761366006
1436,2,11,4,4,Token 4,Token 4,-0.0728478558423595,0.0530681010082919
1437,2,11,4,5,Token 4,Token 5,0.0607610088406739,0.0369190019533646
1438,2,11,4,6,Token 4,Token 6,-0.0100925775168517,0.00101860120933661
1439,2,11,4,7,Token 4,.,0.0918253244597382,0.0843189021213619
1440,2,11,4,8,Token 4,[SEP],0.0902164017823392,0.0813899915055245
1441,2,11,5,1,Token 5,[CLS],-0.300704743507908,0.904233427681569
1442,2,11,5,2,Token 5,Token 2,-0.259798121351183,0.674950638576038
1443,2,11,5,3,Token 5,Token 3,0.36562751767567,1.33683481681672
1444,2,11,5,4,Token 5,Token 4,0.251701840664379,0.633538165938365
1445,2,11,5,5,Token 5,Token 5,-0.161285911432484,0.260131452266069
1446,2,11,5,6,Token 5,Token 6,0.15244592217669,0.232397591883013
1447,2,11,5,7,Token 5,.,0.0565837128366659,0.0320171655838227
1448,2,11,5,8,Token 5,[SEP],-0.199577451587286,0.398311591820756
1449,2,11,6,1,Token 6,[CLS],-0.34011082068723,1.15675370348541
1450,2,11,6,2,Token 6,Token 2,-0.290941152442264,0.846467541844329
1451,2,11,6,3,Token 6,Token 3,0.265188285136849,0.703248265738226
1452,2,11,6,4,Token 6,Token 4,0.545907024555188,2.98014479458699
1453,2,11,6,5,Token 6,Token 5,-0.0310626478376074,0.00964888090683217
1454,2,11,6,6,Token 6,Token 6,-0.290418532106106,0.843429237906652
1455,2,11,6,7,Token 6,.,-0.0340393240469867,0.0115867558157577
1456,2,11,6,8,Token 6,[SEP],-0.312048541489931,0.973742922459935
1457,2,11,7,1,.,[CLS],0.116181862609845,0.134982251994929
1458,2,11,7,2,.,Token 2,-0.0869263107071682,0.0755618349315914
1459,2,11,7,3,.,Token 3,-0.0754894231719949,0.0569865301084052
1460,2,11,7,4,.,Token 4,-0.11977812726352,0.143467997707561
1461,2,11,7,5,.,Token 5,0.0438628132567527,0.0192394638679676
1462,2,11,7,6,.,Token 6,0.238524273537414,0.56893829066551
1463,2,11,7,7,.,.,0.168838201406456,0.285063382541672
1464,2,11,7,8,.,[SEP],0.252683248682371,0.638488241646771
1465,2,11,8,1,[SEP],[CLS],-0.0244675885019876,0.00598662887102595
1466,2,11,8,2,[SEP],Token 2,-0.0760360898842831,0.0578148696489078
1467,2,11,8,3,[SEP],Token 3,-0.025913166637015,0.00671492205157709
1468,2,11,8,4,[SEP],Token 4,-0.0834667368177688,0.0696669615500669
1469,2,11,8,5,[SEP],Token 5,-0.0588561693182629,0.0346404866682003
1470,2,11,8,6,[SEP],Token 6,0.0789404215517,0.062315901547601
1471,2,11,8,7,[SEP],.,-0.0136179066507392,0.00185447381548246
1472,2,11,8,8,[SEP],[SEP],0.191906773584435,0.368282097475876
1473,2,12,1,1,[CLS],[CLS],-0.23958962178816,0.574031868685934
1474,2,12,1,2,[CLS],Token 2,0.0105200032539723,0.00110670468463587
1475,2,12,1,3,[CLS],Token 3,0.14990210736394,0.224706417921501
1476,2,12,1,4,[CLS],Token 4,0.0584509613923242,0.0341651488768698
1477,2,12,1,5,[CLS],Token 5,0.177154178118205,0.313836028247369
1478,2,12,1,6,[CLS],Token 6,0.405228317350535,1.64209989182746
1479,2,12,1,7,[CLS],.,-0.148753083294053,0.221274797894874
1480,2,12,1,8,[CLS],[SEP],-0.246674115691316,0.608481193520929
1481,2,12,2,1,Token 2,[CLS],-0.0461032966584841,0.021255139627802
1482,2,12,2,2,Token 2,Token 2,-0.00432728517059208,0.000187253969476262
1483,2,12,2,3,Token 2,Token 3,0.00224437454311375,5.03721708977704e-05
1484,2,12,2,4,Token 2,Token 4,-0.0176846161443164,0.00312745648171818
1485,2,12,2,5,Token 2,Token 5,0.0251612987648831,0.00633090955535706
1486,2,12,2,6,Token 2,Token 6,0.034007493826314,0.0115650963634679
1487,2,12,2,7,Token 2,.,0.0140259231822274,0.00196726521113745
1488,2,12,2,8,Token 2,[SEP],0.07932101509185,0.0629182343520151
1489,2,12,3,1,Token 3,[CLS],0.0745928421655455,0.0556409210233399
1490,2,12,3,2,Token 3,Token 2,-0.0437123090398445,0.0191076596159487
1491,2,12,3,3,Token 3,Token 3,-0.112189164634692,0.125864086614301
1492,2,12,3,4,Token 3,Token 4,-0.11149125976791,0.124303010046355
1493,2,12,3,5,Token 3,Token 5,-0.0616232170381697,0.0379742087813336
1494,2,12,3,6,Token 3,Token 6,0.161083542797422,0.259479077601687
1495,2,12,3,7,Token 3,.,0.0304552487110555,0.0092752217405225
1496,2,12,3,8,Token 3,[SEP],0.104168033279784,0.108509791573782
1497,2,12,4,1,Token 4,[CLS],-0.0458073170570682,0.0209831029596677
1498,2,12,4,2,Token 4,Token 2,-0.0459287501697216,0.021094500921527
1499,2,12,4,3,Token 4,Token 3,0.030703793177293,0.00942722915473984
1500,2,12,4,4,Token 4,Token 4,-0.0712696320108966,0.0507936044696861
1501,2,12,4,5,Token 4,Token 5,0.216517576609084,0.468798609806704
1502,2,12,4,6,Token 4,Token 6,0.071233343405843,0.0507418921277475
1503,2,12,4,7,Token 4,.,0.013398304044495,0.00179514551268731
1504,2,12,4,8,Token 4,[SEP],0.0922571744127391,0.0851138623062255
1505,2,12,5,1,Token 5,[CLS],-0.346380867278922,1.19979705216899
1506,2,12,5,2,Token 5,Token 2,0.261744052576672,0.685099490592598
1507,2,12,5,3,Token 5,Token 3,0.168785151348428,0.284884273157116
1508,2,12,5,4,Token 5,Token 4,0.199926047092223,0.399704243059216
1509,2,12,5,5,Token 5,Token 5,0.0412925344950567,0.0170507340502545
1510,2,12,5,6,Token 5,Token 6,0.448517866995279,2.01168277013995
1511,2,12,5,7,Token 5,.,0.304648375255336,0.928106325457162
1512,2,12,5,8,Token 5,[SEP],0.00954564369425559,0.000911193135376814
1513,2,12,6,1,Token 6,[CLS],-0.368150739516928,1.3553496700686
1514,2,12,6,2,Token 6,Token 2,-0.203030077260822,0.412212122725353
1515,2,12,6,3,Token 6,Token 3,-0.013805071800373,0.00190580007413454
1516,2,12,6,4,Token 6,Token 4,0.0321594605339133,0.0103423090183233
1517,2,12,6,5,Token 6,Token 5,0.109013287555229,0.118838968635991
1518,2,12,6,6,Token 6,Token 6,0.222216623726938,0.493802278605994
1519,2,12,6,7,Token 6,.,0.0127040761521597,0.00161393550879872
1520,2,12,6,8,Token 6,[SEP],0.10165640190039,0.103340240473336
1521,2,12,7,1,.,[CLS],-0.0846897478101845,0.0717235338415265
1522,2,12,7,2,.,Token 2,-0.0672541848748021,0.0452312538317406
1523,2,12,7,3,.,Token 3,0.0650869947232965,0.0423631688211043
1524,2,12,7,4,.,Token 4,0.00427363823807454,0.000182639837899328
1525,2,12,7,5,.,Token 5,-0.111770569659383,0.124926602419831
1526,2,12,7,6,.,Token 6,0.32492495300521,1.05576225085438
1527,2,12,7,7,.,.,0.0923934015793006,0.085365406553939
1528,2,12,7,8,.,[SEP],0.175526975978201,0.308097192960518
1529,2,12,8,1,[SEP],[CLS],-0.0543568741804742,0.0295466977067191
1530,2,12,8,2,[SEP],Token 2,0.00979979116287072,0.000960359068358792
1531,2,12,8,3,[SEP],Token 3,-0.00958635935751056,0.000918982857313301
1532,2,12,8,4,[SEP],Token 4,0.0466356691266942,0.021748856348945
1533,2,12,8,5,[SEP],Token 5,-0.0161839043038329,0.0026191875851562
1534,2,12,8,6,[SEP],Token 6,0.0071077561968024,0.000505201981531829
1535,2,12,8,7,[SEP],.,0.12450989010433,0.155027127337923
1536,2,12,8,8,[SEP],[SEP],0.0840548927628115,0.0706522499736773
1537,3,1,1,1,[CLS],[CLS],-0.282245113052326,0.796623038419204
1538,3,1,1,2,[CLS],Token 2,0.197573648234861,0.390353464768326
1539,3,1,1,3,[CLS],Token 3,0.109235168664466,0.119323220731543
1540,3,1,1,4,[CLS],Token 4,0.0858260583586763,0.073661122933869
1541,3,1,1,5,[CLS],Token 5,0.185150831593388,0.342808304397231
1542,3,1,1,6,[CLS],Token 6,0.467528579539101,2.1858297268585
1543,3,1,1,7,[CLS],.,-0.21721828142134,0.471837817836405
1544,3,1,1,8,[CLS],[SEP],0.241118852676416,0.581383011159915
1545,3,1,2,1,Token 2,[CLS],0.00185842460775301,3.45374202270192e-05
1546,3,1,2,2,Token 2,Token 2,0.0346831909525425,0.0120292373465053
1547,3,1,2,3,Token 2,Token 3,-0.0591450795303426,0.0349814043265055
1548,3,1,2,4,Token 2,Token 4,0.0937067855659144,0.0878096166109626
1549,3,1,2,5,Token 2,Token 5,0.223176546214212,0.498077707801045
1550,3,1,2,6,Token 2,Token 6,0.0475354140511078,0.0225961558901026
1551,3,1,2,7,Token 2,.,-0.0859240288281517,0.0738293873006104
1552,3,1,2,8,Token 2,[SEP],0.0862809672904166,0.0744440531656993
1553,3,1,3,1,Token 3,[CLS],0.0212799829681624,0.00452837675125282
1554,3,1,3,2,Token 3,Token 2,0.0363832875753837,0.0132374361479307
1555,3,1,3,3,Token 3,Token 3,0.0664264891251042,0.0441247845748758
1556,3,1,3,4,Token 3,Token 4,-0.0416281085000333,0.0173289941729055
1557,3,1,3,5,Token 3,Token 5,0.0541762439932596,0.0293506541321719
1558,3,1,3,6,Token 3,Token 6,0.13443184364358,0.180719205854118
1559,3,1,3,7,Token 3,.,0.0647482944491437,0.0419234163407301
1560,3,1,3,8,Token 3,[SEP],0.0254079411099623,0.0064556347144731
1561,3,1,4,1,Token 4,[CLS],-0.223796418133274,0.500848367692832
1562,3,1,4,2,Token 4,Token 2,-0.105270566224591,0.11081892113246
1563,3,1,4,3,Token 4,Token 3,0.0189946961701716,0.0036079848259713
1564,3,1,4,4,Token 4,Token 4,-0.0944038788480526,0.089120923415578
1565,3,1,4,5,Token 4,Token 5,-0.253047494767933,0.640330346083271
1566,3,1,4,6,Token 4,Token 6,0.507466006676842,2.57521747932541
1567,3,1,4,7,Token 4,.,-0.20257109258431,0.410350475508011
1568,3,1,4,8,Token 4,[SEP],-0.147143630308448,0.216512479403491
1569,3,1,5,1,Token 5,[CLS],0.0626241841261322,0.0392178843746371
1570,3,1,5,2,Token 5,Token 2,-0.155849562637752,0.242890861743785
1571,3,1,5,3,Token 5,Token 3,0.0263368518681907,0.00693629766327018
1572,3,1,5,4,Token 5,Token 4,0.136097907470666,0.185226404178939
1573,3,1,5,5,Token 5,Token 5,0.240855338010629,0.580112938482142
1574,3,1,5,6,Token 5,Token 6,-0.00045308281462696,2.05284036910288e-06
1575,3,1,5,7,Token 5,.,-0.120301699522978,0.144724989081169
1576,3,1,5,8,Token 5,[SEP],0.0674310097347874,0.0454694107385299
1577,3,1,6,1,Token 6,[CLS],0.000686608835846889,4.7143169346302e-06
1578,3,1,6,2,Token 6,Token 2,0.30729941286594,0.944329291477516
1579,3,1,6,3,Token 6,Token 3,0.368854306506627,1.36053499428485
1580,3,1,6,4,Token 6,Token 4,-0.0503153493321173,0.02531634378413
1581,3,1,6,5,Token 6,Token 5,0.458712238110943,2.1041691739275
1582,3,1,6,6,Token 6,Token 6,0.629626285899239,3.96429259895269
1583,3,1,6,7,Token 6,.,-0.368802920505116,1.36015594173103
1584,3,1,6,8,Token 6,[SEP],0.377231964814929,1.42303955278132
1585,3,1,7,1,.,[CLS],-0.239036774815029,0.571385797139709
1586,3,1,7,2,.,Token 2,-0.101840260380673,0.103714386344032
1587,3,1,7,3,.,Token 3,0.098557731419602,0.097136264225784
1588,3,1,7,4,.,Token 4,-0.0133411213312996,0.00177985518376457
1589,3,1,7,5,.,Token 5,0.284761464985665,0.810890919407822
1590,3,1,7,6,.,Token 6,0.407826266047539,1.66322263278278
1591,3,1,7,7,.,.,-0.163752208545892,0.268147858036575
1592,3,1,7,8,.,[SEP],0.209230239352719,0.437772930595961
1593,3,1,8,1,[SEP],[CLS],-0.207706262279906,0.431418913902892
1594,3,1,8,2,[SEP],Token 2,0.218688625648584,0.478247149880664
1595,3,1,8,3,[SEP],Token 3,0.115805598445667,0.13410936631359
1596,3,1,8,4,[SEP],Token 4,0.00720908182152327,0.000519708607094173
1597,3,1,8,5,[SEP],Token 5,-0.118335086628699,0.140031927274216
1598,3,1,8,6,[SEP],Token 6,0.273885942456762,0.750135094754286
1599,3,1,8,7,[SEP],.,-0.200808216642042,0.403239398709575
1600,3,1,8,8,[SEP],[SEP],0.410799154598278,1.6875594541866
1601,3,2,1,1,[CLS],[CLS],-0.161310546908437,0.26021092543899
1602,3,2,1,2,[CLS],Token 2,0.0907001487309264,0.0822651697981217
1603,3,2,1,3,[CLS],Token 3,-0.229470151708245,0.526565505250049
1604,3,2,1,4,[CLS],Token 4,-0.181157013285832,0.32817863462643
1605,3,2,1,5,[CLS],Token 5,-0.149017870464479,0.222063257177683
1606,3,2,1,6,[CLS],Token 6,0.408130363097848,1.66570393282382
1607,3,2,1,7,[CLS],.,0.077006530371049,0.0593000571978729
1608,3,2,1,8,[CLS],[SEP],0.629217182017334,3.95914262145835
1609,3,2,2,1,Token 2,[CLS],-0.169825359060483,0.288406525800221
1610,3,2,2,2,Token 2,Token 2,-0.0280021643807823,0.00784121210008354
1611,3,2,2,3,Token 2,Token 3,0.207347772458017,0.429930987433016
1612,3,2,2,4,Token 2,Token 4,-0.191265193936733,0.36582374411656
1613,3,2,2,5,Token 2,Token 5,-0.433809137874377,1.8819036810331
1614,3,2,2,6,Token 2,Token 6,0.150043526705088,0.225130599061004
1615,3,2,2,7,Token 2,.,-0.349237503917916,1.21966834142816
1616,3,2,2,8,Token 2,[SEP],-0.100365826794045,0.100732991880523
1617,3,2,3,1,Token 3,[CLS],-0.0346676029069341,0.0120184269131286
1618,3,2,3,2,Token 3,Token 2,-0.00475706257222872,0.000226296443160993
1619,3,2,3,3,Token 3,Token 3,0.021117026999231,0.00445928829286252
1620,3,2,3,4,Token 3,Token 4,-0.0301668297255063,0.00910037615687689
1621,3,2,3,5,Token 3,Token 5,-0.0312557372419808,0.00976921110539745
1622,3,2,3,6,Token 3,Token 6,0.112817798967596,0.12727855763893
1623,3,2,3,7,Token 3,.,-0.011428112199967,0.00130601748455034
1624,3,2,3,8,Token 3,[SEP],0.0645998856233558,0.0417314522255065
1625,3,2,4,1,Token 4,[CLS],0.0269473327996583,0.00726158745015541
1626,3,2,4,2,Token 4,Token 2,-0.124242857085684,0.154362875368137
1627,3,2,4,3,Token 4,Token 3,-0.000754037326320579,5.68572289484687e-06
1628,3,2,4,4,Token 4,Token 4,-0.191429430372019,0.366452268125556
1629,3,2,4,5,Token 4,Token 5,-0.0310784079482281,0.00965867440596485
1630,3,2,4,6,Token 4,Token 6,0.301523387691517,0.909163533249691
1631,3,2,4,7,Token 4,.,-0.324824387625298,1.0551088279615
1632,3,2,4,8,Token 4,[SEP],-0.204765792734746,0.419290298742891
1633,3,2,5,1,Token 5,[CLS],0.138894912080674,0.192917966018983
1634,3,2,5,2,Token 5,Token 2,-0.12233950398032,0.149669542341506
1635,3,2,5,3,Token 5,Token 3,0.106656323619569,0.113755713680421
1636,3,2,5,4,Token 5,Token 4,-0.128711546260642,0.165666621408054
1637,3,2,5,5,Token 5,Token 5,0.17956857556907,0.322448733319049
1638,3,2,5,6,Token 5,Token 6,0.185774435127039,0.345121407467705
1639,3,2,5,7,Token 5,.,-0.120124897153692,0.14429990916185
1640,3,2,5,8,Token 5,[SEP],-0.0820169103072992,0.0672677357635555
1641,3,2,6,1,Token 6,[CLS],-0.395049854314444,1.56064387393863
1642,3,2,6,2,Token 6,Token 2,0.0775973645696488,0.0602135098815498
1643,3,2,6,3,Token 6,Token 3,0.318273573557556,1.01298067625097
1644,3,2,6,4,Token 6,Token 4,-0.0279691409379905,0.00782272844809174
1645,3,2,6,5,Token 6,Token 5,0.437793979355199,1.9166356835966
1646,3,2,6,6,Token 6,Token 6,0.101747078362444,0.103524679552934
1647,3,2,6,7,Token 6,.,-0.142740413353661,0.20374825604374
1648,3,2,6,8,Token 6,[SEP],-0.0854037044635725,0.0729379273610122
1649,3,2,7,1,.,[CLS],0.313615034711811,0.983543899972901
1650,3,2,7,2,.,Token 2,-0.0371153415964097,0.0137754858181818
1651,3,2,7,3,.,Token 3,-0.190820290503931,0.364123832680044
1652,3,2,7,4,.,Token 4,-0.189851639266345,0.360436449321182
1653,3,2,7,5,.,Token 5,-0.152012520870833,0.231078065015055
1654,3,2,7,6,.,Token 6,-0.162718518634895,0.264773163067345
1655,3,2,7,7,.,.,0.0704634745319321,0.0496510124311225
1656,3,2,7,8,.,[SEP],0.31433471476619,0.988063129071421
1657,3,2,8,1,[SEP],[CLS],-0.152579331838129,0.232804525041699
1658,3,2,8,2,[SEP],Token 2,0.118849648295706,0.141252389000129
1659,3,2,8,3,[SEP],Token 3,-0.432316244742036,1.86897335467856
1660,3,2,8,4,[SEP],Token 4,-0.186648804094403,0.34837776069871
1661,3,2,8,5,[SEP],Token 5,0.0817934632714247,0.066901706339339
1662,3,2,8,6,[SEP],Token 6,0.482279337857735,2.32593359724495
1663,3,2,8,7,[SEP],.,0.0976315192958375,0.0953191356001348
1664,3,2,8,8,[SEP],[SEP],0.309159433860826,0.955795555451466
1665,3,3,1,1,[CLS],[CLS],0.135997408775981,0.184952951937813
1666,3,3,1,2,[CLS],Token 2,0.170930514281142,0.292172407124156
1667,3,3,1,3,[CLS],Token 3,-0.128998738378346,0.166406745032048
1668,3,3,1,4,[CLS],Token 4,-0.0016058338111612,2.57870222906851e-05
1669,3,3,1,5,[CLS],Token 5,-0.31955004132631,1.02112228911647
1670,3,3,1,6,[CLS],Token 6,-0.490365464472002,2.40458288746842
1671,3,3,1,7,[CLS],.,0.325728335871774,1.06098948789795
1672,3,3,1,8,[CLS],[SEP],0.662112181248053,4.38392540557054
1673,3,3,2,1,Token 2,[CLS],-0.190996564311728,0.36479687578884
1674,3,3,2,2,Token 2,Token 2,0.17155542120333,0.294312625442518
1675,3,3,2,3,Token 2,Token 3,0.0642891369099485,0.0413309312462609
1676,3,3,2,4,Token 2,Token 4,0.0559348071291924,0.0312870264857995
1677,3,3,2,5,Token 2,Token 5,0.102546525373532,0.105157898661844
1678,3,3,2,6,Token 2,Token 6,0.0507728891947655,0.0257788627718394
1679,3,3,2,7,Token 2,.,0.110480390916137,0.122059167769825
1680,3,3,2,8,Token 2,[SEP],0.1198295939584,0.143591315882351
1681,3,3,3,1,Token 3,[CLS],-0.055638158873048,0.0309560472278253
1682,3,3,3,2,Token 3,Token 2,-0.0250408521095837,0.00627044274374044
1683,3,3,3,3,Token 3,Token 3,0.101823657293675,0.103680571846597
1684,3,3,3,4,Token 3,Token 4,0.0346182883490368,0.0119842588821706
1685,3,3,3,5,Token 3,Token 5,0.464396122695979,2.15663758775058
1686,3,3,3,6,Token 3,Token 6,0.128519668620741,0.165173052223851
1687,3,3,3,7,Token 3,.,0.0457469904414681,0.0209278713445178
1688,3,3,3,8,Token 3,[SEP],0.0470925118903849,0.0221770467614604
1689,3,3,4,1,Token 4,[CLS],-0.125231554433526,0.156829422258372
1690,3,3,4,2,Token 4,Token 2,0.0221831192115273,0.00492090777952829
1691,3,3,4,3,Token 4,Token 3,0.0375546554424085,0.0141035214539802
1692,3,3,4,4,Token 4,Token 4,0.00559343550922091,0.000312865207958133
1693,3,3,4,5,Token 4,Token 5,0.466566577884252,2.17684371598621
1694,3,3,4,6,Token 4,Token 6,0.471344928124299,2.221660412685
1695,3,3,4,7,Token 4,.,-0.0055296933146398,0.000305775081539721
1696,3,3,4,8,Token 4,[SEP],0.0705135713624183,0.0497216374628286
1697,3,3,5,1,Token 5,[CLS],-0.138432781169982,0.191636349024561
1698,3,3,5,2,Token 5,Token 2,-0.0205530194476284,0.00422426608414593
1699,3,3,5,3,Token 5,Token 3,0.138890549402462,0.192905847133178
1700,3,3,5,4,Token 5,Token 4,0.19338403484923,0.373973849345682
1701,3,3,5,5,Token 5,Token 5,0.0680576473002693,0.0463184335604785
1702,3,3,5,6,Token 5,Token 6,0.730831324612874,5.34114425035408
1703,3,3,5,7,Token 5,.,-0.14285170364975,0.20406609235636
1704,3,3,5,8,Token 5,[SEP],0.134235231879282,0.180190974776846
1705,3,3,6,1,Token 6,[CLS],-0.64827449853945,4.20259825456576
1706,3,3,6,2,Token 6,Token 2,0.354550206247717,1.25705848750298
1707,3,3,6,3,Token 6,Token 3,0.5757883162605,3.31532185142102
1708,3,3,6,4,Token 6,Token 4,0.377271445337846,1.42333743467307
1709,3,3,6,5,Token 6,Token 5,0.643367300281638,4.13921483071683
1710,3,3,6,6,Token 6,Token 6,0.311049524886702,0.96751806932243
1711,3,3,6,7,Token 6,.,0.0714712821264335,0.0510814416879626
1712,3,3,6,8,Token 6,[SEP],0.273706311258234,0.749151448225892
1713,3,3,7,1,.,[CLS],0.593724965280522,3.52509334397357
1714,3,3,7,2,.,Token 2,0.159069271316624,0.253030330772017
1715,3,3,7,3,.,Token 3,-0.283981164028988,0.806453015232589
1716,3,3,7,4,.,Token 4,-0.0339845511421344,0.0115494971633235
1717,3,3,7,5,.,Token 5,-0.412613495869434,1.70249896973596
1718,3,3,7,6,.,Token 6,-0.474747824127358,2.25385496513661
1719,3,3,7,7,.,.,0.457431171485397,2.09243276646503
1720,3,3,7,8,.,[SEP],0.593328388140072,3.52038576172896
1721,3,3,8,1,[SEP],[CLS],0.416484051509974,1.73458965162163
1722,3,3,8,2,[SEP],Token 2,0.303597379798683,0.921713690206256
1723,3,3,8,3,[SEP],Token 3,-0.27325074213856,0.74665968079274
1724,3,3,8,4,[SEP],Token 4,0.0191347087496351,0.00366137078933362
1725,3,3,8,5,[SEP],Token 5,-0.282102510917317,0.79581826665855
1726,3,3,8,6,[SEP],Token 6,-0.506923317196347,2.56971249517348
1727,3,3,8,7,[SEP],.,0.445671888502052,1.98623432200986
1728,3,3,8,8,[SEP],[SEP],0.650934883519019,4.23716222581918
1729,3,4,1,1,[CLS],[CLS],-0.129021595861618,0.166465721986787
1730,3,4,1,2,[CLS],Token 2,0.164373934955635,0.270187904927994
1731,3,4,1,3,[CLS],Token 3,0.0661480248653311,0.0437556119358446
1732,3,4,1,4,[CLS],Token 4,-0.0454900531242707,0.0206934493324897
1733,3,4,1,5,[CLS],Token 5,-0.0666720406170129,0.0444516100003661
1734,3,4,1,6,[CLS],Token 6,-0.122040651069191,0.14893920513392
1735,3,4,1,7,[CLS],.,0.195592925402246,0.382565924674088
1736,3,4,1,8,[CLS],[SEP],0.394881872749541,1.55931693426185
1737,3,4,2,1,Token 2,[CLS],0.0951679557551526,0.0905693980261468
1738,3,4,2,2,Token 2,Token 2,0.0511350703638177,0.0261479542111258
1739,3,4,2,3,Token 2,Token 3,-0.135654175592239,0.1840205535561
1740,3,4,2,4,Token 2,Token 4,-0.088081784011147,0.0775840067458635
1741,3,4,2,5,Token 2,Token 5,0.046573790885679,0.0216911799746296
1742,3,4,2,6,Token 2,Token 6,0.0479435858971477,0.0229858742867718
1743,3,4,2,7,Token 2,.,0.0183204549568656,0.0033563906982654
1744,3,4,2,8,Token 2,[SEP],-0.00669427117591802,0.000448132665767268
1745,3,4,3,1,Token 3,[CLS],0.0320291970615845,0.0102586946440981
1746,3,4,3,2,Token 3,Token 2,-0.237137418485333,0.562341552458878
1747,3,4,3,3,Token 3,Token 3,-0.126201860135096,0.159269095015584
1748,3,4,3,4,Token 3,Token 4,-0.0319405853404149,0.0102020099188833
1749,3,4,3,5,Token 3,Token 5,0.0637315220179433,0.0406170689872359
1750,3,4,3,6,Token 3,Token 6,0.202432755191039,0.409790203742351
1751,3,4,3,7,Token 3,.,0.0225548213991156,0.00508719968346002
1752,3,4,3,8,Token 3,[SEP],-0.0214428895926558,0.00459797514082825
1753,3,4,4,1,Token 4,[CLS],0.116246678326889,0.135132902220353
1754,3,4,4,2,Token 4,Token 2,-0.0933182025535177,0.0870828692781935
1755,3,4,4,3,Token 4,Token 3,-0.0576253360746377,0.0332067935771494
1756,3,4,4,4,Token 4,Token 4,-0.104960686936585,0.110167458021998
1757,3,4,4,5,Token 4,Token 5,-0.121200054741882,0.146894532694352
1758,3,4,4,6,Token 4,Token 6,0.0318268098548764,0.0101294582553846
1759,3,4,4,7,Token 4,.,0.00551810816177384,0.00030449517685035
1760,3,4,4,8,Token 4,[SEP],-0.0633219006648165,0.040096631038049
1761,3,4,5,1,Token 5,[CLS],-0.0174556369350023,0.00304699260806618
1762,3,4,5,2,Token 5,Token 2,0.157294618170083,0.247415969052723
1763,3,4,5,3,Token 5,Token 3,0.130480013860938,0.170250340171506
1764,3,4,5,4,Token 5,Token 4,-0.115690366160436,0.133842608223357
1765,3,4,5,5,Token 5,Token 5,0.208145886408781,0.433247100288972
1766,3,4,5,6,Token 5,Token 6,-0.292381572583817,0.854869839865859
1767,3,4,5,7,Token 5,.,0.267283335910262,0.71440381655318
1768,3,4,5,8,Token 5,[SEP],-0.042469575239018,0.0180366482098261
1769,3,4,6,1,Token 6,[CLS],-0.192062407286885,0.368879682928334
1770,3,4,6,2,Token 6,Token 2,0.122807929804584,0.150817876228875
1771,3,4,6,3,Token 6,Token 3,0.0957050311244962,0.0915945298254079
1772,3,4,6,4,Token 6,Token 4,0.256256529869812,0.656674091009175
1773,3,4,6,5,Token 6,Token 5,-0.136799689490708,0.187141550447543
1774,3,4,6,6,Token 6,Token 6,-0.0297540663598471,0.00885304464946182
1775,3,4,6,7,Token 6,.,-0.0267307429907219,0.00714532620836029
1776,3,4,6,8,Token 6,[SEP],0.152398997827689,0.232254545388841
1777,3,4,7,1,.,[CLS],0.189445420448291,0.358895673288297
1778,3,4,7,2,.,Token 2,-0.129069856036762,0.166590277373504
1779,3,4,7,3,.,Token 3,-0.00428249535856519,0.000183397664961324
1780,3,4,7,4,.,Token 4,-0.129470706057597,0.167626637270528
1781,3,4,7,5,.,Token 5,-0.138687708842614,0.192342805840138
1782,3,4,7,6,.,Token 6,0.139706895163094,0.195180165561119
1783,3,4,7,7,.,.,0.128718348655415,0.16568413280577
1784,3,4,7,8,.,[SEP],-0.0280260859525168,0.00785461493817862
1785,3,4,8,1,[SEP],[CLS],0.197861570607087,0.391492011231034
1786,3,4,8,2,[SEP],Token 2,-0.04641836442053,0.0215466455547712
1787,3,4,8,3,[SEP],Token 3,-0.0149255297322835,0.0022277143778928
1788,3,4,8,4,[SEP],Token 4,-0.238758918973483,0.570058213893864
1789,3,4,8,5,[SEP],Token 5,-0.367912831982612,1.35359851937466
1790,3,4,8,6,[SEP],Token 6,-0.204784974259296,0.419368856823807
1791,3,4,8,7,[SEP],.,0.0672979664411055,0.0452901628710817
1792,3,4,8,8,[SEP],[SEP],0.290542471510252,0.844149277512858
1793,3,5,1,1,[CLS],[CLS],-0.0885632541204011,0.0784344998039475
1794,3,5,1,2,[CLS],Token 2,-0.0298674796162223,0.00892066338625451
1795,3,5,1,3,[CLS],Token 3,-0.00858137268778975,0.000736399572067439
1796,3,5,1,4,[CLS],Token 4,-0.0517167421440925,0.0267462141799855
1797,3,5,1,5,[CLS],Token 5,-0.305742967893043,0.934787624160465
1798,3,5,1,6,[CLS],Token 6,0.0269654493463531,0.00727135458450736
1799,3,5,1,7,[CLS],.,-0.0799712254447766,0.0639539689913928
1800,3,5,1,8,[CLS],[SEP],0.286195734471422,0.819079984296369
1801,3,5,2,1,Token 2,[CLS],-0.0296837136909496,0.00881122858486271
1802,3,5,2,2,Token 2,Token 2,0.0334395590134144,0.0111820410701163
1803,3,5,2,3,Token 2,Token 3,0.113292230774379,0.128351295538352
1804,3,5,2,4,Token 2,Token 4,-0.0734916748965068,0.0540102627909384
1805,3,5,2,5,Token 2,Token 5,0.00154896250637483,2.39928484615499e-05
1806,3,5,2,6,Token 2,Token 6,0.105118913932249,0.110499860662957
1807,3,5,2,7,Token 2,.,0.037361238214601,0.0139586212092816
1808,3,5,2,8,Token 2,[SEP],-0.232692230748195,0.541456742505713
1809,3,5,3,1,Token 3,[CLS],-0.0448302805683577,0.0200975405583767
1810,3,5,3,2,Token 3,Token 2,0.129453898808227,0.167583119166506
1811,3,5,3,3,Token 3,Token 3,-0.0729223473284552,0.0531766873989186
1812,3,5,3,4,Token 3,Token 4,-0.0216269000191407,0.00467722804437908
1813,3,5,3,5,Token 3,Token 5,-0.0404703616000867,0.0163785016804177
1814,3,5,3,6,Token 3,Token 6,0.304818947390989,0.929145906885504
1815,3,5,3,7,Token 3,.,-0.157026906512173,0.246574493687827
1816,3,5,3,8,Token 3,[SEP],-0.201203751975792,0.404829498091361
1817,3,5,4,1,Token 4,[CLS],-0.390464108093988,1.52462219709633
1818,3,5,4,2,Token 4,Token 2,0.0640390442799527,0.0410099919228974
1819,3,5,4,3,Token 4,Token 3,0.0545062373482848,0.0297092990986756
1820,3,5,4,4,Token 4,Token 4,-0.0350852117987705,0.0123097208696458
1821,3,5,4,5,Token 4,Token 5,0.627139760246134,3.93304278881579
1822,3,5,4,6,Token 4,Token 6,0.497878096939113,2.47882599411712
1823,3,5,4,7,Token 4,.,-0.179297357411358,0.321475423746964
1824,3,5,4,8,Token 4,[SEP],-0.373048697450046,1.39165330669176
1825,3,5,5,1,Token 5,[CLS],-0.255807594621359,0.654375254659656
1826,3,5,5,2,Token 5,Token 2,0.126209186073263,0.159287586492755
1827,3,5,5,3,Token 5,Token 3,0.357785667103825,1.28010583584929
1828,3,5,5,4,Token 5,Token 4,0.206683661972033,0.427181361261697
1829,3,5,5,5,Token 5,Token 5,-0.0403208513964845,0.0162577105733738
1830,3,5,5,6,Token 5,Token 6,0.543378037560396,2.95259691702988
1831,3,5,5,7,Token 5,.,-0.167480446781964,0.280497000542862
1832,3,5,5,8,Token 5,[SEP],-0.367587752322788,1.3512075565772
1833,3,5,6,1,Token 6,[CLS],-0.377090814056441,1.42197482045749
1834,3,5,6,2,Token 6,Token 2,0.327415828089682,1.07201124483652
1835,3,5,6,3,Token 6,Token 3,0.509132446509122,2.59215848088364
1836,3,5,6,4,Token 6,Token 4,0.296630391851993,0.879895893702668
1837,3,5,6,5,Token 6,Token 5,0.100575654972847,0.101154623732172
1838,3,5,6,6,Token 6,Token 6,0.341118922039046,1.16362118973081
1839,3,5,6,7,Token 6,.,-0.221245711217633,0.489496647321963
1840,3,5,6,8,Token 6,[SEP],-0.189798224343594,0.360233659639811
1841,3,5,7,1,.,[CLS],0.163505933436841,0.267341902690525
1842,3,5,7,2,.,Token 2,-0.00749861574874726,0.000562292381473604
1843,3,5,7,3,.,Token 3,-0.25818095871233,0.66657407441618
1844,3,5,7,4,.,Token 4,-0.0384529687819545,0.0147863080814596
1845,3,5,7,5,.,Token 5,-0.209445090772346,0.438672460486364
1846,3,5,7,6,.,Token 6,-0.21190433973617,0.449034491990221
1847,3,5,7,7,.,.,0.23437291416418,0.549306628938103
1848,3,5,7,8,.,[SEP],-0.415707232046729,1.72812502775953
1849,3,5,8,1,[SEP],[CLS],-0.0722638653581323,0.0522206623649828
1850,3,5,8,2,[SEP],Token 2,0.0175821185128898,0.00309130891401301
1851,3,5,8,3,[SEP],Token 3,0.0362397885946659,0.0131332227738608
1852,3,5,8,4,[SEP],Token 4,-0.0528307414458635,0.0279108724171967
1853,3,5,8,5,[SEP],Token 5,-0.47116633894107,2.21997718951131
1854,3,5,8,6,[SEP],Token 6,0.118483177382473,0.140382633226465
1855,3,5,8,7,[SEP],.,-0.158024543847743,0.249717564582872
1856,3,5,8,8,[SEP],[SEP],0.12257935598121,0.150256985127683
1857,3,6,1,1,[CLS],[CLS],0.210113022464597,0.44147482209208
1858,3,6,1,2,[CLS],Token 2,0.0457311614536351,0.0209133912789844
1859,3,6,1,3,[CLS],Token 3,0.0714996987360805,0.0511220691935027
1860,3,6,1,4,[CLS],Token 4,0.0452908340774118,0.0205125965142765
1861,3,6,1,5,[CLS],Token 5,-0.312811767185554,0.978512016897492
1862,3,6,1,6,[CLS],Token 6,-0.580655880090871,3.37161251084105
1863,3,6,1,7,[CLS],.,0.569838262465481,3.24715645369679
1864,3,6,1,8,[CLS],[SEP],0.569373654726464,3.2418635869657
1865,3,6,2,1,Token 2,[CLS],-0.182409335408847,0.332731656442972
1866,3,6,2,2,Token 2,Token 2,0.234569993543077,0.550230818707991
1867,3,6,2,3,Token 2,Token 3,0.0468491864857761,0.0219484627437902
1868,3,6,2,4,Token 2,Token 4,-0.0165561803376367,0.0027410710737235
1869,3,6,2,5,Token 2,Token 5,0.155874944375458,0.24296998284052
1870,3,6,2,6,Token 2,Token 6,-0.119036772997626,0.141697533256882
1871,3,6,2,7,Token 2,.,-0.163403512605057,0.267007079316709
1872,3,6,2,8,Token 2,[SEP],-0.0991173916979245,0.098242573369998
1873,3,6,3,1,Token 3,[CLS],-0.222891924909004,0.496808101896409
1874,3,6,3,2,Token 3,Token 2,0.275080119104895,0.756690719267632
1875,3,6,3,3,Token 3,Token 3,0.0946572734959006,0.0895999942567772
1876,3,6,3,4,Token 3,Token 4,0.118263410466413,0.139862342551474
1877,3,6,3,5,Token 3,Token 5,0.234332450266144,0.54911697247735
1878,3,6,3,6,Token 3,Token 6,-0.00145798513016598,2.12572063978511e-05
1879,3,6,3,7,Token 3,.,-0.0471815649665161,0.0222610007268958
1880,3,6,3,8,Token 3,[SEP],0.033522226925263,0.0112373969802883
1881,3,6,4,1,Token 4,[CLS],-0.236963897484284,0.561518887109423
1882,3,6,4,2,Token 4,Token 2,0.102793249526694,0.105664521482572
1883,3,6,4,3,Token 4,Token 3,0.159907474218848,0.255704003110516
1884,3,6,4,4,Token 4,Token 4,0.256381111479359,0.657312743233915
1885,3,6,4,5,Token 4,Token 5,0.23864091722735,0.56949487375111
1886,3,6,4,6,Token 4,Token 6,0.0405103223408988,0.0164108621616352
1887,3,6,4,7,Token 4,.,-0.15434953275032,0.23823778260242
1888,3,6,4,8,Token 4,[SEP],-0.17062002254614,0.291111920936454
1889,3,6,5,1,Token 5,[CLS],-0.0728707985218077,0.0531015327720589
1890,3,6,5,2,Token 5,Token 2,0.664177594603592,4.41131877173414
1891,3,6,5,3,Token 5,Token 3,0.368783905675526,1.36001569085295
1892,3,6,5,4,Token 5,Token 4,0.417171723215745,1.74032246650794
1893,3,6,5,5,Token 5,Token 5,0.508936762147394,2.59016627865073
1894,3,6,5,6,Token 5,Token 6,-0.0788371744329303,0.0621530007256829
1895,3,6,5,7,Token 5,.,-0.484313474278663,2.34559541367869
1896,3,6,5,8,Token 5,[SEP],0.117790324364421,0.138745605138756
1897,3,6,6,1,Token 6,[CLS],-0.562292563191128,3.16172926620049
1898,3,6,6,2,Token 6,Token 2,0.337428889938534,1.13858255765151
1899,3,6,6,3,Token 6,Token 3,0.360856303582169,1.30217271834987
1900,3,6,6,4,Token 6,Token 4,0.667781535709329,4.4593217943431
1901,3,6,6,5,Token 6,Token 5,0.328284791171897,1.07770904114776
1902,3,6,6,6,Token 6,Token 6,0.18365473737737,0.337290625611506
1903,3,6,6,7,Token 6,.,-0.243289097517589,0.591895849709231
1904,3,6,6,8,Token 6,[SEP],0.183911611001358,0.338234806611146
1905,3,6,7,1,.,[CLS],0.197495738434718,0.390045666998746
1906,3,6,7,2,.,Token 2,0.0254665764119375,0.00648546514145053
1907,3,6,7,3,.,Token 3,0.0188346623430763,0.00354744505577696
1908,3,6,7,4,.,Token 4,0.160850783650958,0.258729746011273
1909,3,6,7,5,.,Token 5,-0.243277342406111,0.591838653281802
1910,3,6,7,6,.,Token 6,-0.290834488679455,0.845846998054398
1911,3,6,7,7,.,.,0.473297354003037,2.24010385306276
1912,3,6,7,8,.,[SEP],0.258300102563068,0.667189429840915
1913,3,6,8,1,[SEP],[CLS],0.513448947063666,2.63629821240787
1914,3,6,8,2,[SEP],Token 2,-0.014650541686316,0.00214638371702482
1915,3,6,8,3,[SEP],Token 3,0.0103458115809988,0.00107035817269529
1916,3,6,8,4,[SEP],Token 4,0.0228568457800688,0.00522435399013848
1917,3,6,8,5,[SEP],Token 5,-0.289074275557388,0.835639367890284
1918,3,6,8,6,[SEP],Token 6,-0.445149929745568,1.98158459952484
1919,3,6,8,7,[SEP],.,0.55226552942729,3.04997214993605
1920,3,6,8,8,[SEP],[SEP],0.585730979668219,3.43080780543091
1921,3,7,1,1,[CLS],[CLS],0.0454976646248057,0.020700374863113
1922,3,7,1,2,[CLS],Token 2,0.00244178660840443,5.96232184098321e-05
1923,3,7,1,3,[CLS],Token 3,0.0191383376649423,0.00366275968577351
1924,3,7,1,4,[CLS],Token 4,0.0179087716138872,0.00320724100718372
1925,3,7,1,5,[CLS],Token 5,0.0592105242656621,0.0350588618381456
1926,3,7,1,6,[CLS],Token 6,-0.0498838432174571,0.0248839781414384
1927,3,7,1,7,[CLS],.,0.0552433350643611,0.0305182606903327
1928,3,7,1,8,[CLS],[SEP],-0.163704484836596,0.267991583556153
1929,3,7,2,1,Token 2,[CLS],-0.0632731600678162,0.0400349278496749
1930,3,7,2,2,Token 2,Token 2,0.204714094787557,0.419078606046889
1931,3,7,2,3,Token 2,Token 3,-0.00550021997866425,0.000302524198136974
1932,3,7,2,4,Token 2,Token 4,-0.0596239144509934,0.0355501117445938
1933,3,7,2,5,Token 2,Token 5,-0.0273347082047465,0.00747186272638638
1934,3,7,2,6,Token 2,Token 6,-0.00448695370002704,0.000201327535061863
1935,3,7,2,7,Token 2,.,-0.359021147478218,1.28896184336576
1936,3,7,2,8,Token 2,[SEP],-0.196068333307223,0.384427913258725
1937,3,7,3,1,Token 3,[CLS],0.198067667761752,0.392308010125798
1938,3,7,3,2,Token 3,Token 2,0.153273388880358,0.234927317388695
1939,3,7,3,3,Token 3,Token 3,-0.209997113163146,0.440987875368554
1940,3,7,3,4,Token 3,Token 4,0.0144446501139862,0.00208647916915483
1941,3,7,3,5,Token 3,Token 5,0.543781942470367,2.95698800956846
1942,3,7,3,6,Token 3,Token 6,0.0676404941511856,0.0457523644901658
1943,3,7,3,7,Token 3,.,0.0767468238420278,0.0589007496983925
1944,3,7,3,8,Token 3,[SEP],0.242472341732951,0.587928365054609
1945,3,7,4,1,Token 4,[CLS],0.00027431895250723,7.52508877046637e-07
1946,3,7,4,2,Token 4,Token 2,0.0385369745230757,0.0148509840539218
1947,3,7,4,3,Token 4,Token 3,-0.0335074695160045,0.0112275051336597
1948,3,7,4,4,Token 4,Token 4,0.0336998222776252,0.0113567802154352
1949,3,7,4,5,Token 4,Token 5,-0.142878097615214,0.204141507781427
1950,3,7,4,6,Token 4,Token 6,0.370414529256858,1.3720692348458
1951,3,7,4,7,Token 4,.,-0.136140086338225,0.185341231081794
1952,3,7,4,8,Token 4,[SEP],-0.0561990634219468,0.03158334729504
1953,3,7,5,1,Token 5,[CLS],0.0788460978953385,0.062167071533213
1954,3,7,5,2,Token 5,Token 2,-0.0654540257960634,0.0428422949291174
1955,3,7,5,3,Token 5,Token 3,-0.0215506396406143,0.00464430068919617
1956,3,7,5,4,Token 5,Token 4,-0.13848078916019,0.191769289664289
1957,3,7,5,5,Token 5,Token 5,0.0435589537996277,0.018973824561181
1958,3,7,5,6,Token 5,Token 6,0.340828128137624,1.16163812929797
1959,3,7,5,7,Token 5,.,-0.345885110467012,1.19636509642778
1960,3,7,5,8,Token 5,[SEP],-0.0371109221708363,0.0137722054436987
1961,3,7,6,1,Token 6,[CLS],0.263469225564045,0.694160328193174
1962,3,7,6,2,Token 6,Token 2,-0.161577446972602,0.26107271370184
1963,3,7,6,3,Token 6,Token 3,0.114086668007562,0.130157678170678
1964,3,7,6,4,Token 6,Token 4,0.209541325459216,0.439075670752049
1965,3,7,6,5,Token 6,Token 5,0.513997439896629,2.64193368220289
1966,3,7,6,6,Token 6,Token 6,-0.386031886698414,1.49020617547937
1967,3,7,6,7,Token 6,.,0.00855933823569589,0.000732622710330456
1968,3,7,6,8,Token 6,[SEP],0.429857100071474,1.84777126481857
1969,3,7,7,1,.,[CLS],0.406207817267659,1.65004790809356
1970,3,7,7,2,.,Token 2,-0.0772161393778697,0.0596233218042259
1971,3,7,7,3,.,Token 3,-0.0501611322520203,0.0251613918880467
1972,3,7,7,4,.,Token 4,-0.0585911676695726,0.0343292492888397
1973,3,7,7,5,.,Token 5,-0.320471643323866,1.02702074174699
1974,3,7,7,6,.,Token 6,-0.103159871704533,0.106419591300957
1975,3,7,7,7,.,.,-0.132839210590469,0.176462558702989
1976,3,7,7,8,.,[SEP],0.285947464200563,0.817659522827324
1977,3,7,8,1,[SEP],[CLS],-0.294281423636866,0.866015562977403
1978,3,7,8,2,[SEP],Token 2,0.0865141541749001,0.0748469887259839
1979,3,7,8,3,[SEP],Token 3,0.0444866873642497,0.019790653526445
1980,3,7,8,4,[SEP],Token 4,0.0961927881867622,0.092530524991433
1981,3,7,8,5,[SEP],Token 5,-0.162682074689788,0.264654574253737
1982,3,7,8,6,[SEP],Token 6,0.202031053973171,0.408165467695104
1983,3,7,8,7,[SEP],.,0.0743792912275237,0.0553227896350878
1984,3,7,8,8,[SEP],[SEP],-0.290224753135627,0.842304073326358
1985,3,8,1,1,[CLS],[CLS],-0.282157719127722,0.796129784633582
1986,3,8,1,2,[CLS],Token 2,0.0585951344932547,0.0343338978628261
1987,3,8,1,3,[CLS],Token 3,0.149382402195128,0.223151020855868
1988,3,8,1,4,[CLS],Token 4,0.0477711239414735,0.0228208028263162
1989,3,8,1,5,[CLS],Token 5,-0.12610175758569,0.159016532662001
1990,3,8,1,6,[CLS],Token 6,0.0924172651267363,0.0854095089350548
1991,3,8,1,7,[CLS],.,0.0751898411643306,0.0565351221431726
1992,3,8,1,8,[CLS],[SEP],0.619673756644664,3.83995564674111
1993,3,8,2,1,Token 2,[CLS],0.232560893862596,0.540845693541698
1994,3,8,2,2,Token 2,Token 2,-0.0163063458334863,0.00265896914441257
1995,3,8,2,3,Token 2,Token 3,-0.0650565662037951,0.0423235680622877
1996,3,8,2,4,Token 2,Token 4,-0.136512981618017,0.18635794150241
1997,3,8,2,5,Token 2,Token 5,-0.268377165490922,0.720263029569419
1998,3,8,2,6,Token 2,Token 6,0.137170566382262,0.188157642816307
1999,3,8,2,7,Token 2,.,-0.086929275446846,0.0755669892971361
2000,3,8,2,8,Token 2,[SEP],-0.0465375638818621,0.021657448520584
2001,3,8,3,1,Token 3,[CLS],0.144684447329571,0.209335892990633
2002,3,8,3,2,Token 3,Token 2,-0.187345859995012,0.350984712572705
2003,3,8,3,3,Token 3,Token 3,-0.0878087165228698,0.0771037069739372
2004,3,8,3,4,Token 3,Token 4,-0.251931059426183,0.634692587035988
2005,3,8,3,5,Token 3,Token 5,0.0171679789717379,0.00294739501974034
2006,3,8,3,6,Token 3,Token 6,-0.0471593840135339,0.0222400750053596
2007,3,8,3,7,Token 3,.,-0.167452848172091,0.280404563609453
2008,3,8,3,8,Token 3,[SEP],0.224951461333884,0.506031599562498
2009,3,8,4,1,Token 4,[CLS],0.230916994674686,0.53322658429589
2010,3,8,4,2,Token 4,Token 2,-0.122054147862368,0.148972150104087
2011,3,8,4,3,Token 4,Token 3,-0.0881193493299947,0.0776501972634164
2012,3,8,4,4,Token 4,Token 4,-0.178281417124902,0.317842636920634
2013,3,8,4,5,Token 4,Token 5,-0.143702800695747,0.206504949278017
2014,3,8,4,6,Token 4,Token 6,-0.145670403126435,0.21219866347018
2015,3,8,4,7,Token 4,.,-0.218142928864254,0.475863374134751
2016,3,8,4,8,Token 4,[SEP],0.105635038275963,0.111587613115642
2017,3,8,5,1,Token 5,[CLS],0.028597909368774,0.00817840420264612
2018,3,8,5,2,Token 5,Token 2,-0.211311117836757,0.4465238852142
2019,3,8,5,3,Token 5,Token 3,-0.0648762622207516,0.0420892939973573
2020,3,8,5,4,Token 5,Token 4,0.0918285293849796,0.0843247880900805
2021,3,8,5,5,Token 5,Token 5,-0.13602848515966,0.185037487748318
2022,3,8,5,6,Token 5,Token 6,-0.264046097908282,0.697203418205899
2023,3,8,5,7,Token 5,.,-0.0532874604253556,0.0283955343858383
2024,3,8,5,8,Token 5,[SEP],0.290607517510166,0.844527292334214
2025,3,8,6,1,Token 6,[CLS],-0.0180237181195232,0.0032485441485203
2026,3,8,6,2,Token 6,Token 2,-0.0372766989600979,0.0138955228536176
2027,3,8,6,3,Token 6,Token 3,-0.0766402562582422,0.0587372887932903
2028,3,8,6,4,Token 6,Token 4,-0.196539568145734,0.386278018469116
2029,3,8,6,5,Token 6,Token 5,-0.272831457001089,0.74437003929337
2030,3,8,6,6,Token 6,Token 6,-0.14569913874011,0.212282390296099
2031,3,8,6,7,Token 6,.,0.0258197543361121,0.00666659713977179
2032,3,8,6,8,Token 6,[SEP],0.588794867343218,3.46679395809718
2033,3,8,7,1,.,[CLS],0.0609350372378828,0.0371307876318217
2034,3,8,7,2,.,Token 2,-0.0031312166370887,9.80451762838107e-05
2035,3,8,7,3,.,Token 3,-0.00644792680083298,0.000415757600289003
2036,3,8,7,4,.,Token 4,0.0782368797991531,0.0612100936070714
2037,3,8,7,5,.,Token 5,-0.159812818139834,0.255401368417956
2038,3,8,7,6,.,Token 6,0.218219724025598,0.476198479538081
2039,3,8,7,7,.,.,-0.21902668325387,0.479726879771909
2040,3,8,7,8,.,[SEP],-0.286492674174386,0.820780523555907
2041,3,8,8,1,[SEP],[CLS],-0.443822782938836,1.96978662655573
2042,3,8,8,2,[SEP],Token 2,0.0559120917643368,0.0312616200546362
2043,3,8,8,3,[SEP],Token 3,0.334763290164169,1.12066460441539
2044,3,8,8,4,[SEP],Token 4,-0.108029543224494,0.116703822092928
2045,3,8,8,5,[SEP],Token 5,0.0614394543395826,0.0377480654954565
2046,3,8,8,6,[SEP],Token 6,0.346790094675455,1.20263369765011
2047,3,8,8,7,[SEP],.,-0.162134363414624,0.262875517998652
2048,3,8,8,8,[SEP],[SEP],0.528946127870624,2.79784006189327
2049,3,9,1,1,[CLS],[CLS],-0.324623998320055,1.05380740285299
2050,3,9,1,2,[CLS],Token 2,0.0862051269698525,0.0743132391588839
2051,3,9,1,3,[CLS],Token 3,-0.0444420780721537,0.0197509830337141
2052,3,9,1,4,[CLS],Token 4,0.00689165223285178,0.000474948704985709
2053,3,9,1,5,[CLS],Token 5,-0.185528158994254,0.34420697779797
2054,3,9,1,6,[CLS],Token 6,-0.144219045437492,0.207991330669014
2055,3,9,1,7,[CLS],.,0.349058435092079,1.21841791108931
2056,3,9,1,8,[CLS],[SEP],0.768602885376485,5.90750395409058
2057,3,9,2,1,Token 2,[CLS],-0.0469750344774427,0.0220665386415693
2058,3,9,2,2,Token 2,Token 2,0.0393173293544479,0.0154585238756613
2059,3,9,2,3,Token 2,Token 3,0.017721284797667,0.00314043934880024
2060,3,9,2,4,Token 2,Token 4,0.0891869386026231,0.0795431001730806
2061,3,9,2,5,Token 2,Token 5,-0.45013436571571,2.02620947198284
2062,3,9,2,6,Token 2,Token 6,0.0486932382057045,0.0237103144695748
2063,3,9,2,7,Token 2,.,0.0390586815844315,0.01525580607114
2064,3,9,2,8,Token 2,[SEP],-0.0745549292481502,0.0555843747519668
2065,3,9,3,1,Token 3,[CLS],-0.155815311893665,0.242784114205201
2066,3,9,3,2,Token 3,Token 2,0.0533344726117213,0.0284456596877045
2067,3,9,3,3,Token 3,Token 3,0.124829267572561,0.15582346042702
2068,3,9,3,4,Token 3,Token 4,-0.0681579500379537,0.046455061533762
2069,3,9,3,5,Token 3,Token 5,-0.321464490898288,1.03339418908495
2070,3,9,3,6,Token 3,Token 6,0.344317666218386,1.18554655270075
2071,3,9,3,7,Token 3,.,0.1558990702013,0.243045200896299
2072,3,9,3,8,Token 3,[SEP],-0.0963700387129202,0.0928718436152974
2073,3,9,4,1,Token 4,[CLS],-0.0850773813608141,0.0723816081921341
2074,3,9,4,2,Token 4,Token 2,-0.075617546817691,0.057180133867257
2075,3,9,4,3,Token 4,Token 3,0.145664439653263,0.21218128979499
2076,3,9,4,4,Token 4,Token 4,0.258280286016305,0.66708706144664
2077,3,9,4,5,Token 4,Token 5,-0.251615671594695,0.633104461920495
2078,3,9,4,6,Token 4,Token 6,0.146964719866078,0.215986288853148
2079,3,9,4,7,Token 4,.,0.000949775213332481,9.0207295586076e-06
2080,3,9,4,8,Token 4,[SEP],-0.0466803086959939,0.0217905121995328
2081,3,9,5,1,Token 5,[CLS],-0.294194350495944,0.865503158637305
2082,3,9,5,2,Token 5,Token 2,-0.059499336005183,0.0354017098505766
2083,3,9,5,3,Token 5,Token 3,-0.31218654278786,0.974604374978362
2084,3,9,5,4,Token 5,Token 4,-0.0287655069388251,0.00827454389447593
2085,3,9,5,5,Token 5,Token 5,-0.0980042201888697,0.0960482717482846
2086,3,9,5,6,Token 5,Token 6,-0.072086252187519,0.0519642775444259
2087,3,9,5,7,Token 5,.,0.451584097159717,2.03928196807556
2088,3,9,5,8,Token 5,[SEP],0.0644903494035946,0.0415900516619771
2089,3,9,6,1,Token 6,[CLS],-0.504476558584132,2.54496598160889
2090,3,9,6,2,Token 6,Token 2,0.247886480001072,0.614477069673221
2091,3,9,6,3,Token 6,Token 3,0.0462188199101542,0.0213617931388726
2092,3,9,6,4,Token 6,Token 4,0.118884274459735,0.141334707138175
2093,3,9,6,5,Token 6,Token 5,0.0937888853127424,0.0879635500820675
2094,3,9,6,6,Token 6,Token 6,-0.0426191067762793,0.0181638826240789
2095,3,9,6,7,Token 6,.,0.509365773777348,2.59453491495796
2096,3,9,6,8,Token 6,[SEP],0.414108532879288,1.71485877003436
2097,3,9,7,1,.,[CLS],-0.107281308019007,0.115092790502691
2098,3,9,7,2,.,Token 2,0.0932371584063796,0.0869316770769631
2099,3,9,7,3,.,Token 3,0.00247064844674173,6.10410374738735e-05
2100,3,9,7,4,.,Token 4,-0.0368938283769226,0.0136115457230582
2101,3,9,7,5,.,Token 5,-0.0981880802930995,0.0964089911164416
2102,3,9,7,6,.,Token 6,-0.0537391413387363,0.0288789531182468
2103,3,9,7,7,.,.,0.452150492025768,2.04440067439144
2104,3,9,7,8,.,[SEP],-0.12731335303993,0.162086898622699
2105,3,9,8,1,[SEP],[CLS],-0.158569119755314,0.25144165739975
2106,3,9,8,2,[SEP],Token 2,0.0119906657589565,0.00143776065343013
2107,3,9,8,3,[SEP],Token 3,-0.000775284633739039,6.01066263311875e-06
2108,3,9,8,4,[SEP],Token 4,-0.0875956755813802,0.0767300238055841
2109,3,9,8,5,[SEP],Token 5,-0.334896873599867,1.12155915946965
2110,3,9,8,6,[SEP],Token 6,-0.362831343721284,1.31646583986592
2111,3,9,8,7,[SEP],.,0.00136369270138412,1.85965778380831e-05
2112,3,9,8,8,[SEP],[SEP],0.316547520432952,1.0020233269225
2113,3,10,1,1,[CLS],[CLS],-0.281434874300746,0.792055884726766
2114,3,10,1,2,[CLS],Token 2,0.181627482387854,0.329885423585503
2115,3,10,1,3,[CLS],Token 3,0.177634795150459,0.315541204481454
2116,3,10,1,4,[CLS],Token 4,0.0963493767228372,0.0928320239487921
2117,3,10,1,5,[CLS],Token 5,0.115324445248596,0.132997276718965
2118,3,10,1,6,[CLS],Token 6,0.18604728602864,0.346135926386225
2119,3,10,1,7,[CLS],.,-0.273093606244479,0.745801177716148
2120,3,10,1,8,[CLS],[SEP],0.033827091688045,0.011442721320714
2121,3,10,2,1,Token 2,[CLS],0.146820296246071,0.215561993897842
2122,3,10,2,2,Token 2,Token 2,0.0774544300155635,0.0599918872903582
2123,3,10,2,3,Token 2,Token 3,-0.0860343333110434,0.0740190650827572
2124,3,10,2,4,Token 2,Token 4,0.117422726486765,0.137880966955855
2125,3,10,2,5,Token 2,Token 5,0.217335666820021,0.47234792072103
2126,3,10,2,6,Token 2,Token 6,0.0485987497040181,0.023618384727938
2127,3,10,2,7,Token 2,.,0.0916789210076834,0.0840502455713305
2128,3,10,2,8,Token 2,[SEP],0.187608455121312,0.351969324330055
2129,3,10,3,1,Token 3,[CLS],0.0418988828414733,0.017555163833635
2130,3,10,3,2,Token 3,Token 2,0.121564514564186,0.147779312012262
2131,3,10,3,3,Token 3,Token 3,0.08597693181706,0.0739203280467539
2132,3,10,3,4,Token 3,Token 4,-0.0871146974840549,0.075889705177384
2133,3,10,3,5,Token 3,Token 5,0.135459714241743,0.183493341824547
2134,3,10,3,6,Token 3,Token 6,0.119707073345721,0.143297834089977
2135,3,10,3,7,Token 3,.,0.0514460522270524,0.026466962897486
2136,3,10,3,8,Token 3,[SEP],0.0492213741938806,0.0242274367753402
2137,3,10,4,1,Token 4,[CLS],-0.161821450430546,0.261861818194455
2138,3,10,4,2,Token 4,Token 2,-0.138608230409653,0.192122415372955
2139,3,10,4,3,Token 4,Token 3,0.0322475098121738,0.0103990188908625
2140,3,10,4,4,Token 4,Token 4,-0.0488150595071274,0.0238291003468439
2141,3,10,4,5,Token 4,Token 5,-0.127659296176927,0.162968959003883
2142,3,10,4,6,Token 4,Token 6,0.452183205661397,2.04469651482217
2143,3,10,4,7,Token 4,.,-0.0498904289587183,0.0248905490168492
2144,3,10,4,8,Token 4,[SEP],-0.104700066910908,0.109621040111487
2145,3,10,5,1,Token 5,[CLS],-0.108077398324796,0.116807240286566
2146,3,10,5,2,Token 5,Token 2,-0.112917822064748,0.127504345398462
2147,3,10,5,3,Token 5,Token 3,-0.0153081272572855,0.00234338760125246
2148,3,10,5,4,Token 5,Token 4,-0.137036684731057,0.187790529620792
2149,3,10,5,5,Token 5,Token 5,0.310144216620035,0.96189435102855
2150,3,10,5,6,Token 5,Token 6,-0.0326806524566248,0.0106802504499069
2151,3,10,5,7,Token 5,.,0.037734849830614,0.0142391889173899
2152,3,10,5,8,Token 5,[SEP],0.0646798138179565,0.0418347831552552
2153,3,10,6,1,Token 6,[CLS],0.0439254791638709,0.0192944771977565
2154,3,10,6,2,Token 6,Token 2,0.232941492825353,0.54261739079704
2155,3,10,6,3,Token 6,Token 3,0.299478267693874,0.896872328209235
2156,3,10,6,4,Token 6,Token 4,-0.224295913885073,0.503086569855403
2157,3,10,6,5,Token 6,Token 5,0.563106677778739,3.17089130559009
2158,3,10,6,6,Token 6,Token 6,0.715592097684249,5.12072050268144
2159,3,10,6,7,Token 6,.,-0.493876756132716,2.43914250248174
2160,3,10,6,8,Token 6,[SEP],0.389903666455454,1.52024869115406
2161,3,10,7,1,.,[CLS],-0.226529625831214,0.513156713792297
2162,3,10,7,2,.,Token 2,-0.12812997743787,0.16417291118229
2163,3,10,7,3,.,Token 3,-0.231794139621312,0.53728523162784
2164,3,10,7,4,.,Token 4,-0.113398013901676,0.128591095568447
2165,3,10,7,5,.,Token 5,0.0343631848076911,0.0118082847012754
2166,3,10,7,6,.,Token 6,0.61621385801038,3.79719518804037
2167,3,10,7,7,.,.,-0.359492410454823,1.29234793174619
2168,3,10,7,8,.,[SEP],0.500220801683609,2.50220850436992
2169,3,10,8,1,[SEP],[CLS],-0.171490103321534,0.294088555372305
2170,3,10,8,2,[SEP],Token 2,0.324102689258231,1.05042553184418
2171,3,10,8,3,[SEP],Token 3,0.085172794327764,0.0725440489359958
2172,3,10,8,4,[SEP],Token 4,0.0345259620826417,0.0119204205773201
2173,3,10,8,5,[SEP],Token 5,-0.0213994168982814,0.0045793504358645
2174,3,10,8,6,[SEP],Token 6,0.0494840782024807,0.0244867399554923
2175,3,10,8,7,[SEP],.,-0.152924419191892,0.233858779851776
2176,3,10,8,8,[SEP],[SEP],0.468041012563159,2.19062389441147
2177,3,11,1,1,[CLS],[CLS],-0.0932068775391801,0.086875220206037
2178,3,11,1,2,[CLS],Token 2,0.0215160077461822,0.00462938589333774
2179,3,11,1,3,[CLS],Token 3,0.0255255647328637,0.00651554454931618
2180,3,11,1,4,[CLS],Token 4,-0.0564171888502939,0.0318289919776972
2181,3,11,1,5,[CLS],Token 5,-0.194252380991997,0.3773398752106
2182,3,11,1,6,[CLS],Token 6,0.258472108947368,0.668078311036999
2183,3,11,1,7,[CLS],.,-0.0998723705692999,0.0997449040313157
2184,3,11,1,8,[CLS],[SEP],0.164580198055835,0.270866415920978
2185,3,11,2,1,Token 2,[CLS],0.0838171134110211,0.0702530850055597
2186,3,11,2,2,Token 2,Token 2,-0.0624350561417654,0.038981362354254
2187,3,11,2,3,Token 2,Token 3,-0.0498663504887644,0.024866529110683
2188,3,11,2,4,Token 2,Token 4,-0.0554318844357319,0.0307269381209634
2189,3,11,2,5,Token 2,Token 5,0.00424794495284693,0.000180450363224177
2190,3,11,2,6,Token 2,Token 6,0.0413316313752784,0.0170830375214189
2191,3,11,2,7,Token 2,.,0.0084133018354954,0.000707836477751501
2192,3,11,2,8,Token 2,[SEP],-0.00469806356392721,0.000220718012507005
2193,3,11,3,1,Token 3,[CLS],0.0392787836718691,0.0154282284674149
2194,3,11,3,2,Token 3,Token 2,-0.00236286094552624,5.58311184789314e-05
2195,3,11,3,3,Token 3,Token 3,-0.00344585216989647,0.000118738971767802
2196,3,11,3,4,Token 3,Token 4,0.0280938380549597,0.00789263736658301
2197,3,11,3,5,Token 3,Token 5,0.119784240228489,0.143482642071165
2198,3,11,3,6,Token 3,Token 6,-0.0943648067225338,0.0890471674778115
2199,3,11,3,7,Token 3,.,-0.0943272049057162,0.0889762158532498
2200,3,11,3,8,Token 3,[SEP],-0.0872152857392614,0.0760650606658101
2201,3,11,4,1,Token 4,[CLS],0.173740485228026,0.301857562072698
2202,3,11,4,2,Token 4,Token 2,-0.254100258247597,0.645669412414957
2203,3,11,4,3,Token 4,Token 3,0.0433535165574528,0.0187952739789733
2204,3,11,4,4,Token 4,Token 4,0.0201409109492058,0.00405656293863837
2205,3,11,4,5,Token 4,Token 5,0.0300985947904937,0.00905925408362332
2206,3,11,4,6,Token 4,Token 6,-0.0843209961798186,0.0711003039675697
2207,3,11,4,7,Token 4,.,-0.237565646411766,0.564374363550403
2208,3,11,4,8,Token 4,[SEP],-0.210715474656069,0.444010112595324
2209,3,11,5,1,Token 5,[CLS],0.0607141755424272,0.0368621111179667
2210,3,11,5,2,Token 5,Token 2,-0.0473036989911321,0.0223763993824363
2211,3,11,5,3,Token 5,Token 3,0.0675081956259247,0.0455735647666811
2212,3,11,5,4,Token 5,Token 4,0.0502418486544864,0.0252424335622032
2213,3,11,5,5,Token 5,Token 5,-0.0274165610971774,0.00751667822395261
2214,3,11,5,6,Token 5,Token 6,-0.222637402946926,0.495674131909518
2215,3,11,5,7,Token 5,.,-0.239915679786431,0.575595334073853
2216,3,11,5,8,Token 5,[SEP],-0.114021336854121,0.13000865258001
2217,3,11,6,1,Token 6,[CLS],-0.0734460911917152,0.0539432831134174
2218,3,11,6,2,Token 6,Token 2,0.211868646285174,0.448883232787121
2219,3,11,6,3,Token 6,Token 3,-0.0639048667471007,0.040838319939647
2220,3,11,6,4,Token 6,Token 4,0.40543279737629,1.64375753188364
2221,3,11,6,5,Token 6,Token 5,0.121984838317716,0.148803007793992
2222,3,11,6,6,Token 6,Token 6,0.0439552754318548,0.0193206623829022
2223,3,11,6,7,Token 6,.,-0.0220242815655031,0.00485068978476562
2224,3,11,6,8,Token 6,[SEP],-0.631982432873249,3.9940179546039
2225,3,11,7,1,.,[CLS],0.128446577974233,0.164985233932908
2226,3,11,7,2,.,Token 2,-0.0948010509002783,0.0898723925179717
2227,3,11,7,3,.,Token 3,-0.00386836483217729,0.00014964246474826
2228,3,11,7,4,.,Token 4,-0.126144880717821,0.159125309313133
2229,3,11,7,5,.,Token 5,0.0693886301273097,0.0481478199094459
2230,3,11,7,6,.,Token 6,0.313737786520505,0.98431398690786
2231,3,11,7,7,.,.,-0.320817104705776,1.02923614671797
2232,3,11,7,8,.,[SEP],-0.504800100463749,2.54823141428211
2233,3,11,8,1,[SEP],[CLS],-0.0731591327386185,0.0535225870306682
2234,3,11,8,2,[SEP],Token 2,0.052450901325029,0.0275109704980793
2235,3,11,8,3,[SEP],Token 3,0.145364185690604,0.211307464814925
2236,3,11,8,4,[SEP],Token 4,-0.0635033159977802,0.0403267114271393
2237,3,11,8,5,[SEP],Token 5,-0.457141642018423,2.089784808673
2238,3,11,8,6,[SEP],Token 6,0.0675174020053528,0.0455859957355241
2239,3,11,8,7,[SEP],.,-0.0947521048997528,0.0897796138293376
2240,3,11,8,8,[SEP],[SEP],0.338550178485762,1.14616223352741
2241,3,12,1,1,[CLS],[CLS],-0.186992512774185,0.349661998336036
2242,3,12,1,2,[CLS],Token 2,0.10660081286359,0.11363733303178
2243,3,12,1,3,[CLS],Token 3,0.0424515578076363,0.0180213476029509
2244,3,12,1,4,[CLS],Token 4,-0.0435998415761805,0.0190094618546803
2245,3,12,1,5,[CLS],Token 5,-0.477314604705296,2.27829231864973
2246,3,12,1,6,[CLS],Token 6,-0.130242863153644,0.169632034024589
2247,3,12,1,7,[CLS],.,0.308575780911113,0.952190125649031
2248,3,12,1,8,[CLS],[SEP],0.485641745986266,2.35847905444589
2249,3,12,2,1,Token 2,[CLS],0.113200864037439,0.128144356188228
2250,3,12,2,2,Token 2,Token 2,0.0363696683272639,0.0132275277423518
2251,3,12,2,3,Token 2,Token 3,0.0827909222329348,0.0685433680417986
2252,3,12,2,4,Token 2,Token 4,-0.102475988905959,0.105013283022543
2253,3,12,2,5,Token 2,Token 5,-0.132704366128674,0.176104487896131
2254,3,12,2,6,Token 2,Token 6,-0.147170751878937,0.216592302086116
2255,3,12,2,7,Token 2,.,0.158405484603427,0.250922975524466
2256,3,12,2,8,Token 2,[SEP],0.0845103749704055,0.0714200347763854
2257,3,12,3,1,Token 3,[CLS],-0.0289610650686044,0.00838743289907938
2258,3,12,3,2,Token 3,Token 2,0.0149664053057414,0.00223993287775725
2259,3,12,3,3,Token 3,Token 3,0.0833770381572281,0.0695173049187186
2260,3,12,3,4,Token 3,Token 4,-0.220450486294702,0.485984169075706
2261,3,12,3,5,Token 3,Token 5,0.00199115338185447,3.96469179007049e-05
2262,3,12,3,6,Token 3,Token 6,0.159140895902096,0.253258247485217
2263,3,12,3,7,Token 3,.,-0.0489556671234901,0.0239665734350597
2264,3,12,3,8,Token 3,[SEP],-0.126117276640517,0.159055674672207
2265,3,12,4,1,Token 4,[CLS],0.255194960403859,0.651244678155273
2266,3,12,4,2,Token 4,Token 2,0.0513746597803619,0.0263935566754793
2267,3,12,4,3,Token 4,Token 3,-0.0133942623103629,0.00179406262838807
2268,3,12,4,4,Token 4,Token 4,-0.277021570353804,0.767409504412873
2269,3,12,4,5,Token 4,Token 5,-0.274675309580265,0.754465256930143
2270,3,12,4,6,Token 4,Token 6,-0.102195925836815,0.104440072576438
2271,3,12,4,7,Token 4,.,0.158809708184012,0.25220523413491
2272,3,12,4,8,Token 4,[SEP],0.141849500131216,0.201212806874759
2273,3,12,5,1,Token 5,[CLS],-0.0117636572298689,0.00138383631421847
2274,3,12,5,2,Token 5,Token 2,-0.00486149902683809,0.000236341727879477
2275,3,12,5,3,Token 5,Token 3,0.176561850593158,0.311740870848805
2276,3,12,5,4,Token 5,Token 4,0.156676049258692,0.24547384411312
2277,3,12,5,5,Token 5,Token 5,-0.0123829553213562,0.00153337582490703
2278,3,12,5,6,Token 5,Token 6,-0.295457164289029,0.872949359297145
2279,3,12,5,7,Token 5,.,0.28537834301826,0.814407986638478
2280,3,12,5,8,Token 5,[SEP],0.0972748811135607,0.0946240249565737
2281,3,12,6,1,Token 6,[CLS],-0.421121049147558,1.7734293803514
2282,3,12,6,2,Token 6,Token 2,0.578392824582238,3.3453825952822
2283,3,12,6,3,Token 6,Token 3,0.303770680475558,0.922766263165834
2284,3,12,6,4,Token 6,Token 4,0.416226971566338,1.73244891859285
2285,3,12,6,5,Token 6,Token 5,0.0835158463266845,0.0697489658766237
2286,3,12,6,6,Token 6,Token 6,0.488371268946801,2.38506496332709
2287,3,12,6,7,Token 6,.,0.37088756447933,1.37557585485409
2288,3,12,6,8,Token 6,[SEP],0.0945434841828214,0.0893847040142742
2289,3,12,7,1,.,[CLS],0.313109235271321,0.980373932121914
2290,3,12,7,2,.,Token 2,-0.00379671380701114,0.00014415035732349
2291,3,12,7,3,.,Token 3,-0.0753512995908932,0.0567781835003653
2292,3,12,7,4,.,Token 4,-0.190270546215762,0.362028807572446
2293,3,12,7,5,.,Token 5,-0.443603113965946,1.96783722720284
2294,3,12,7,6,.,Token 6,-0.302581309661984,0.915554489567612
2295,3,12,7,7,.,.,-0.190981798498689,0.36474047357794
2296,3,12,7,8,.,[SEP],0.015035577577246,0.00226068593081384
2297,3,12,8,1,[SEP],[CLS],0.112771378160568,0.127173837322338
2298,3,12,8,2,[SEP],Token 2,0.037459835456733,0.0140323927244551
2299,3,12,8,3,[SEP],Token 3,0.0828245007295426,0.06859897921098
2300,3,12,8,4,[SEP],Token 4,-0.154171567851311,0.237688723337313
2301,3,12,8,5,[SEP],Token 5,-0.680191331651017,4.62660247653184
2302,3,12,8,6,[SEP],Token 6,-0.29651588459391,0.879216698165091
2303,3,12,8,7,[SEP],.,-0.0572762613860847,0.032805701183671
2304,3,12,8,8,[SEP],[SEP],0.19101986884781,0.364885902946347
2305,4,1,1,1,[CLS],[CLS],-0.122070470217451,0.149011996991095
2306,4,1,1,2,[CLS],Token 2,-0.0193653564416506,0.0037501703011218
2307,4,1,1,3,[CLS],Token 3,0.0451778228066484,0.0204103567354892
2308,4,1,1,4,[CLS],Token 4,0.0287123576740077,0.00824399483200151
2309,4,1,1,5,[CLS],Token 5,0.061789516727375,0.0381794437740255
2310,4,1,1,6,[CLS],Token 6,0.0921292904425422,0.0848780615744629
2311,4,1,1,7,[CLS],.,-0.180170069262719,0.324612538581329
2312,4,1,1,8,[CLS],[SEP],0.116646033939972,0.136062972339251
2313,4,1,2,1,Token 2,[CLS],0.0175465686051648,0.00307882069815755
2314,4,1,2,2,Token 2,Token 2,-0.15014182431608,0.225425674089607
2315,4,1,2,3,Token 2,Token 3,-0.0136554826806479,0.00186472207241476
2316,4,1,2,4,Token 2,Token 4,0.00533597630500122,0.000284726431275345
2317,4,1,2,5,Token 2,Token 5,-0.139926323063539,0.19579375886082
2318,4,1,2,6,Token 2,Token 6,-0.199686997381304,0.39874896923161
2319,4,1,2,7,Token 2,.,0.0477765076646833,0.0228259468463354
2320,4,1,2,8,Token 2,[SEP],0.140711145797646,0.197996265516862
2321,4,1,3,1,Token 3,[CLS],0.0716846200226669,0.0513868474779413
2322,4,1,3,2,Token 3,Token 2,-0.0252878586351515,0.00639475794351408
2323,4,1,3,3,Token 3,Token 3,-0.0542256511889239,0.0294042124686285
2324,4,1,3,4,Token 3,Token 4,0.00961218836669113,0.000923941651967522
2325,4,1,3,5,Token 3,Token 5,-0.114534993589277,0.131182647564957
2326,4,1,3,6,Token 3,Token 6,-0.0723837153648515,0.0523940225001984
2327,4,1,3,7,Token 3,.,-0.10173837568317,0.103506970866497
2328,4,1,3,8,Token 3,[SEP],0.0094429312985683,0.000891689515094808
2329,4,1,4,1,Token 4,[CLS],0.0234699146966362,0.0055083689586738
2330,4,1,4,2,Token 4,Token 2,0.0176581283337751,0.00311809496252069
2331,4,1,4,3,Token 4,Token 3,0.0226099063927748,0.00511207867090038
2332,4,1,4,4,Token 4,Token 4,-0.196268300108544,0.385212456274975
2333,4,1,4,5,Token 4,Token 5,-0.25154702487414,0.632759057230312
2334,4,1,4,6,Token 4,Token 6,0.0795641739794351,0.0633045778102981
2335,4,1,4,7,Token 4,.,0.080921445107145,0.0654828027822869
2336,4,1,4,8,Token 4,[SEP],0.102256021483887,0.104562939297131
2337,4,1,5,1,Token 5,[CLS],0.277874044954078,0.772139848591408
2338,4,1,5,2,Token 5,Token 2,-0.131365117339863,0.172567940537158
2339,4,1,5,3,Token 5,Token 3,-0.159366955499432,0.25397826505158
2340,4,1,5,4,Token 5,Token 4,-0.0565513821110316,0.0319805881866791
2341,4,1,5,5,Token 5,Token 5,-0.0777469165163696,0.0604458302780334
2342,4,1,5,6,Token 5,Token 6,0.539213067107236,2.90750731739193
2343,4,1,5,7,Token 5,.,0.041016230726656,0.0168233118302228
2344,4,1,5,8,Token 5,[SEP],-0.123221520321022,0.15183543070224
2345,4,1,6,1,Token 6,[CLS],0.22848525473237,0.522055116301159
2346,4,1,6,2,Token 6,Token 2,-0.10812643767503,0.116913265242922
2347,4,1,6,3,Token 6,Token 3,-0.0552747136389809,0.0305529396787134
2348,4,1,6,4,Token 6,Token 4,0.0442254324458996,0.0195588887502683
2349,4,1,6,5,Token 6,Token 5,0.559721461326178,3.13288114269112
2350,4,1,6,6,Token 6,Token 6,0.0376525604424564,0.0141771530787284
2351,4,1,6,7,Token 6,.,-0.262774594104493,0.69050487306781
2352,4,1,6,8,Token 6,[SEP],-0.129412896948389,0.167476978965743
2353,4,1,7,1,.,[CLS],-0.227337557992617,0.516823652740463
2354,4,1,7,2,.,Token 2,-0.143920933539907,0.207132351109983
2355,4,1,7,3,.,Token 3,-0.061497654374513,0.0378196149356707
2356,4,1,7,4,.,Token 4,0.0264966703219933,0.007020735381524
2357,4,1,7,5,.,Token 5,0.00905716953432361,0.000820323199734797
2358,4,1,7,6,.,Token 6,-0.013056689483048,0.00170477140256736
2359,4,1,7,7,.,.,-0.465052921378582,2.16274219682754
2360,4,1,7,8,.,[SEP],0.282953482895906,0.800626734829236
2361,4,1,8,1,[SEP],[CLS],-0.179800958686414,0.323283847445535
2362,4,1,8,2,[SEP],Token 2,0.0298346542479034,0.00890106594091938
2363,4,1,8,3,[SEP],Token 3,0.164827181416396,0.271679997336734
2364,4,1,8,4,[SEP],Token 4,0.0583713360062149,0.0340721286715044
2365,4,1,8,5,[SEP],Token 5,-0.0269833697254471,0.00728102241740175
2366,4,1,8,6,[SEP],Token 6,0.089733622240592,0.0805212296041726
2367,4,1,8,7,[SEP],.,-0.0537091066779055,0.0288466814013863
2368,4,1,8,8,[SEP],[SEP],0.123735147773364,0.153103867944962
2369,4,2,1,1,[CLS],[CLS],-0.170407278274753,0.290386404890093
2370,4,2,1,2,[CLS],Token 2,-0.0231359343542401,0.00535271458443708
2371,4,2,1,3,[CLS],Token 3,0.045007303235657,0.0202565734454638
2372,4,2,1,4,[CLS],Token 4,0.0230440231929437,0.00531027004916925
2373,4,2,1,5,[CLS],Token 5,-0.28851174259495,0.832390256151746
2374,4,2,1,6,[CLS],Token 6,-0.483095762629326,2.3338151587041
2375,4,2,1,7,[CLS],.,0.185974533077244,0.34586526953299
2376,4,2,1,8,[CLS],[SEP],0.376678527574763,1.41886713135891
2377,4,2,2,1,Token 2,[CLS],0.389893838790549,1.52017205526831
2378,4,2,2,2,Token 2,Token 2,-0.0493550196402529,0.0243591796368975
2379,4,2,2,3,Token 2,Token 3,-0.0432913661896611,0.0187414238656733
2380,4,2,2,4,Token 2,Token 4,-0.0893008383142093,0.0797463972362056
2381,4,2,2,5,Token 2,Token 5,-0.207129641884122,0.429026885470445
2382,4,2,2,6,Token 2,Token 6,-0.324592817100294,1.05360496913105
2383,4,2,2,7,Token 2,.,-0.178720105404227,0.319408760756981
2384,4,2,2,8,Token 2,[SEP],0.35313446715495,1.24703951892811
2385,4,2,3,1,Token 3,[CLS],0.211133386158126,0.445773067505963
2386,4,2,3,2,Token 3,Token 2,-0.0581479817256471,0.0338118777876619
2387,4,2,3,3,Token 3,Token 3,-0.0208651768118989,0.00435355603391802
2388,4,2,3,4,Token 3,Token 4,-0.407685176535644,1.66207203166899
2389,4,2,3,5,Token 3,Token 5,-0.310674758343728,0.965188054719338
2390,4,2,3,6,Token 3,Token 6,-0.146624658137218,0.214987903738561
2391,4,2,3,7,Token 3,.,-0.208128402918954,0.433174321015946
2392,4,2,3,8,Token 3,[SEP],0.158249479177041,0.250428976598049
2393,4,2,4,1,Token 4,[CLS],0.372674363196156,1.38886180983661
2394,4,2,4,2,Token 4,Token 2,-0.271350059999273,0.736308550616091
2395,4,2,4,3,Token 4,Token 3,-0.241198705711744,0.581768156370202
2396,4,2,4,4,Token 4,Token 4,-0.140129793032738,0.196363588953979
2397,4,2,4,5,Token 4,Token 5,-0.303810834189439,0.923010229708825
2398,4,2,4,6,Token 4,Token 6,-0.629984027885527,3.96879875390872
2399,4,2,4,7,Token 4,.,-0.186849710646424,0.349128143686523
2400,4,2,4,8,Token 4,[SEP],0.546307601365861,2.9845199531012
2401,4,2,5,1,Token 5,[CLS],-0.00217392706645086,4.72595889024766e-05
2402,4,2,5,2,Token 5,Token 2,-0.141727219445784,0.200866047318333
2403,4,2,5,3,Token 5,Token 3,-0.0915267129585105,0.0837713918498957
2404,4,2,5,4,Token 5,Token 4,-0.0341060757923304,0.0116322440595219
2405,4,2,5,5,Token 5,Token 5,-0.40830233876994,1.66710799845003
2406,4,2,5,6,Token 5,Token 6,-0.388139665891311,1.50652400238218
2407,4,2,5,7,Token 5,.,-0.539461825527847,2.91019061201837
2408,4,2,5,8,Token 5,[SEP],0.20535554839869,0.421709012581268
2409,4,2,6,1,Token 6,[CLS],-0.0222739053017026,0.00496126857389216
2410,4,2,6,2,Token 6,Token 2,-0.463895344858481,2.1519889098137
2411,4,2,6,3,Token 6,Token 3,0.0578787262696485,0.033499469545969
2412,4,2,6,4,Token 6,Token 4,-0.145538811383337,0.211815456188745
2413,4,2,6,5,Token 6,Token 5,-0.410261023092367,1.68314107068795
2414,4,2,6,6,Token 6,Token 6,-0.00589982925860391,0.000348079852806788
2415,4,2,6,7,Token 6,.,-0.269976004703232,0.728870431155196
2416,4,2,6,8,Token 6,[SEP],0.28598862207895,0.817894919586166
2417,4,2,7,1,.,[CLS],0.23263071287846,0.541170485743406
2418,4,2,7,2,.,Token 2,-0.238009909507526,0.566487170237809
2419,4,2,7,3,.,Token 3,-0.324125836468568,1.05057557866449
2420,4,2,7,4,.,Token 4,-0.292434954700852,0.855182027308893
2421,4,2,7,5,.,Token 5,-0.63179742893872,3.99167991213577
2422,4,2,7,6,.,Token 6,-0.744713117295031,5.54597627071282
2423,4,2,7,7,.,.,-0.0647170769625708,0.0418830005057931
2424,4,2,7,8,.,[SEP],0.514818143946761,2.65037721336788
2425,4,2,8,1,[SEP],[CLS],-0.117264687321048,0.137510068925032
2426,4,2,8,2,[SEP],Token 2,-0.0927865263299879,0.0860933946838554
2427,4,2,8,3,[SEP],Token 3,-0.112671510580988,0.126948692966018
2428,4,2,8,4,[SEP],Token 4,-0.160378341438793,0.25721212402658
2429,4,2,8,5,[SEP],Token 5,-0.55761580652793,3.10935387689794
2430,4,2,8,6,[SEP],Token 6,-0.532579936960022,2.83641389252341
2431,4,2,8,7,[SEP],.,0.0141853658570207,0.00201224604497527
2432,4,2,8,8,[SEP],[SEP],0.277147649710158,0.768108197398643
2433,4,3,1,1,[CLS],[CLS],0.335922162718184,1.12843699405262
2434,4,3,1,2,[CLS],Token 2,0.0958731885807538,0.0919166828864078
2435,4,3,1,3,[CLS],Token 3,-0.24547052766678,0.602557799530075
2436,4,3,1,4,[CLS],Token 4,0.0995357537980575,0.0990736628414752
2437,4,3,1,5,[CLS],Token 5,-0.227120919095143,0.515839118906224
2438,4,3,1,6,[CLS],Token 6,-0.100370699335218,0.100742772850407
2439,4,3,1,7,[CLS],.,0.464502843093529,2.15762891241972
2440,4,3,1,8,[CLS],[SEP],0.220155444006745,0.48468419525807
2441,4,3,2,1,Token 2,[CLS],-0.00966787536664321,0.000934678141049466
2442,4,3,2,2,Token 2,Token 2,-0.0137119196475952,0.00188016740422109
2443,4,3,2,3,Token 2,Token 3,0.0494274410491808,0.0244307192867024
2444,4,3,2,4,Token 2,Token 4,0.227196830092465,0.516183996040646
2445,4,3,2,5,Token 2,Token 5,0.0825944760713929,0.0682184747750789
2446,4,3,2,6,Token 2,Token 6,0.00512838543731055,0.000263003371936189
2447,4,3,2,7,Token 2,.,-0.129777333223897,0.168421562187064
2448,4,3,2,8,Token 2,[SEP],0.224264934401527,0.502947608021212
2449,4,3,3,1,Token 3,[CLS],-0.049748694520228,0.0247493260646696
2450,4,3,3,2,Token 3,Token 2,0.0327724184675706,0.0107403141221356
2451,4,3,3,3,Token 3,Token 3,-0.00222536181806448,4.95223522129924e-05
2452,4,3,3,4,Token 3,Token 4,0.124645013844469,0.155363794762879
2453,4,3,3,5,Token 3,Token 5,0.371384875288232,1.37926725592855
2454,4,3,3,6,Token 3,Token 6,0.28656047252792,0.821169044154247
2455,4,3,3,7,Token 3,.,-0.0854174463563207,0.0729614014203494
2456,4,3,3,8,Token 3,[SEP],-0.134917327642672,0.182026852982401
2457,4,3,4,1,Token 4,[CLS],-0.249363086718828,0.621819490179415
2458,4,3,4,2,Token 4,Token 2,0.197228869539226,0.38899226979721
2459,4,3,4,3,Token 4,Token 3,0.0688365814749785,0.0473847494916135
2460,4,3,4,4,Token 4,Token 4,0.0266853714250439,0.00712109048092547
2461,4,3,4,5,Token 4,Token 5,0.37514268537306,1.40732034388911
2462,4,3,4,6,Token 4,Token 6,0.000205374579525011,4.21787179150749e-07
2463,4,3,4,7,Token 4,.,-0.121193530183854,0.146878717584248
2464,4,3,4,8,Token 4,[SEP],-0.0179511196960014,0.00322242698340169
2465,4,3,5,1,Token 5,[CLS],-0.683085445744346,4.66605726187752
2466,4,3,5,2,Token 5,Token 2,0.145225911537386,0.210905653818645
2467,4,3,5,3,Token 5,Token 3,0.213457755705226,0.455642134707122
2468,4,3,5,4,Token 5,Token 4,0.287989005436986,0.829376672525841
2469,4,3,5,5,Token 5,Token 5,0.167892756012595,0.281879775215048
2470,4,3,5,6,Token 5,Token 6,0.461348982527449,2.12842883679113
2471,4,3,5,7,Token 5,.,-0.112626275798969,0.126846780003455
2472,4,3,5,8,Token 5,[SEP],-0.248060808455033,0.615341646913647
2473,4,3,6,1,Token 6,[CLS],-0.424154603459168,1.79907127635604
2474,4,3,6,2,Token 6,Token 2,0.259086994798401,0.671260708736665
2475,4,3,6,3,Token 6,Token 3,0.268621052684464,0.721572699453098
2476,4,3,6,4,Token 6,Token 4,0.649415046777257,4.21739902980708
2477,4,3,6,5,Token 6,Token 5,0.488091073234029,2.38232895770746
2478,4,3,6,6,Token 6,Token 6,0.256596482985171,0.658417550803591
2479,4,3,6,7,Token 6,.,0.185866347087809,0.34546298979766
2480,4,3,6,8,Token 6,[SEP],-0.639725908126786,4.09249237528641
2481,4,3,7,1,.,[CLS],0.0462980184027564,0.0214350650802197
2482,4,3,7,2,.,Token 2,-0.00705876047206874,0.000498260994020402
2483,4,3,7,3,.,Token 3,-0.0673817202167377,0.0454029621936672
2484,4,3,7,4,.,Token 4,0.0736191613631863,0.0541978091981887
2485,4,3,7,5,.,Token 5,-0.054070382011549,0.0292360621087484
2486,4,3,7,6,.,Token 6,-0.246597266349654,0.608102117711221
2487,4,3,7,7,.,.,-0.274810219217053,0.755206565861246
2488,4,3,7,8,.,[SEP],0.474630794277202,2.25274390876208
2489,4,3,8,1,[SEP],[CLS],0.0182966059840569,0.00334765790535825
2490,4,3,8,2,[SEP],Token 2,0.0243370368366861,0.00592291361990218
2491,4,3,8,3,[SEP],Token 3,-0.183600957573148,0.337093116217767
2492,4,3,8,4,[SEP],Token 4,-0.0548707332234644,0.030107973644806
2493,4,3,8,5,[SEP],Token 5,-0.241674389280745,0.58406510434221
2494,4,3,8,6,[SEP],Token 6,-0.326673575426233,1.06715624881759
2495,4,3,8,7,[SEP],.,0.112372924877128,0.126276742454407
2496,4,3,8,8,[SEP],[SEP],0.235240003166797,0.553378590899148
2497,4,4,1,1,[CLS],[CLS],-0.109559037171314,0.120031826259053
2498,4,4,1,2,[CLS],Token 2,0.0881527236267207,0.07770902682809
2499,4,4,1,3,[CLS],Token 3,-0.0291035713556691,0.00847017865654521
2500,4,4,1,4,[CLS],Token 4,0.0331612955516829,0.0109967152266606
2501,4,4,1,5,[CLS],Token 5,-0.181055604719018,0.327811320001694
2502,4,4,1,6,[CLS],Token 6,-0.0385278181060975,0.0148439276801653
2503,4,4,1,7,[CLS],.,0.181495441948959,0.329405954482479
2504,4,4,1,8,[CLS],[SEP],0.0625087850749699,0.0390734821154878
2505,4,4,2,1,Token 2,[CLS],0.0486281510811444,0.023646970775706
2506,4,4,2,2,Token 2,Token 2,-0.0357349239985885,0.012769847931849
2507,4,4,2,3,Token 2,Token 3,-0.0499897939608343,0.0249897950024667
2508,4,4,2,4,Token 2,Token 4,-0.122638086491472,0.150401002582899
2509,4,4,2,5,Token 2,Token 5,0.219567031597571,0.482096813645687
2510,4,4,2,6,Token 2,Token 6,0.268857525645712,0.722843690963345
2511,4,4,2,7,Token 2,.,-0.13841164546431,0.191577836001379
2512,4,4,2,8,Token 2,[SEP],-0.0206866631318771,0.00427938031531763
2513,4,4,3,1,Token 3,[CLS],-0.00464512826804073,0.000215772166265511
2514,4,4,3,2,Token 3,Token 2,-0.0882286484536792,0.0778429440796291
2515,4,4,3,3,Token 3,Token 3,-0.108552721619131,0.117836933709204
2516,4,4,3,4,Token 3,Token 4,-0.287114574082408,0.824347786505225
2517,4,4,3,5,Token 3,Token 5,0.0192516062444824,0.00370624342992596
2518,4,4,3,6,Token 3,Token 6,0.28052388144564,0.786936480613272
2519,4,4,3,7,Token 3,.,-0.0695906415630753,0.0484285739316042
2520,4,4,3,8,Token 3,[SEP],-0.0899583231663829,0.0809249990690739
2521,4,4,4,1,Token 4,[CLS],0.456424972180676,2.08323755230131
2522,4,4,4,2,Token 4,Token 2,0.295177848694358,0.871299623598292
2523,4,4,4,3,Token 4,Token 3,-0.212753506514396,0.452640545341711
2524,4,4,4,4,Token 4,Token 4,-0.0231682874463333,0.00536769543195923
2525,4,4,4,5,Token 4,Token 5,0.194770236797167,0.379354451420246
2526,4,4,4,6,Token 4,Token 6,-0.352517521402882,1.24268602896032
2527,4,4,4,7,Token 4,.,0.095517294769423,0.0912355360006884
2528,4,4,4,8,Token 4,[SEP],0.425401809454846,1.80966699487457
2529,4,4,5,1,Token 5,[CLS],0.019046003138669,0.00362750235558188
2530,4,4,5,2,Token 5,Token 2,0.120332281503709,0.144798579718878
2531,4,4,5,3,Token 5,Token 3,0.0741660782064415,0.0550060715652399
2532,4,4,5,4,Token 5,Token 4,-0.160139725416856,0.25644731656586
2533,4,4,5,5,Token 5,Token 5,0.090394576942968,0.0817117954069816
2534,4,4,5,6,Token 5,Token 6,-0.113350656446584,0.128483713168714
2535,4,4,5,7,Token 5,.,-0.297508025443161,0.885110252030889
2536,4,4,5,8,Token 5,[SEP],0.388686729662559,1.51077373815775
2537,4,4,6,1,Token 6,[CLS],0.0484250007100423,0.0234498069376759
2538,4,4,6,2,Token 6,Token 2,0.372381823078049,1.38668222158932
2539,4,4,6,3,Token 6,Token 3,0.241917314840528,0.58523987219651
2540,4,4,6,4,Token 6,Token 4,-0.0983347726013282,0.0966972750255492
2541,4,4,6,5,Token 6,Token 5,0.260420709175479,0.678189457674595
2542,4,4,6,6,Token 6,Token 6,0.27906055783876,0.778747949412802
2543,4,4,6,7,Token 6,.,0.23302104061001,0.54298805366972
2544,4,4,6,8,Token 6,[SEP],-0.346837806702408,1.20296464158137
2545,4,4,7,1,.,[CLS],0.0761350834515924,0.0579655093218095
2546,4,4,7,2,.,Token 2,-0.144971888555612,0.210168484713808
2547,4,4,7,3,.,Token 3,-0.108601786430405,0.117943480158754
2548,4,4,7,4,.,Token 4,-0.0429524895256218,0.0184491635644865
2549,4,4,7,5,.,Token 5,0.00222683095389358,4.95877609721861e-05
2550,4,4,7,6,.,Token 6,0.452943564843052,2.05157872932731
2551,4,4,7,7,.,.,-0.0303180730904924,0.00919185555920438
2552,4,4,7,8,.,[SEP],-0.252897757739818,0.63957275869828
2553,4,4,8,1,[SEP],[CLS],-0.221999126893721,0.492836123415745
2554,4,4,8,2,[SEP],Token 2,-0.124920371782372,0.156050992862461
2555,4,4,8,3,[SEP],Token 3,-0.204436991333756,0.417944834255984
2556,4,4,8,4,[SEP],Token 4,-0.0901689202363234,0.0813043417658447
2557,4,4,8,5,[SEP],Token 5,-0.0139742848743448,0.00195280637749341
2558,4,4,8,6,[SEP],Token 6,0.533337708168523,2.84449110954452
2559,4,4,8,7,[SEP],.,0.00141035712818341,1.98910722901776e-05
2560,4,4,8,8,[SEP],[SEP],0.176444182894322,0.31132549677245
2561,4,5,1,1,[CLS],[CLS],0.41011775794699,1.68196575383466
2562,4,5,1,2,[CLS],Token 2,-0.0736060924157867,0.0541785684072133
2563,4,5,1,3,[CLS],Token 3,-0.084627181139979,0.0716175978769883
2564,4,5,1,4,[CLS],Token 4,0.0829408007574048,0.0687917643027952
2565,4,5,1,5,[CLS],Token 5,-0.295563767414967,0.873579406085284
2566,4,5,1,6,[CLS],Token 6,-0.397867309806478,1.58298396212644
2567,4,5,1,7,[CLS],.,0.552484580510829,3.05239211702226
2568,4,5,1,8,[CLS],[SEP],0.108333033069902,0.117360460541244
2569,4,5,2,1,Token 2,[CLS],0.288737962710328,0.833696111101104
2570,4,5,2,2,Token 2,Token 2,-0.134346787820396,0.180490593976585
2571,4,5,2,3,Token 2,Token 3,-0.122138975227329,0.14917929269582
2572,4,5,2,4,Token 2,Token 4,0.0725107059161119,0.0525780247245286
2573,4,5,2,5,Token 2,Token 5,-0.387698088001986,1.50309807440395
2574,4,5,2,6,Token 2,Token 6,-0.593074534259572,3.51737403187208
2575,4,5,2,7,Token 2,.,0.228577919643112,0.522478653483731
2576,4,5,2,8,Token 2,[SEP],0.413670312926212,1.7112312779647
2577,4,5,3,1,Token 3,[CLS],0.00593811465590366,0.000352612056666579
2578,4,5,3,2,Token 3,Token 2,0.0680548020610814,0.0463145608357297
2579,4,5,3,3,Token 3,Token 3,-0.0158451183859666,0.00251067776665297
2580,4,5,3,4,Token 3,Token 4,-0.0427216544978398,0.0182513976303279
2581,4,5,3,5,Token 3,Token 5,-0.111349041468827,0.123986090360265
2582,4,5,3,6,Token 3,Token 6,-0.146719660641618,0.215266588187917
2583,4,5,3,7,Token 3,.,-0.052819496710078,0.0278989923270594
2584,4,5,3,8,Token 3,[SEP],0.0971021760416555,0.0942883259202466
2585,4,5,4,1,Token 4,[CLS],-0.0834708158709838,0.0696737710216769
2586,4,5,4,2,Token 4,Token 2,0.0146233722873992,0.00213843017055876
2587,4,5,4,3,Token 4,Token 3,-0.045990822238217,0.0211515573014727
2588,4,5,4,4,Token 4,Token 4,0.0944357699093165,0.0891811463836536
2589,4,5,4,5,Token 4,Token 5,-0.171011794315111,0.292450337948739
2590,4,5,4,6,Token 4,Token 6,-0.0632541136210034,0.040010828899788
2591,4,5,4,7,Token 4,.,0.122895642884158,0.151033390399104
2592,4,5,4,8,Token 4,[SEP],0.0619657785554342,0.0383975771198111
2593,4,5,5,1,Token 5,[CLS],-0.288515330802532,0.832410961080944
2594,4,5,5,2,Token 5,Token 2,-0.134780459751306,0.181657723307734
2595,4,5,5,3,Token 5,Token 3,-0.136883301046538,0.187370381053971
2596,4,5,5,4,Token 5,Token 4,-0.100346677985664,0.100694557827585
2597,4,5,5,5,Token 5,Token 5,-0.156123449941995,0.243745316217907
2598,4,5,5,6,Token 5,Token 6,0.00304920920735524,9.29767679021996e-05
2599,4,5,5,7,Token 5,.,0.237549152478541,0.564295998432732
2600,4,5,5,8,Token 5,[SEP],0.21756732393011,0.473355404421092
2601,4,5,6,1,Token 6,[CLS],-0.224724217028269,0.505009737189685
2602,4,5,6,2,Token 6,Token 2,0.167443333525834,0.280372699422436
2603,4,5,6,3,Token 6,Token 3,0.161618012762474,0.261203820492913
2604,4,5,6,4,Token 6,Token 4,0.209574066058693,0.439212891643734
2605,4,5,6,5,Token 6,Token 5,-0.0379043002196175,0.0143673597513889
2606,4,5,6,6,Token 6,Token 6,0.0828951248362524,0.0687160172161788
2607,4,5,6,7,Token 6,.,0.0765412804005612,0.0585856760535734
2608,4,5,6,8,Token 6,[SEP],-0.0257866317367557,0.00664950376327058
2609,4,5,7,1,.,[CLS],0.0136043027510523,0.0018507705334229
2610,4,5,7,2,.,Token 2,-0.0842568722025306,0.0709922051335358
2611,4,5,7,3,.,Token 3,-0.0423466801693448,0.0179324132136478
2612,4,5,7,4,.,Token 4,0.0796360160206544,0.0634189504764193
2613,4,5,7,5,.,Token 5,-0.266766986714732,0.711646252008579
2614,4,5,7,6,.,Token 6,-0.0734525385085432,0.0539527541334903
2615,4,5,7,7,.,.,0.143913443985086,0.207110793596486
2616,4,5,7,8,.,[SEP],0.233457714688368,0.545025045475155
2617,4,5,8,1,[SEP],[CLS],0.024254298524168,0.00588270996899461
2618,4,5,8,2,[SEP],Token 2,0.00529568189186786,0.000280442466998572
2619,4,5,8,3,[SEP],Token 3,-0.0806602134458376,0.0650607003312808
2620,4,5,8,4,[SEP],Token 4,-0.016142779932624,0.00260589343953129
2621,4,5,8,5,[SEP],Token 5,-0.305491613483808,0.933251259089403
2622,4,5,8,6,[SEP],Token 6,0.0277113879003952,0.0076792101936617
2623,4,5,8,7,[SEP],.,0.00224783878386209,5.05277919823459e-05
2624,4,5,8,8,[SEP],[SEP],-0.0146486056496145,0.00214581647477918
2625,4,6,1,1,[CLS],[CLS],-0.401127759435184,1.60903479389491
2626,4,6,1,2,[CLS],Token 2,0.0484412583532396,0.0234655551084531
2627,4,6,1,3,[CLS],Token 3,0.124989600404516,0.156224002092806
2628,4,6,1,4,[CLS],Token 4,0.0592225679494519,0.0350731255452744
2629,4,6,1,5,[CLS],Token 5,-0.0194650452355508,0.00378887986022037
2630,4,6,1,6,[CLS],Token 6,0.0653960552083339,0.0427664403681146
2631,4,6,1,7,[CLS],.,0.273288282396023,0.746864852949684
2632,4,6,1,8,[CLS],[SEP],0.0669517607784205,0.0448253827133085
2633,4,6,2,1,Token 2,[CLS],0.0101132922165021,0.00102278679456361
2634,4,6,2,2,Token 2,Token 2,0.0475115267364812,0.0225734517283136
2635,4,6,2,3,Token 2,Token 3,-0.0311253821223857,0.00968789412264528
2636,4,6,2,4,Token 2,Token 4,0.0839783802541698,0.0705236835011395
2637,4,6,2,5,Token 2,Token 5,0.274576457205831,0.753922308517058
2638,4,6,2,6,Token 2,Token 6,0.22207624746329,0.493178596873765
2639,4,6,2,7,Token 2,.,-0.0899831999735353,0.0809697627747724
2640,4,6,2,8,Token 2,[SEP],-0.0506913479269731,0.0256961275465344
2641,4,6,3,1,Token 3,[CLS],-0.0581726948595114,0.0338406242721782
2642,4,6,3,2,Token 3,Token 2,0.0534420028331202,0.0285604766681523
2643,4,6,3,3,Token 3,Token 3,-0.0501036950112347,0.0251038025377882
2644,4,6,3,4,Token 3,Token 4,-0.0391886131135088,0.0153574739776027
2645,4,6,3,5,Token 3,Token 5,0.111959678228712,0.125349695490768
2646,4,6,3,6,Token 3,Token 6,0.191395598013768,0.366322749390478
2647,4,6,3,7,Token 3,.,-0.0748321953312946,0.0559985745810102
2648,4,6,3,8,Token 3,[SEP],0.212547671893512,0.45176512827352
2649,4,6,4,1,Token 4,[CLS],0.0327789693654174,0.0107446083265897
2650,4,6,4,2,Token 4,Token 2,0.112370296582068,0.12627083553942
2651,4,6,4,3,Token 4,Token 3,-0.035355092387754,0.0124998255774662
2652,4,6,4,4,Token 4,Token 4,0.00596057702465753,0.000355284784668752
2653,4,6,4,5,Token 4,Token 5,-0.129175018345844,0.166861853646493
2654,4,6,4,6,Token 4,Token 6,-0.103253528838361,0.106612912175742
2655,4,6,4,7,Token 4,.,0.0374183305039979,0.0140013145770642
2656,4,6,4,8,Token 4,[SEP],-0.00709300660697658,0.000503107427266133
2657,4,6,5,1,Token 5,[CLS],-0.0269262071427561,0.00725020631094608
2658,4,6,5,2,Token 5,Token 2,0.219347365672097,0.481132668272885
2659,4,6,5,3,Token 5,Token 3,0.257841091544247,0.664820284887287
2660,4,6,5,4,Token 5,Token 4,-0.04104550167499,0.0168473320775161
2661,4,6,5,5,Token 5,Token 5,0.0788911965177814,0.0622382088800721
2662,4,6,5,6,Token 5,Token 6,-0.135322422955018,0.183121581544169
2663,4,6,5,7,Token 5,.,0.10701393338713,0.114519819389852
2664,4,6,5,8,Token 5,[SEP],-0.110504818596656,0.1221131493308
2665,4,6,6,1,Token 6,[CLS],-0.243146182253892,0.591200659446427
2666,4,6,6,2,Token 6,Token 2,0.333657590079262,1.11327387417501
2667,4,6,6,3,Token 6,Token 3,0.376807127879521,1.41983611620814
2668,4,6,6,4,Token 6,Token 4,0.0906128953932592,0.0821069681154973
2669,4,6,6,5,Token 6,Token 5,0.113430459093055,0.128664690500612
2670,4,6,6,6,Token 6,Token 6,0.00516361038936236,0.000266628722531309
2671,4,6,6,7,Token 6,.,0.293499613753812,0.861420232736369
2672,4,6,6,8,Token 6,[SEP],0.165733943402851,0.274677399958595
2673,4,6,7,1,.,[CLS],-0.0341331818861512,0.0116507410567308
2674,4,6,7,2,.,Token 2,0.438582761335517,1.92354838540687
2675,4,6,7,3,.,Token 3,-0.0275340015558565,0.00758121241677906
2676,4,6,7,4,.,Token 4,0.172161200981708,0.296394791234641
2677,4,6,7,5,.,Token 5,0.0621143542503952,0.0385819300394359
2678,4,6,7,6,.,Token 6,0.00548106919742987,0.000300421195470145
2679,4,6,7,7,.,.,0.0560375309542567,0.0314020487544928
2680,4,6,7,8,.,[SEP],-0.0555783172947696,0.0308894935331808
2681,4,6,8,1,[SEP],[CLS],-0.232584120365561,0.540953730462215
2682,4,6,8,2,[SEP],Token 2,0.065961425554652,0.0435090966120189
2683,4,6,8,3,[SEP],Token 3,0.0559133931550218,0.0312630753410803
2684,4,6,8,4,[SEP],Token 4,-0.0170781629170761,0.00291663648622193
2685,4,6,8,5,[SEP],Token 5,0.040854780449879,0.0166911308560782
2686,4,6,8,6,[SEP],Token 6,0.289737697765424,0.839479335064083
2687,4,6,8,7,[SEP],.,0.0303761887742845,0.00922712844450966
2688,4,6,8,8,[SEP],[SEP],0.247371492231052,0.611926551686176
2689,4,7,1,1,[CLS],[CLS],0.0316284877042312,0.010003612344567
2690,4,7,1,2,[CLS],Token 2,-0.0107037320004358,0.00114569878737153
2691,4,7,1,3,[CLS],Token 3,0.0328805991776661,0.0108113380228234
2692,4,7,1,4,[CLS],Token 4,0.0671180328610683,0.0450483033513943
2693,4,7,1,5,[CLS],Token 5,-0.100192512881109,0.100385396374312
2694,4,7,1,6,[CLS],Token 6,-0.0120245094463956,0.00144588827426458
2695,4,7,1,7,[CLS],.,0.108923920854538,0.118644205343256
2696,4,7,1,8,[CLS],[SEP],-0.0146510653595009,0.00214653716168369
2697,4,7,2,1,Token 2,[CLS],0.0733674680626071,0.0538278536991768
2698,4,7,2,2,Token 2,Token 2,-0.0618211368627964,0.038218529630086
2699,4,7,2,3,Token 2,Token 3,0.0385153423889437,0.0148343159933757
2700,4,7,2,4,Token 2,Token 4,-0.0647464311744352,0.0419210034982587
2701,4,7,2,5,Token 2,Token 5,-0.0528970960525301,0.0279810277079059
2702,4,7,2,6,Token 2,Token 6,0.0055952228197171,0.00031306518402283
2703,4,7,2,7,Token 2,.,-0.258715962140499,0.669339490662842
2704,4,7,2,8,Token 2,[SEP],0.10862418378314,0.117992133025535
2705,4,7,3,1,Token 3,[CLS],0.0255505607860757,0.00652831156482951
2706,4,7,3,2,Token 3,Token 2,0.00471418616805199,0.000222235512270526
2707,4,7,3,3,Token 3,Token 3,0.158252321797805,0.250437973543961
2708,4,7,3,4,Token 3,Token 4,-0.0405026451334465,0.016404642628059
2709,4,7,3,5,Token 3,Token 5,-0.0392597613492839,0.0154132886120272
2710,4,7,3,6,Token 3,Token 6,-0.0210262826430751,0.00442104561786482
2711,4,7,3,7,Token 3,.,-0.325734334809332,1.06102856873678
2712,4,7,3,8,Token 3,[SEP],0.049376590005977,0.0243804764061835
2713,4,7,4,1,Token 4,[CLS],0.0535473746119235,0.0286732132782967
2714,4,7,4,2,Token 4,Token 2,-0.0538413486197012,0.028988908211882
2715,4,7,4,3,Token 4,Token 3,-0.0593682488779007,0.0352458897482835
2716,4,7,4,4,Token 4,Token 4,-0.1050520591332,0.110359351281253
2717,4,7,4,5,Token 4,Token 5,0.105965078152875,0.112285977879448
2718,4,7,4,6,Token 4,Token 6,0.0977550976265598,0.0955605911197825
2719,4,7,4,7,Token 4,.,-0.0033993890755958,0.000115558460872801
2720,4,7,4,8,Token 4,[SEP],0.108421773581851,0.117552809866342
2721,4,7,5,1,Token 5,[CLS],-0.255557083269621,0.653094228092761
2722,4,7,5,2,Token 5,Token 2,0.184490547717782,0.340367621972072
2723,4,7,5,3,Token 5,Token 3,-0.218862100045391,0.479006188362787
2724,4,7,5,4,Token 5,Token 4,-0.0461711186296289,0.0213177219551126
2725,4,7,5,5,Token 5,Token 5,0.268480080590955,0.720815536741258
2726,4,7,5,6,Token 5,Token 6,0.020558228169626,0.00422640745474405
2727,4,7,5,7,Token 5,.,-0.0545721387391131,0.0297811832656102
2728,4,7,5,8,Token 5,[SEP],0.0678283975704212,0.0460069151697112
2729,4,7,6,1,Token 6,[CLS],0.0257994898587817,0.00665613676973376
2730,4,7,6,2,Token 6,Token 2,-0.128249773275941,0.164480043453303
2731,4,7,6,3,Token 6,Token 3,0.108654513985564,0.11805803409439
2732,4,7,6,4,Token 6,Token 4,-0.153334139242268,0.235113582571672
2733,4,7,6,5,Token 6,Token 5,0.251076759982421,0.630395394032702
2734,4,7,6,6,Token 6,Token 6,0.0361732303252816,0.0130850259216587
2735,4,7,6,7,Token 6,.,-0.432094823640238,1.86705936616689
2736,4,7,6,8,Token 6,[SEP],0.0534007657978283,0.028516417877945
2737,4,7,7,1,.,[CLS],-0.0399301052243787,0.0159441330322996
2738,4,7,7,2,.,Token 2,-0.0596788405888947,0.0356156401403471
2739,4,7,7,3,.,Token 3,0.0133986258541325,0.00179523174779029
2740,4,7,7,4,.,Token 4,0.00724148803093099,0.000524391489021168
2741,4,7,7,5,.,Token 5,0.435054672654375,1.89272568198406
2742,4,7,7,6,.,Token 6,0.121934205311734,0.148679504250041
2743,4,7,7,7,.,.,-0.283270644924837,0.802422582761329
2744,4,7,7,8,.,[SEP],0.0200927239574191,0.00403717556029045
2745,4,7,8,1,[SEP],[CLS],0.0717698774442177,0.0515091530835803
2746,4,7,8,2,[SEP],Token 2,-0.002223889411722,4.94568411556922e-05
2747,4,7,8,3,[SEP],Token 3,0.0792496772040448,0.062805113369453
2748,4,7,8,4,[SEP],Token 4,-0.0103312765465619,0.00106735275081541
2749,4,7,8,5,[SEP],Token 5,-0.407989168856171,1.66455161903949
2750,4,7,8,6,[SEP],Token 6,-0.506181835167544,2.56220050253582
2751,4,7,8,7,[SEP],.,-0.0716673794154898,0.0513621327228376
2752,4,7,8,8,[SEP],[SEP],0.383822163112205,1.47319452896132
2753,4,8,1,1,[CLS],[CLS],-0.233275181411287,0.544173102624689
2754,4,8,1,2,[CLS],Token 2,0.0487817539879533,0.023796595221412
2755,4,8,1,3,[CLS],Token 3,-0.0356798195541481,0.0127304952341657
2756,4,8,1,4,[CLS],Token 4,0.145541300383927,0.211822701174445
2757,4,8,1,5,[CLS],Token 5,0.09526281676111,0.0907500425726082
2758,4,8,1,6,[CLS],Token 6,-0.00880760779832819,0.000775739551291716
2759,4,8,1,7,[CLS],.,0.397511815602422,1.58015643543534
2760,4,8,1,8,[CLS],[SEP],0.0807286797712586,0.0651711973761041
2761,4,8,2,1,Token 2,[CLS],0.101474425878668,0.102970591074053
2762,4,8,2,2,Token 2,Token 2,-0.0348170641467867,0.0121222795580146
2763,4,8,2,3,Token 2,Token 3,-0.390377078025143,1.52394263047449
2764,4,8,2,4,Token 2,Token 4,0.0320892257084971,0.0102971840657087
2765,4,8,2,5,Token 2,Token 5,-0.0508312433416966,0.0258381529966277
2766,4,8,2,6,Token 2,Token 6,0.0354299705470903,0.0125528281296769
2767,4,8,2,7,Token 2,.,-0.0837842871970407,0.0701980678111619
2768,4,8,2,8,Token 2,[SEP],0.102220125061723,0.104489539676342
2769,4,8,3,1,Token 3,[CLS],-0.0979737016510365,0.0959884621520633
2770,4,8,3,2,Token 3,Token 2,-0.0660170326247058,0.0435824859657148
2771,4,8,3,3,Token 3,Token 3,-0.0663375932440529,0.0440067627741342
2772,4,8,3,4,Token 3,Token 4,0.122701883578464,0.150557522337029
2773,4,8,3,5,Token 3,Token 5,-0.0595476146998464,0.0354591841644136
2774,4,8,3,6,Token 3,Token 6,0.208452046191506,0.434522555614257
2775,4,8,3,7,Token 3,.,-0.0948231394487287,0.0899142777491306
2776,4,8,3,8,Token 3,[SEP],0.0704874413775883,0.0496847939195894
2777,4,8,4,1,Token 4,[CLS],0.0897169746411405,0.0804913553875906
2778,4,8,4,2,Token 4,Token 2,-0.0774531362317733,0.0599898831213763
2779,4,8,4,3,Token 4,Token 3,-0.165236166756862,0.273029908045014
2780,4,8,4,4,Token 4,Token 4,-0.173595754463798,0.301354859678553
2781,4,8,4,5,Token 4,Token 5,0.054944098831202,0.0301885399637289
2782,4,8,4,6,Token 4,Token 6,0.214312894513706,0.459300167548429
2783,4,8,4,7,Token 4,.,-0.13440043956695,0.180634781557895
2784,4,8,4,8,Token 4,[SEP],0.0449492944472334,0.0202043907130409
2785,4,8,5,1,Token 5,[CLS],0.0666751835099211,0.0444558009608165
2786,4,8,5,2,Token 5,Token 2,-0.11644430161743,0.13559275379171
2787,4,8,5,3,Token 5,Token 3,-0.0571570220437332,0.032669251689078
2788,4,8,5,4,Token 5,Token 4,-0.109641725397721,0.120213079481892
2789,4,8,5,5,Token 5,Token 5,0.0544133154765892,0.0296080890115482
2790,4,8,5,6,Token 5,Token 6,0.175135180355444,0.306723313981338
2791,4,8,5,7,Token 5,.,0.213262626090359,0.454809476869562
2792,4,8,5,8,Token 5,[SEP],-0.0886038802052325,0.0785064758742319
2793,4,8,6,1,Token 6,[CLS],0.0954714486131905,0.0911479750030107
2794,4,8,6,2,Token 6,Token 2,0.142708918383064,0.203658353860642
2795,4,8,6,3,Token 6,Token 3,-0.141680140064313,0.200732620886434
2796,4,8,6,4,Token 6,Token 4,-0.125549594798804,0.157627007541438
2797,4,8,6,5,Token 6,Token 5,-0.152608172650494,0.232892543597229
2798,4,8,6,6,Token 6,Token 6,0.43185086087157,1.86495166035516
2799,4,8,6,7,Token 6,.,0.380761017272289,1.44978952274229
2800,4,8,6,8,Token 6,[SEP],-0.192129392218422,0.369137033542204
2801,4,8,7,1,.,[CLS],-0.251904500344361,0.634558772937423
2802,4,8,7,2,.,Token 2,-0.0459975002852872,0.02115770032495
2803,4,8,7,3,.,Token 3,-0.360111834906266,1.29680533639558
2804,4,8,7,4,.,Token 4,0.0102241404078751,0.00104533047079944
2805,4,8,7,5,.,Token 5,0.167345946681731,0.280046658708047
2806,4,8,7,6,.,Token 6,0.374534032522416,1.40275741517502
2807,4,8,7,7,.,.,0.091503509247009,0.0837289220451746
2808,4,8,7,8,.,[SEP],-0.161106232033382,0.259552179999941
2809,4,8,8,1,[SEP],[CLS],-0.261235991415197,0.682442432106806
2810,4,8,8,2,[SEP],Token 2,-0.0191512490982145,0.00366770342021863
2811,4,8,8,3,[SEP],Token 3,0.47349058419359,2.24193333319987
2812,4,8,8,4,[SEP],Token 4,0.259790189717307,0.674909426733543
2813,4,8,8,5,[SEP],Token 5,0.471757214915925,2.2255486982523
2814,4,8,8,6,[SEP],Token 6,0.154377290937125,0.238323479570857
2815,4,8,8,7,[SEP],.,-0.105520730119091,0.111346244848661
2816,4,8,8,8,[SEP],[SEP],-0.173047000931439,0.299452645313654
2817,4,9,1,1,[CLS],[CLS],0.117595950588522,0.138288075948181
2818,4,9,1,2,[CLS],Token 2,0.00433695058700725,0.000188091403941425
2819,4,9,1,3,[CLS],Token 3,0.0974257985432009,0.0949178622178037
2820,4,9,1,4,[CLS],Token 4,0.0126557835190609,0.00160168856481334
2821,4,9,1,5,[CLS],Token 5,-0.275162871145044,0.757146056567843
2822,4,9,1,6,[CLS],Token 6,0.132230483958278,0.174849008878405
2823,4,9,1,7,[CLS],.,-0.268848797285333,0.7227967580177
2824,4,9,1,8,[CLS],[SEP],-0.138599211829129,0.192097415196557
2825,4,9,2,1,Token 2,[CLS],0.339150364887827,1.15022970003546
2826,4,9,2,2,Token 2,Token 2,-0.150264837589763,0.225795214158779
2827,4,9,2,3,Token 2,Token 3,-0.0289681106201222,0.00839151432899639
2828,4,9,2,4,Token 2,Token 4,-0.0954341594290571,0.0910767878593067
2829,4,9,2,5,Token 2,Token 5,-0.439212530243881,1.92907646723232
2830,4,9,2,6,Token 2,Token 6,0.152089890750162,0.231313348683962
2831,4,9,2,7,Token 2,.,-0.364404419480688,1.32790580937057
2832,4,9,2,8,Token 2,[SEP],0.0916994499452621,0.0840878912026362
2833,4,9,3,1,Token 3,[CLS],0.066296003506708,0.0439516008096144
2834,4,9,3,2,Token 3,Token 2,0.0952544344783104,0.0907340728778272
2835,4,9,3,3,Token 3,Token 3,-0.173586416060373,0.30132243840685
2836,4,9,3,4,Token 3,Token 4,0.105436573713324,0.111168710764052
2837,4,9,3,5,Token 3,Token 5,-0.378596835226567,1.43335563643572
2838,4,9,3,6,Token 3,Token 6,-0.00545953610516478,0.000298065344835978
2839,4,9,3,7,Token 3,.,0.0232906887595424,0.00542456182893875
2840,4,9,3,8,Token 3,[SEP],0.207790476485386,0.431768821180239
2841,4,9,4,1,Token 4,[CLS],0.0169255064778375,0.0028647276953132
2842,4,9,4,2,Token 4,Token 2,-0.11401890744446,0.130003112548284
2843,4,9,4,3,Token 4,Token 3,0.062240128499831,0.0387383359567547
2844,4,9,4,4,Token 4,Token 4,-0.129349980368143,0.167314174212389
2845,4,9,4,5,Token 4,Token 5,-0.4313080477841,1.86026632083332
2846,4,9,4,6,Token 4,Token 6,-0.0852894349251587,0.0727428770985287
2847,4,9,4,7,Token 4,.,-0.470732758575581,2.21589329996176
2848,4,9,4,8,Token 4,[SEP],0.31981622742564,1.02282419324769
2849,4,9,5,1,Token 5,[CLS],0.0353565356650356,0.0125008461423293
2850,4,9,5,2,Token 5,Token 2,-0.0600125994356797,0.0360151209102734
2851,4,9,5,3,Token 5,Token 3,0.114102815947962,0.130194526072546
2852,4,9,5,4,Token 5,Token 4,-0.402825428659288,1.62268325974539
2853,4,9,5,5,Token 5,Token 5,-0.179361630291745,0.321705944209124
2854,4,9,5,6,Token 5,Token 6,-0.251522125671375,0.632633797022471
2855,4,9,5,7,Token 5,.,-0.0668003512251134,0.044622869237985
2856,4,9,5,8,Token 5,[SEP],0.196765333795772,0.387165965837618
2857,4,9,6,1,Token 6,[CLS],-0.025332860687252,0.00641753830599716
2858,4,9,6,2,Token 6,Token 2,-0.0860892653162035,0.0741136160268368
2859,4,9,6,3,Token 6,Token 3,0.0911105269712555,0.0830112812497987
2860,4,9,6,4,Token 6,Token 4,-0.198831216841586,0.395338527907059
2861,4,9,6,5,Token 6,Token 5,-0.0160323973328,0.00257037764236773
2862,4,9,6,6,Token 6,Token 6,-0.0171605651970142,0.00294484997880973
2863,4,9,6,7,Token 6,.,-0.0687261099679822,0.0472327819133118
2864,4,9,6,8,Token 6,[SEP],0.170746846796662,0.291544856910029
2865,4,9,7,1,.,[CLS],0.459275694534883,2.10934163590499
2866,4,9,7,2,.,Token 2,-0.0949626662265234,0.0901790797685009
2867,4,9,7,3,.,Token 3,-0.0754250398200068,0.0568893663184961
2868,4,9,7,4,.,Token 4,-0.0548818596435571,0.030120185179351
2869,4,9,7,5,.,Token 5,-0.299444122638639,0.896667825828246
2870,4,9,7,6,.,Token 6,0.192965622251705,0.372357313709879
2871,4,9,7,7,.,.,-0.484959829789894,2.35186036509843
2872,4,9,7,8,.,[SEP],-0.0381761963396188,0.0145742196696112
2873,4,9,8,1,[SEP],[CLS],0.106398172887713,0.113205711938437
2874,4,9,8,2,[SEP],Token 2,-0.0266977712772055,0.00712770991169977
2875,4,9,8,3,[SEP],Token 3,0.00584224688354641,0.000341318486483078
2876,4,9,8,4,[SEP],Token 4,-0.320904033624249,1.02979398796313
2877,4,9,8,5,[SEP],Token 5,-0.100998395240093,0.102006758410741
2878,4,9,8,6,[SEP],Token 6,-0.128185875605195,0.164316187046705
2879,4,9,8,7,[SEP],.,-0.256880201327968,0.659874378342975
2880,4,9,8,8,[SEP],[SEP],-0.0638706618782834,0.0407946144877
2881,4,10,1,1,[CLS],[CLS],-0.474572801584088,2.25219344003371
2882,4,10,1,2,[CLS],Token 2,0.218776456683669,0.478631379990613
2883,4,10,1,3,[CLS],Token 3,0.065988240102848,0.0435444783187111
2884,4,10,1,4,[CLS],Token 4,0.0854522497296007,0.0730208698385004
2885,4,10,1,5,[CLS],Token 5,0.0509244000100442,0.0259329451638299
2886,4,10,1,6,[CLS],Token 6,0.472671455393535,2.23418304743842
2887,4,10,1,7,[CLS],.,0.189260934904853,0.358197014810591
2888,4,10,1,8,[CLS],[SEP],0.420225309791127,1.76589310989049
2889,4,10,2,1,Token 2,[CLS],-0.11066515200063,0.122467758673225
2890,4,10,2,2,Token 2,Token 2,0.0249438697856393,0.0062219663988293
2891,4,10,2,3,Token 2,Token 3,0.0247573197074098,0.00612924879094904
2892,4,10,2,4,Token 2,Token 4,0.0609249213557195,0.037118460422006
2893,4,10,2,5,Token 2,Token 5,-0.0516424292392449,0.0266694049773042
2894,4,10,2,6,Token 2,Token 6,-0.114330291488581,0.130714155518638
2895,4,10,2,7,Token 2,.,-0.0326483650523387,0.0106591574059077
2896,4,10,2,8,Token 2,[SEP],-0.0167077028411609,0.00279147334228537
2897,4,10,3,1,Token 3,[CLS],-0.0794595851280877,0.0631382566872782
2898,4,10,3,2,Token 3,Token 2,-0.0975485896025228,0.0951572733344141
2899,4,10,3,3,Token 3,Token 3,-0.111500246503633,0.124323049703709
2900,4,10,3,4,Token 3,Token 4,-0.0705151126982903,0.0497238111885257
2901,4,10,3,5,Token 3,Token 5,0.22404089252504,0.501943215234166
2902,4,10,3,6,Token 3,Token 6,-0.0107691296457118,0.00115974153326149
2903,4,10,3,7,Token 3,.,-0.251381179480887,0.63192497397202
2904,4,10,3,8,Token 3,[SEP],0.0623342548579545,0.0388555932869642
2905,4,10,4,1,Token 4,[CLS],-0.114749152094305,0.13167367906362
2906,4,10,4,2,Token 4,Token 2,-0.294088298535474,0.864879273354901
2907,4,10,4,3,Token 4,Token 3,-0.18256866533816,0.333313175633572
2908,4,10,4,4,Token 4,Token 4,-0.315573996971063,0.995869475642926
2909,4,10,4,5,Token 4,Token 5,0.0207081963306896,0.00428829395270388
2910,4,10,4,6,Token 4,Token 6,0.157251566084754,0.247280550361079
2911,4,10,4,7,Token 4,.,-0.535663283832867,2.86935153646611
2912,4,10,4,8,Token 4,[SEP],-0.296999074891755,0.882084504865582
2913,4,10,5,1,Token 5,[CLS],-0.290955582368283,0.846551509112667
2914,4,10,5,2,Token 5,Token 2,0.348114857123537,1.21183953750141
2915,4,10,5,3,Token 5,Token 3,0.38098774568156,1.45151662359517
2916,4,10,5,4,Token 5,Token 4,0.0561231485827152,0.0314980780683753
2917,4,10,5,5,Token 5,Token 5,0.321006020749517,1.0304486535744
2918,4,10,5,6,Token 5,Token 6,0.230221888330073,0.530021178662646
2919,4,10,5,7,Token 5,.,0.0715939706384885,0.0512569663178476
2920,4,10,5,8,Token 5,[SEP],-0.000129838282864071,1.68579796970906e-07
2921,4,10,6,1,Token 6,[CLS],-0.44925828416527,2.01833005891123
2922,4,10,6,2,Token 6,Token 2,0.51450493496911,2.64715328107568
2923,4,10,6,3,Token 6,Token 3,0.268267721285511,0.719675702837203
2924,4,10,6,4,Token 6,Token 4,0.026947832914884,0.00726185698808502
2925,4,10,6,5,Token 6,Token 5,0.237564975408601,0.564371175408889
2926,4,10,6,6,Token 6,Token 6,0.0902698051976372,0.0814863773041937
2927,4,10,6,7,Token 6,.,0.129650877121448,0.168093499383608
2928,4,10,6,8,Token 6,[SEP],0.585118455206689,3.42363606623462
2929,4,10,7,1,.,[CLS],-0.120364683088064,0.1448765693489
2930,4,10,7,2,.,Token 2,0.0952109220715733,0.0906511968171921
2931,4,10,7,3,.,Token 3,-0.125973285686671,0.158692687066955
2932,4,10,7,4,.,Token 4,0.0639171912426983,0.0408540733635568
2933,4,10,7,5,.,Token 5,0.120401902092747,0.144966180275515
2934,4,10,7,6,.,Token 6,0.102061598982587,0.104165699868823
2935,4,10,7,7,.,.,0.0816417369944547,0.0666537321947171
2936,4,10,7,8,.,[SEP],0.0994480773201494,0.0988992008267442
2937,4,10,8,1,[SEP],[CLS],-0.666470744416752,4.4418325316342
2938,4,10,8,2,[SEP],Token 2,0.0741928736237233,0.0550458249654578
2939,4,10,8,3,[SEP],Token 3,0.140168318282829,0.196471574502365
2940,4,10,8,4,[SEP],Token 4,0.145269408226413,0.211032009664522
2941,4,10,8,5,[SEP],Token 5,0.226940288855975,0.515018947060331
2942,4,10,8,6,[SEP],Token 6,0.397901090301886,1.5832527766343
2943,4,10,8,7,[SEP],.,0.506703015866677,2.56747946288386
2944,4,10,8,8,[SEP],[SEP],0.266776617427474,0.711697636060447
2945,4,11,1,1,[CLS],[CLS],0.0712600389331547,0.0507799314875473
2946,4,11,1,2,[CLS],Token 2,0.037340964170879,0.0139434760521087
2947,4,11,1,3,[CLS],Token 3,0.0412990782315042,0.0170561386277191
2948,4,11,1,4,[CLS],Token 4,-0.018907010364066,0.00357475040906899
2949,4,11,1,5,[CLS],Token 5,-0.218840309905152,0.478910812393828
2950,4,11,1,6,[CLS],Token 6,-0.351318076914978,1.23424391167239
2951,4,11,1,7,[CLS],.,0.172294096529421,0.296852556988895
2952,4,11,1,8,[CLS],[SEP],0.139067242874016,0.193396980405805
2953,4,11,2,1,Token 2,[CLS],0.129298431249734,0.167180843236422
2954,4,11,2,2,Token 2,Token 2,-0.122516165016251,0.150102106902892
2955,4,11,2,3,Token 2,Token 3,-0.00559064091975353,0.000312552658936226
2956,4,11,2,4,Token 2,Token 4,0.00974958337843457,0.000950543760530478
2957,4,11,2,5,Token 2,Token 5,-0.150634539148201,0.22690764384391
2958,4,11,2,6,Token 2,Token 6,0.0199427554525514,0.00397713495040267
2959,4,11,2,7,Token 2,.,0.00849818985941692,0.000722192308866966
2960,4,11,2,8,Token 2,[SEP],0.0461068762446732,0.0212584403704161
2961,4,11,3,1,Token 3,[CLS],-0.178601264061939,0.318984115245225
2962,4,11,3,2,Token 3,Token 2,-0.181391875278856,0.329030124171801
2963,4,11,3,3,Token 3,Token 3,0.145789464736514,0.212545680281594
2964,4,11,3,4,Token 3,Token 4,-0.186882366369855,0.349250188599965
2965,4,11,3,5,Token 3,Token 5,0.246320129802516,0.606736063459285
2966,4,11,3,6,Token 3,Token 6,0.128967976930003,0.166327390734179
2967,4,11,3,7,Token 3,.,-0.145826154182818,0.21265267243751
2968,4,11,3,8,Token 3,[SEP],-0.126563914192173,0.160184243756439
2969,4,11,4,1,Token 4,[CLS],0.298981029621714,0.893896560736603
2970,4,11,4,2,Token 4,Token 2,-0.0912322088122466,0.0832331592476136
2971,4,11,4,3,Token 4,Token 3,-0.029061762973447,0.00844586067124813
2972,4,11,4,4,Token 4,Token 4,-0.0758427152854071,0.0575211746186333
2973,4,11,4,5,Token 4,Token 5,-0.0959434345467889,0.0920514263263398
2974,4,11,4,6,Token 4,Token 6,-0.0212346779430249,0.00450911547343988
2975,4,11,4,7,Token 4,.,0.0379404132186355,0.0143947495520081
2976,4,11,4,8,Token 4,[SEP],0.202234574672738,0.408988231930634
2977,4,11,5,1,Token 5,[CLS],0.293996625710936,0.864340159294163
2978,4,11,5,2,Token 5,Token 2,-0.220331064168439,0.485457778375968
2979,4,11,5,3,Token 5,Token 3,-0.090935009061585,0.0826917587303053
2980,4,11,5,4,Token 5,Token 4,0.0745150843438045,0.055524977947643
2981,4,11,5,5,Token 5,Token 5,-0.120555152464114,0.145335447856457
2982,4,11,5,6,Token 5,Token 6,-0.112791997520305,0.127220347046205
2983,4,11,5,7,Token 5,.,0.229335940360947,0.525949735412399
2984,4,11,5,8,Token 5,[SEP],-0.0220616146503238,0.0048671484097938
2985,4,11,6,1,Token 6,[CLS],0.0444167761470975,0.0197285000330137
2986,4,11,6,2,Token 6,Token 2,-0.2772388314071,0.768613696399744
2987,4,11,6,3,Token 6,Token 3,0.197107025255315,0.388511794049992
2988,4,11,6,4,Token 6,Token 4,0.0319975826408606,0.010238452948587
2989,4,11,6,5,Token 6,Token 5,-0.238630428511901,0.569444814117737
2990,4,11,6,6,Token 6,Token 6,-0.207585714804867,0.430918289910477
2991,4,11,6,7,Token 6,.,0.00759940718854321,0.000577509896172823
2992,4,11,6,8,Token 6,[SEP],-0.104693539051674,0.109607371191645
2993,4,11,7,1,.,[CLS],0.931966923112152,8.68562345775132
2994,4,11,7,2,.,Token 2,0.12221761815259,0.149371461868924
2995,4,11,7,3,.,Token 3,-0.0436513724060276,0.0190544231292971
2996,4,11,7,4,.,Token 4,0.0606658827700698,0.0368034933227185
2997,4,11,7,5,.,Token 5,-0.446453109265587,1.9932037877291
2998,4,11,7,6,.,Token 6,-0.480773952419231,2.31143593324809
2999,4,11,7,7,.,.,0.886462703633275,7.85816124932816
3000,4,11,7,8,.,[SEP],0.525604628148184,2.7626022513079
3001,4,11,8,1,[SEP],[CLS],-0.219441272365223,0.48154472017268
3002,4,11,8,2,[SEP],Token 2,0.0325216720729035,0.0105765915441747
3003,4,11,8,3,[SEP],Token 3,-0.0154256971230872,0.00237952131733222
3004,4,11,8,4,[SEP],Token 4,-0.0333795964637396,0.011141974600821
3005,4,11,8,5,[SEP],Token 5,-0.347882206094113,1.21022029316907
3006,4,11,8,6,[SEP],Token 6,-0.20274316773333,0.41104792062545
3007,4,11,8,7,[SEP],.,0.017126024565185,0.00293300717407319
3008,4,11,8,8,[SEP],[SEP],0.24989470995263,0.62447366062309
3009,4,12,1,1,[CLS],[CLS],-0.179844517204312,0.323440503684522
3010,4,12,1,2,[CLS],Token 2,0.0945699755452142,0.0894348027462242
3011,4,12,1,3,[CLS],Token 3,-0.118539695200392,0.140516593382019
3012,4,12,1,4,[CLS],Token 4,0.0423146268212445,0.0179052764302119
3013,4,12,1,5,[CLS],Token 5,-0.261602778639141,0.684360137917196
3014,4,12,1,6,[CLS],Token 6,-0.150862872049489,0.227596061630203
3015,4,12,1,7,[CLS],.,0.251679450300069,0.633425457033452
3016,4,12,1,8,[CLS],[SEP],0.243214737323985,0.591534084515749
3017,4,12,2,1,Token 2,[CLS],-0.0713686491235655,0.0509348407772261
3018,4,12,2,2,Token 2,Token 2,0.0885219372738332,0.0783613337871247
3019,4,12,2,3,Token 2,Token 3,-0.0247590926193362,0.00613012667332868
3020,4,12,2,4,Token 2,Token 4,0.0931435836819159,0.0867572718111007
3021,4,12,2,5,Token 2,Token 5,-0.218860691067459,0.479000020945258
3022,4,12,2,6,Token 2,Token 6,-0.236611241370763,0.559848795430134
3023,4,12,2,7,Token 2,.,0.0553707739700333,0.0306592261004052
3024,4,12,2,8,Token 2,[SEP],0.192708995681116,0.371367570164245
3025,4,12,3,1,Token 3,[CLS],0.0805237690011818,0.0648407737415568
3026,4,12,3,2,Token 3,Token 2,-0.00403894426830949,0.000163130708025101
3027,4,12,3,3,Token 3,Token 3,-0.299663612285408,0.897982805279391
3028,4,12,3,4,Token 3,Token 4,-0.0407919884634658,0.0166398632280353
3029,4,12,3,5,Token 3,Token 5,-0.110737628444118,0.122628223534276
3030,4,12,3,6,Token 3,Token 6,-0.216924501207683,0.470562392242022
3031,4,12,3,7,Token 3,.,-0.106615634480429,0.113668935156645
3032,4,12,3,8,Token 3,[SEP],0.0789673702165634,0.0623584555891977
3033,4,12,4,1,Token 4,[CLS],0.0874832543541262,0.0765331979238874
3034,4,12,4,2,Token 4,Token 2,-0.157380008458323,0.247684670623417
3035,4,12,4,3,Token 4,Token 3,-0.0781812271016483,0.061123042711195
3036,4,12,4,4,Token 4,Token 4,-0.0405725428516005,0.0164613123344496
3037,4,12,4,5,Token 4,Token 5,-0.445300143875461,1.98292218135506
3038,4,12,4,6,Token 4,Token 6,-0.128373126508449,0.164796596095542
3039,4,12,4,7,Token 4,.,-0.0305174034193204,0.00931311911457546
3040,4,12,4,8,Token 4,[SEP],0.252381626630971,0.636964854608948
3041,4,12,5,1,Token 5,[CLS],-0.107170377465749,0.114854898061512
3042,4,12,5,2,Token 5,Token 2,-0.199648139117904,0.398593794532419
3043,4,12,5,3,Token 5,Token 3,0.0028049185814946,7.86756824881367e-05
3044,4,12,5,4,Token 5,Token 4,-0.232029409482221,0.538376468646682
3045,4,12,5,5,Token 5,Token 5,0.0356706742307777,0.0127239700007827
3046,4,12,5,6,Token 5,Token 6,0.188470366608227,0.355210790894396
3047,4,12,5,7,Token 5,.,-0.0835852941316459,0.0698650139507375
3048,4,12,5,8,Token 5,[SEP],0.229094043117651,0.524840805919924
3049,4,12,6,1,Token 6,[CLS],-0.269093041440963,0.72411064951948
3050,4,12,6,2,Token 6,Token 2,0.187793402108276,0.352663618754007
3051,4,12,6,3,Token 6,Token 3,-0.00618946674282717,0.000383094985605635
3052,4,12,6,4,Token 6,Token 4,0.0856017026328342,0.0732765149364018
3053,4,12,6,5,Token 6,Token 5,-0.117461969844273,0.137973143596969
3054,4,12,6,6,Token 6,Token 6,0.380080893498126,1.44461485602333
3055,4,12,6,7,Token 6,.,0.426111497056244,1.81571007923513
3056,4,12,6,8,Token 6,[SEP],-0.1007678930582,0.101541682713889
3057,4,12,7,1,.,[CLS],-0.132163851011641,0.174672835142271
3058,4,12,7,2,.,Token 2,0.146697466019987,0.215201465366853
3059,4,12,7,3,.,Token 3,0.0562940297938907,0.0316901779043546
3060,4,12,7,4,.,Token 4,-0.020966586083121,0.00439597731980923
3061,4,12,7,5,.,Token 5,-0.157317482753694,0.247487903799587
3062,4,12,7,6,.,Token 6,0.142565351969348,0.203248795821441
3063,4,12,7,7,.,.,0.154944680563153,0.240078540348175
3064,4,12,7,8,.,[SEP],-0.0915257975379316,0.0837697161495445
3065,4,12,8,1,[SEP],[CLS],-0.462745567543081,2.14133460280768
3066,4,12,8,2,[SEP],Token 2,0.0687723078229951,0.0472963032330079
3067,4,12,8,3,[SEP],Token 3,-0.0987659865681392,0.0975472010277784
3068,4,12,8,4,[SEP],Token 4,0.0985677255879407,0.0971559652757959
3069,4,12,8,5,[SEP],Token 5,-0.054791815339119,0.0300214302815612
3070,4,12,8,6,[SEP],Token 6,-0.253506188183687,0.64265387447423
3071,4,12,8,7,[SEP],.,0.0423401638784258,0.0179268947725196
3072,4,12,8,8,[SEP],[SEP],0.415324734752779,1.72494635297467
3073,5,1,1,1,[CLS],[CLS],-0.066719628215112,0.0445150878916276
3074,5,1,1,2,[CLS],Token 2,-0.051694132094908,0.026722832930458
3075,5,1,1,3,[CLS],Token 3,-0.0796124696206045,0.0633814531909168
3076,5,1,1,4,[CLS],Token 4,0.186982859995086,0.34962589931942
3077,5,1,1,5,[CLS],Token 5,-0.00299323738484371,8.95947004202601e-05
3078,5,1,1,6,[CLS],Token 6,-0.0963575458691206,0.0928477664591968
3079,5,1,1,7,[CLS],.,0.78847190753279,6.21687948968397
3080,5,1,1,8,[CLS],[SEP],0.0266046614709494,0.00707808011983818
3081,5,1,2,1,Token 2,[CLS],0.0923585582160204,0.0853010327574203
3082,5,1,2,2,Token 2,Token 2,0.0912382172331225,0.0832441228387844
3083,5,1,2,3,Token 2,Token 3,0.00813231505852199,0.000661345482110635
3084,5,1,2,4,Token 2,Token 4,0.0732633715120169,0.0536752160530782
3085,5,1,2,5,Token 2,Token 5,-0.0202187863822541,0.00408799322771222
3086,5,1,2,6,Token 2,Token 6,-0.0531174978828061,0.0282146858132991
3087,5,1,2,7,Token 2,.,0.0264567658356043,0.00699960458479997
3088,5,1,2,8,Token 2,[SEP],0.0341573995115805,0.0116672794139372
3089,5,1,3,1,Token 3,[CLS],-0.201990728981005,0.408002545942777
3090,5,1,3,2,Token 3,Token 2,-0.079796357727355,0.0636745870655201
3091,5,1,3,3,Token 3,Token 3,0.0919070646548723,0.0844690853347487
3092,5,1,3,4,Token 3,Token 4,0.0161754965503421,0.0026164668865013
3093,5,1,3,5,Token 3,Token 5,0.00585604488096378,0.000342932616478621
3094,5,1,3,6,Token 3,Token 6,0.0307616142882844,0.00946276913621182
3095,5,1,3,7,Token 3,.,-0.278879328383625,0.777736797997015
3096,5,1,3,8,Token 3,[SEP],-0.015097678030095,0.00227939881900414
3097,5,1,4,1,Token 4,[CLS],-0.0300158889220521,0.00900953587780973
3098,5,1,4,2,Token 4,Token 2,0.0709626518479688,0.0503569795729603
3099,5,1,4,3,Token 4,Token 3,-0.0392356525130945,0.015394364281283
3100,5,1,4,4,Token 4,Token 4,-0.0412887657667056,0.0170476217853788
3101,5,1,4,5,Token 4,Token 5,-0.00734181258331855,0.000539022120085747
3102,5,1,4,6,Token 4,Token 6,0.0398762572636657,0.0159011589335806
3103,5,1,4,7,Token 4,.,-0.108268570571507,0.117220833735973
3104,5,1,4,8,Token 4,[SEP],-0.00416950931577597,0.000173848079343426
3105,5,1,5,1,Token 5,[CLS],0.125262257468463,0.156906331460954
3106,5,1,5,2,Token 5,Token 2,0.223804415943996,0.500884165960331
3107,5,1,5,3,Token 5,Token 3,-0.416309115803059,1.73313279900725
3108,5,1,5,4,Token 5,Token 4,-0.232984456593428,0.542817570141352
3109,5,1,5,5,Token 5,Token 5,-0.168947260024489,0.285431766697823
3110,5,1,5,6,Token 5,Token 6,-0.161410366250009,0.260533063329619
3111,5,1,5,7,Token 5,.,-0.282866996029513,0.800137374427604
3112,5,1,5,8,Token 5,[SEP],0.292230852141175,0.853988709431571
3113,5,1,6,1,Token 6,[CLS],0.194175416166049,0.377040922432583
3114,5,1,6,2,Token 6,Token 2,0.408097343328809,1.66543441632031
3115,5,1,6,3,Token 6,Token 3,0.259632031889305,0.674087919829689
3116,5,1,6,4,Token 6,Token 4,0.115433405334431,0.13324871067103
3117,5,1,6,5,Token 6,Token 5,-0.0482635727870769,0.0232937245817347
3118,5,1,6,6,Token 6,Token 6,0.24466065276216,0.598588350100062
3119,5,1,6,7,Token 6,.,-0.0502005698190276,0.0252009721015506
3120,5,1,6,8,Token 6,[SEP],-0.312003829791869,0.973463898047937
3121,5,1,7,1,.,[CLS],0.182269929204541,0.332223270922284
3122,5,1,7,2,.,Token 2,0.241710738083614,0.584240809049253
3123,5,1,7,3,.,Token 3,0.247522005575373,0.612671432440548
3124,5,1,7,4,.,Token 4,0.572721765611744,3.28010220805433
3125,5,1,7,5,.,Token 5,0.279064331397373,0.778769010582625
3126,5,1,7,6,.,Token 6,0.12654180103387,0.160128274088955
3127,5,1,7,7,.,.,0.732333284671961,5.36312039838423
3128,5,1,7,8,.,[SEP],-0.8486757084549,7.20250458121427
3129,5,1,8,1,[SEP],[CLS],-0.187863602088051,0.352927329894974
3130,5,1,8,2,[SEP],Token 2,-0.153814733011389,0.236589720913647
3131,5,1,8,3,[SEP],Token 3,0.149938781973984,0.224816383398421
3132,5,1,8,4,[SEP],Token 4,0.135966549092317,0.184869024720735
3133,5,1,8,5,[SEP],Token 5,-0.280881970224304,0.788946811970866
3134,5,1,8,6,[SEP],Token 6,-0.498164232505435,2.48167602547729
3135,5,1,8,7,[SEP],.,0.402498083800502,1.62004707463076
3136,5,1,8,8,[SEP],[SEP],-0.133220297360309,0.177476476287691
3137,5,2,1,1,[CLS],[CLS],0.332090499576075,1.10284099908687
3138,5,2,1,2,[CLS],Token 2,0.275011338323693,0.756312362065885
3139,5,2,1,3,[CLS],Token 3,0.327491315111559,1.07250561473499
3140,5,2,1,4,[CLS],Token 4,0.0114868342432388,0.00131947360931644
3141,5,2,1,5,[CLS],Token 5,-0.167416732456382,0.280283623063716
3142,5,2,1,6,[CLS],Token 6,-0.354312418287296,1.25537289752592
3143,5,2,1,7,[CLS],.,0.0407110400673802,0.0165738878336783
3144,5,2,1,8,[CLS],[SEP],-0.0557240715260812,0.0310517214744381
3145,5,2,2,1,Token 2,[CLS],0.0846450758015425,0.0716478885744887
3146,5,2,2,2,Token 2,Token 2,0.0142807690330238,0.00203940364174571
3147,5,2,2,3,Token 2,Token 3,0.105846075907718,0.112033917850624
3148,5,2,2,4,Token 2,Token 4,0.10773935553307,0.116077687306813
3149,5,2,2,5,Token 2,Token 5,-0.0829305768831139,0.0687748058216608
3150,5,2,2,6,Token 2,Token 6,-0.141757741372439,0.200952572390153
3151,5,2,2,7,Token 2,.,0.0179734190755588,0.00323043793265662
3152,5,2,2,8,Token 2,[SEP],0.0705522704805162,0.0497762286995592
3153,5,2,3,1,Token 3,[CLS],0.147926774364804,0.218823305739757
3154,5,2,3,2,Token 3,Token 2,-0.00613686154051019,0.000376610695673931
3155,5,2,3,3,Token 3,Token 3,0.193657660996778,0.37503289662743
3156,5,2,3,4,Token 3,Token 4,0.000214095722957164,4.58369785885508e-07
3157,5,2,3,5,Token 3,Token 5,-0.210651476300894,0.443740444677461
3158,5,2,3,6,Token 3,Token 6,-0.0478867198657741,0.0229313793950312
3159,5,2,3,7,Token 3,.,0.120947801454099,0.146283706765802
3160,5,2,3,8,Token 3,[SEP],0.0252800965336538,0.00639083280750853
3161,5,2,4,1,Token 4,[CLS],0.0437934944660177,0.0191787015754512
3162,5,2,4,2,Token 4,Token 2,-0.0191501070602924,0.0036672660042066
3163,5,2,4,3,Token 4,Token 3,0.0933045957132777,0.0870574758121821
3164,5,2,4,4,Token 4,Token 4,-0.0652718777146647,0.0426041802039814
3165,5,2,4,5,Token 4,Token 5,0.0470432676384897,0.0221306903010657
3166,5,2,4,6,Token 4,Token 6,-0.0738909053252096,0.0545986588977909
3167,5,2,4,7,Token 4,.,0.171315121022599,0.293488706909879
3168,5,2,4,8,Token 4,[SEP],-0.0888741094305872,0.0789860732707998
3169,5,2,5,1,Token 5,[CLS],0.155214845949604,0.240916484031594
3170,5,2,5,2,Token 5,Token 2,-0.0322259437957943,0.0103851145352969
3171,5,2,5,3,Token 5,Token 3,0.15698016807736,0.246427731695961
3172,5,2,5,4,Token 5,Token 4,-0.00337893307103332,0.000114171886985227
3173,5,2,5,5,Token 5,Token 5,0.0938699416101069,0.0881156593788488
3174,5,2,5,6,Token 5,Token 6,0.129672811111651,0.168150379415978
3175,5,2,5,7,Token 5,.,0.312267073161331,0.975107249807438
3176,5,2,5,8,Token 5,[SEP],-0.122154025124698,0.149216058541653
3177,5,2,6,1,Token 6,[CLS],-0.0948918287899392,0.0900445917109915
3178,5,2,6,2,Token 6,Token 2,0.0296424420366694,0.00878674369897303
3179,5,2,6,3,Token 6,Token 3,-0.0189841519115582,0.00360398023801119
3180,5,2,6,4,Token 6,Token 4,0.06721583262117,0.0451796815495714
3181,5,2,6,5,Token 6,Token 5,-0.120339201377306,0.144815233881279
3182,5,2,6,6,Token 6,Token 6,0.368973660629661,1.36141562238453
3183,5,2,6,7,Token 6,.,0.531171948513867,2.82143638888018
3184,5,2,6,8,Token 6,[SEP],-0.131958766916835,0.174131161662117
3185,5,2,7,1,.,[CLS],-0.298728794590175,0.89238892717299
3186,5,2,7,2,.,Token 2,0.0198105489948513,0.00392457851477405
3187,5,2,7,3,.,Token 3,0.181666904772943,0.330028642897815
3188,5,2,7,4,.,Token 4,0.134763603045519,0.181612287058102
3189,5,2,7,5,.,Token 5,0.135264390121042,0.182964552348174
3190,5,2,7,6,.,Token 6,0.0901566654570447,0.0812822432633348
3191,5,2,7,7,.,.,-0.402392070583076,1.61919378468135
3192,5,2,7,8,.,[SEP],0.00937784672512876,0.000879440092000083
3193,5,2,8,1,[SEP],[CLS],0.452831464583726,2.05056335317042
3194,5,2,8,2,[SEP],Token 2,0.0672223310636133,0.0451884179362603
3195,5,2,8,3,[SEP],Token 3,-0.00492133173779681,0.000242195060734462
3196,5,2,8,4,[SEP],Token 4,-0.0663121674456524,0.0439730355134024
3197,5,2,8,5,[SEP],Token 5,0.210325576635407,0.442368481870164
3198,5,2,8,6,[SEP],Token 6,-0.00955203573060742,0.000912413865988008
3199,5,2,8,7,[SEP],.,0.146095083117435,0.213437733110904
3200,5,2,8,8,[SEP],[SEP],-0.179106111670702,0.320789992377979
3201,5,3,1,1,[CLS],[CLS],0.226098723507805,0.511206327718588
3202,5,3,1,2,[CLS],Token 2,0.0239976909253314,0.00575889169747733
3203,5,3,1,3,[CLS],Token 3,-0.0766091607017363,0.0586896350342447
3204,5,3,1,4,[CLS],Token 4,0.098672018284006,0.097361671922392
3205,5,3,1,5,[CLS],Token 5,-0.0799291386059035,0.0638866719828174
3206,5,3,1,6,[CLS],Token 6,0.0960734615556889,0.0923011001529245
3207,5,3,1,7,[CLS],.,0.0740239445052564,0.0547954436011727
3208,5,3,1,8,[CLS],[SEP],-0.301595369901925,0.909597671462787
3209,5,3,2,1,Token 2,[CLS],0.012935755560502,0.00167333771921059
3210,5,3,2,2,Token 2,Token 2,0.00788687287725984,0.00062202763782057
3211,5,3,2,3,Token 2,Token 3,-0.19334840316238,0.373836050054424
3212,5,3,2,4,Token 2,Token 4,-0.190992359775986,0.364780814927998
3213,5,3,2,5,Token 2,Token 5,-0.313097399455723,0.980299815459366
3214,5,3,2,6,Token 2,Token 6,-0.0749541259049072,0.0561812099016868
3215,5,3,2,7,Token 2,.,-0.0417760921704848,0.0174524187703684
3216,5,3,2,8,Token 2,[SEP],0.211172341450464,0.445937577936713
3217,5,3,3,1,Token 3,[CLS],-0.0112953710319102,0.00127585406748517
3218,5,3,3,2,Token 3,Token 2,-0.0289735710314641,0.00839467818315297
3219,5,3,3,3,Token 3,Token 3,0.0588851758196756,0.034674639313141
3220,5,3,3,4,Token 3,Token 4,-0.12034611145175,0.14483186541557
3221,5,3,3,5,Token 3,Token 5,-0.20483833270772,0.419587425464786
3222,5,3,3,6,Token 3,Token 6,0.0843224698147606,0.0711027891566121
3223,5,3,3,7,Token 3,.,0.268610922571019,0.721518277244539
3224,5,3,3,8,Token 3,[SEP],0.00886718753592552,0.00078627014797273
3225,5,3,4,1,Token 4,[CLS],-0.0306967101135697,0.00942288011796533
3226,5,3,4,2,Token 4,Token 2,-0.157572338669353,0.248290419137292
3227,5,3,4,3,Token 4,Token 3,-0.186297197340285,0.347066457368452
3228,5,3,4,4,Token 4,Token 4,0.134043563353177,0.179676768764172
3229,5,3,4,5,Token 4,Token 5,-0.0885570269082449,0.0784234701482761
3230,5,3,4,6,Token 4,Token 6,0.245150611552876,0.600988223447489
3231,5,3,4,7,Token 4,.,0.0749413525641338,0.056162063241418
3232,5,3,4,8,Token 4,[SEP],-0.0107955964818032,0.00116544903397921
3233,5,3,5,1,Token 5,[CLS],-0.281243668035424,0.790980008100196
3234,5,3,5,2,Token 5,Token 2,-0.357753372563303,1.27987475580417
3235,5,3,5,3,Token 5,Token 3,-0.129841327930416,0.168587704387337
3236,5,3,5,4,Token 5,Token 4,-0.18605088619168,0.346149322527095
3237,5,3,5,5,Token 5,Token 5,-0.228490515796394,0.52207915808902
3238,5,3,5,6,Token 5,Token 6,-0.115751825121874,0.13398485019045
3239,5,3,5,7,Token 5,.,0.344131762289717,1.18426669816626
3240,5,3,5,8,Token 5,[SEP],0.140753599549599,0.198115757861689
3241,5,3,6,1,Token 6,[CLS],-0.163173448766739,0.266255743824317
3242,5,3,6,2,Token 6,Token 2,0.0482757079446178,0.0233054397755403
3243,5,3,6,3,Token 6,Token 3,0.0996182674249752,0.0992379920475387
3244,5,3,6,4,Token 6,Token 4,-0.0477771882768446,0.0228265971964106
3245,5,3,6,5,Token 6,Token 5,-0.526465506674516,2.77165929718055
3246,5,3,6,6,Token 6,Token 6,0.0799835098413093,0.0639736184653481
3247,5,3,6,7,Token 6,.,0.537768584021125,2.89195049960086
3248,5,3,6,8,Token 6,[SEP],-0.0387087536575549,0.0149836760972127
3249,5,3,7,1,.,[CLS],0.204066389721489,0.416430914139627
3250,5,3,7,2,.,Token 2,-0.0341212251066128,0.0116425800277614
3251,5,3,7,3,.,Token 3,-0.159681884484692,0.254983042325824
3252,5,3,7,4,.,Token 4,-0.0963416013566603,0.0928170415196565
3253,5,3,7,5,.,Token 5,-0.0626022133494124,0.0391903711624534
3254,5,3,7,6,.,Token 6,0.356639687170744,1.27191866465246
3255,5,3,7,7,.,.,0.112206793581942,0.125903645259405
3256,5,3,7,8,.,[SEP],-0.175948581260413,0.309579032475523
3257,5,3,8,1,[SEP],[CLS],0.413774469099265,1.71209311278378
3258,5,3,8,2,[SEP],Token 2,-0.0760042043595237,0.0577663908032425
3259,5,3,8,3,[SEP],Token 3,-0.114811414298205,0.13181660853154
3260,5,3,8,4,[SEP],Token 4,0.00133858682366016,1.79181468447661e-05
3261,5,3,8,5,[SEP],Token 5,-0.261883166576647,0.685827929362115
3262,5,3,8,6,[SEP],Token 6,-0.21510387925432,0.462696788702572
3263,5,3,8,7,[SEP],.,0.46205108799313,2.13491207915635
3264,5,3,8,8,[SEP],[SEP],-0.235710184604173,0.555592911261334
3265,5,4,1,1,[CLS],[CLS],0.327199196183071,1.07059313982848
3266,5,4,1,2,[CLS],Token 2,0.0273278355938648,0.00746810598245302
3267,5,4,1,3,[CLS],Token 3,-0.0579879524159161,0.0336260262539055
3268,5,4,1,4,[CLS],Token 4,0.0808154417991522,0.0653113563319217
3269,5,4,1,5,[CLS],Token 5,0.290626338911502,0.844636688691033
3270,5,4,1,6,[CLS],Token 6,-0.0260121949242351,0.00676634284776402
3271,5,4,1,7,[CLS],.,0.26289454297413,0.691135407255766
3272,5,4,1,8,[CLS],[SEP],-0.284429807349721,0.809003153089992
3273,5,4,2,1,Token 2,[CLS],0.0288758837997933,0.00833816665219168
3274,5,4,2,2,Token 2,Token 2,0.0300803576120824,0.00904827914070765
3275,5,4,2,3,Token 2,Token 3,0.117775542742491,0.138710784682884
3276,5,4,2,4,Token 2,Token 4,0.197500342360697,0.390063852325924
3277,5,4,2,5,Token 2,Token 5,-0.195681780105735,0.382913590653494
3278,5,4,2,6,Token 2,Token 6,0.182074411662966,0.331510913824151
3279,5,4,2,7,Token 2,.,0.142003406183243,0.201649673676431
3280,5,4,2,8,Token 2,[SEP],-0.0424858113012717,0.0180504416192727
3281,5,4,3,1,Token 3,[CLS],0.184831790095361,0.341627906298554
3282,5,4,3,2,Token 3,Token 2,-0.0134169941313607,0.00180015731520967
3283,5,4,3,3,Token 3,Token 3,0.0302619323669889,0.00915784550584212
3284,5,4,3,4,Token 3,Token 4,-0.0284123919959042,0.0080726401892892
3285,5,4,3,5,Token 3,Token 5,0.162850269156868,0.265202101644643
3286,5,4,3,6,Token 3,Token 6,0.132026552108675,0.174310104617045
3287,5,4,3,7,Token 3,.,0.0623989063771333,0.0389362351706225
3288,5,4,3,8,Token 3,[SEP],-0.0380468322438521,0.0144756144379182
3289,5,4,4,1,Token 4,[CLS],0.0529865812857723,0.0280757779635375
3290,5,4,4,2,Token 4,Token 2,0.043549689291527,0.0189657543738854
3291,5,4,4,3,Token 4,Token 3,-0.071582574541619,0.0512406497800644
3292,5,4,4,4,Token 4,Token 4,0.145799361919639,0.212574539361739
3293,5,4,4,5,Token 4,Token 5,0.0195308115784582,0.00381452600913235
3294,5,4,4,6,Token 4,Token 6,0.068995381457916,0.0476036266252333
3295,5,4,4,7,Token 4,.,0.030360899383021,0.00921784211345926
3296,5,4,4,8,Token 4,[SEP],-0.141821553783417,0.201133531175427
3297,5,4,5,1,Token 5,[CLS],0.230584905863914,0.531693988122701
3298,5,4,5,2,Token 5,Token 2,-0.106191058277548,0.112765408581056
3299,5,4,5,3,Token 5,Token 3,-0.0970145022185116,0.094118136407056
3300,5,4,5,4,Token 5,Token 4,0.113700483384592,0.1292779992189
3301,5,4,5,5,Token 5,Token 5,0.315205265493939,0.993543593951044
3302,5,4,5,6,Token 5,Token 6,-0.437749469425237,1.91624597982076
3303,5,4,5,7,Token 5,.,-0.116159119724481,0.134929410951664
3304,5,4,5,8,Token 5,[SEP],-0.341213966929381,1.16426971227684
3305,5,4,6,1,Token 6,[CLS],0.116278279916744,0.135206383803967
3306,5,4,6,2,Token 6,Token 2,-0.0272030975885621,0.00740008518412834
3307,5,4,6,3,Token 6,Token 3,0.0601497394485912,0.0361799115573341
3308,5,4,6,4,Token 6,Token 4,0.0412453253738264,0.0170117686519281
3309,5,4,6,5,Token 6,Token 5,-0.0549093728576599,0.0301503922762152
3310,5,4,6,6,Token 6,Token 6,0.0376164127600283,0.0141499450893282
3311,5,4,6,7,Token 6,.,0.150002203013903,0.225006609090241
3312,5,4,6,8,Token 6,[SEP],-0.0654851207646075,0.0428830104155523
3313,5,4,7,1,.,[CLS],0.197256548087665,0.389101457634612
3314,5,4,7,2,.,Token 2,0.143660329912227,0.2063829039049
3315,5,4,7,3,.,Token 3,-0.004136516801414,0.000171107712483803
3316,5,4,7,4,.,Token 4,0.138288712624664,0.191237680393871
3317,5,4,7,5,.,Token 5,0.0722045021144069,0.0521349012558939
3318,5,4,7,6,.,Token 6,0.321138043363587,1.03129642895393
3319,5,4,7,7,.,.,0.0812999878844358,0.0660968803000942
3320,5,4,7,8,.,[SEP],-0.145408965095605,0.211437671301749
3321,5,4,8,1,[SEP],[CLS],0.552970966631796,3.05776889937703
3322,5,4,8,2,[SEP],Token 2,-0.177879935453819,0.316412714370547
3323,5,4,8,3,[SEP],Token 3,-0.00790036539995294,0.000624157734527736
3324,5,4,8,4,[SEP],Token 4,0.00355517808283615,0.000126392912006785
3325,5,4,8,5,[SEP],Token 5,-0.0833275124536233,0.0694347433170875
3326,5,4,8,6,[SEP],Token 6,0.0930912812444955,0.0866598664374176
3327,5,4,8,7,[SEP],.,0.137089135400817,0.187934310449435
3328,5,4,8,8,[SEP],[SEP],-0.169847546136483,0.288481889285845
3329,5,5,1,1,[CLS],[CLS],0.549517617391547,3.01969611823683
3330,5,5,1,2,[CLS],Token 2,-0.157005505786609,0.246507288473089
3331,5,5,1,3,[CLS],Token 3,-0.184123463944875,0.339014499750598
3332,5,5,1,4,[CLS],Token 4,0.141442128397434,0.200058756855962
3333,5,5,1,5,[CLS],Token 5,-0.394060151044416,1.55283402641148
3334,5,5,1,6,[CLS],Token 6,-0.411013311553813,1.68931942274432
3335,5,5,1,7,[CLS],.,0.529066447586346,2.79911305961636
3336,5,5,1,8,[CLS],[SEP],-0.0244431969165281,0.00597469875500169
3337,5,5,2,1,Token 2,[CLS],-0.0694392727966311,0.0482181260652495
3338,5,5,2,2,Token 2,Token 2,-0.00445639534536441,0.000198594594741856
3339,5,5,2,3,Token 2,Token 3,0.23023211259401,0.530068256695008
3340,5,5,2,4,Token 2,Token 4,0.0519063422168078,0.0269426836232836
3341,5,5,2,5,Token 2,Token 5,-0.466101693711618,2.17250788880839
3342,5,5,2,6,Token 2,Token 6,0.203687655551988,0.414886610242655
3343,5,5,2,7,Token 2,.,-0.131312503689552,0.172429736252186
3344,5,5,2,8,Token 2,[SEP],-0.0585153647236775,0.03424047908745
3345,5,5,3,1,Token 3,[CLS],0.0166474822561989,0.00277138665470459
3346,5,5,3,2,Token 3,Token 2,0.195246717592604,0.381212807306859
3347,5,5,3,3,Token 3,Token 3,0.283655394478901,0.804603828169808
3348,5,5,3,4,Token 3,Token 4,0.164007857898468,0.268985774524442
3349,5,5,3,5,Token 3,Token 5,-0.178667842965291,0.319221981098698
3350,5,5,3,6,Token 3,Token 6,0.336206924130987,1.13035095833619
3351,5,5,3,7,Token 3,.,0.165308974840574,0.273270571628415
3352,5,5,3,8,Token 3,[SEP],-0.353229390286962,1.24771002162499
3353,5,5,4,1,Token 4,[CLS],0.0942799648525458,0.0888871177259728
3354,5,5,4,2,Token 4,Token 2,0.201029425061771,0.404128297406661
3355,5,5,4,3,Token 4,Token 3,0.108085434048605,0.116824610534754
3356,5,5,4,4,Token 4,Token 4,0.187882353346319,0.352997786989511
3357,5,5,4,5,Token 4,Token 5,-0.00423646307064335,0.000179476193489249
3358,5,5,4,6,Token 4,Token 6,0.235055924122934,0.552512874652864
3359,5,5,4,7,Token 4,.,0.104405500170123,0.109005084657735
3360,5,5,4,8,Token 4,[SEP],-0.223441710104901,0.499261978146028
3361,5,5,5,1,Token 5,[CLS],-0.252666036566718,0.63840126034334
3362,5,5,5,2,Token 5,Token 2,0.0702146063847562,0.0493009094976624
3363,5,5,5,3,Token 5,Token 3,-0.118842161771811,0.141234594145974
3364,5,5,5,4,Token 5,Token 4,0.133319690232294,0.177741398036347
3365,5,5,5,5,Token 5,Token 5,0.263196285968268,0.692722849474904
3366,5,5,5,6,Token 5,Token 6,0.38299750359232,1.46687087757949
3367,5,5,5,7,Token 5,.,-0.0358056444023127,0.0128204417106487
3368,5,5,5,8,Token 5,[SEP],-0.148944536484704,0.221844749486434
3369,5,5,6,1,Token 6,[CLS],0.331596006494291,1.09955911522962
3370,5,5,6,2,Token 6,Token 2,0.403111660866417,1.62499011126481
3371,5,5,6,3,Token 6,Token 3,0.388959151905851,1.51289221851319
3372,5,5,6,4,Token 6,Token 4,0.433948462616511,1.88311268207234
3373,5,5,6,5,Token 6,Token 5,0.00305839242016462,9.35376419572039e-05
3374,5,5,6,6,Token 6,Token 6,0.110072266450133,0.12115903841469
3375,5,5,6,7,Token 6,.,0.455869029062595,2.07816571658473
3376,5,5,6,8,Token 6,[SEP],-0.410618471825511,1.68607529404318
3377,5,5,7,1,.,[CLS],-0.0875568620900675,0.0766620409905909
3378,5,5,7,2,.,Token 2,0.0223368581545182,0.00498935232215069
3379,5,5,7,3,.,Token 3,0.318760932648522,1.01608532182956
3380,5,5,7,4,.,Token 4,0.298974328208135,0.893856489275054
3381,5,5,7,5,.,Token 5,0.388265525760912,1.50750118494397
3382,5,5,7,6,.,Token 6,0.568468126501048,3.23156010847612
3383,5,5,7,7,.,.,-0.206108367749694,0.424806592564432
3384,5,5,7,8,.,[SEP],-0.520570422690284,2.70993564979941
3385,5,5,8,1,[SEP],[CLS],0.453317892623918,2.0549711177299
3386,5,5,8,2,[SEP],Token 2,-0.161794889461466,0.26177586255848
3387,5,5,8,3,[SEP],Token 3,-0.0401720413617982,0.0161379290717403
3388,5,5,8,4,[SEP],Token 4,0.0994743854321325,0.0989515335710045
3389,5,5,8,5,[SEP],Token 5,-0.19692681255846,0.387801695044348
3390,5,5,8,6,[SEP],Token 6,-0.274940576818334,0.755923207811985
3391,5,5,8,7,[SEP],.,0.552982810624164,3.057899888458
3392,5,5,8,8,[SEP],[SEP],0.136056633481509,0.185114075143216
3393,5,6,1,1,[CLS],[CLS],0.320711737428328,1.02856018524297
3394,5,6,1,2,[CLS],Token 2,-0.0720467715293271,0.0519073728779906
3395,5,6,1,3,[CLS],Token 3,-0.120550884070229,0.145325156501139
3396,5,6,1,4,[CLS],Token 4,0.00980139632429694,0.000960673699059414
3397,5,6,1,5,[CLS],Token 5,-0.0929163930439225,0.0863345609629268
3398,5,6,1,6,[CLS],Token 6,-0.272198790695942,0.740921816563332
3399,5,6,1,7,[CLS],.,-0.19019687884281,0.361748527215465
3400,5,6,1,8,[CLS],[SEP],0.0871020282993198,0.075867633338555
3401,5,6,2,1,Token 2,[CLS],0.0534750643364901,0.0285958250579176
3402,5,6,2,2,Token 2,Token 2,-0.0121858546206379,0.00148495052835322
3403,5,6,2,3,Token 2,Token 3,-0.00521615571692577,0.000272082804632174
3404,5,6,2,4,Token 2,Token 4,-0.0309717641457901,0.00959250174302446
3405,5,6,2,5,Token 2,Token 5,-0.0105619030665098,0.00111553796386349
3406,5,6,2,6,Token 2,Token 6,-0.0195654169825088,0.00382805541699444
3407,5,6,2,7,Token 2,.,-0.0351383014620737,0.0123470022963957
3408,5,6,2,8,Token 2,[SEP],0.0556238579613265,0.0309401357450183
3409,5,6,3,1,Token 3,[CLS],-0.0792423164431062,0.0627934471526938
3410,5,6,3,2,Token 3,Token 2,0.208302179242335,0.433897978771059
3411,5,6,3,3,Token 3,Token 3,0.150480566170769,0.22644400795075
3412,5,6,3,4,Token 3,Token 4,0.235184416838678,0.553117099237492
3413,5,6,3,5,Token 3,Token 5,-0.058706849501239,0.0344649417836112
3414,5,6,3,6,Token 3,Token 6,0.0262806065383638,0.00690670280024292
3415,5,6,3,7,Token 3,.,0.138404555324305,0.191558209345187
3416,5,6,3,8,Token 3,[SEP],-0.0407724151658235,0.0166238983845427
3417,5,6,4,1,Token 4,[CLS],0.0391322953569814,0.0153133653990603
3418,5,6,4,2,Token 4,Token 2,0.643133671872974,4.13620919896814
3419,5,6,4,3,Token 4,Token 3,0.00384375661803856,0.000147744649387152
3420,5,6,4,4,Token 4,Token 4,0.430256990617058,1.85121077974847
3421,5,6,4,5,Token 4,Token 5,-0.064589864325483,0.041718505735843
3422,5,6,4,6,Token 4,Token 6,-0.108183105849196,0.117035843911784
3423,5,6,4,7,Token 4,.,0.271588321725273,0.737602164975503
3424,5,6,4,8,Token 4,[SEP],0.453462381303339,2.05628131257295
3425,5,6,5,1,Token 5,[CLS],-0.312980294928604,0.979566650135961
3426,5,6,5,2,Token 5,Token 2,0.337178519795335,1.13689354211373
3427,5,6,5,3,Token 5,Token 3,0.50337367514687,2.53385056830867
3428,5,6,5,4,Token 5,Token 4,0.46000779217864,2.11607168865067
3429,5,6,5,5,Token 5,Token 5,0.322973617895995,1.04311957856828
3430,5,6,5,6,Token 5,Token 6,0.00605487829955241,0.000366615512223908
3431,5,6,5,7,Token 5,.,0.0481972200505038,0.0232297202059668
3432,5,6,5,8,Token 5,[SEP],-0.147961376048138,0.218925688020584
3433,5,6,6,1,Token 6,[CLS],0.0558824685002889,0.0312285028568578
3434,5,6,6,2,Token 6,Token 2,0.61940099381118,3.83657591134277
3435,5,6,6,3,Token 6,Token 3,0.295486390934639,0.873122072275784
3436,5,6,6,4,Token 6,Token 4,0.368779775440989,1.35998522774306
3437,5,6,6,5,Token 6,Token 5,-0.250202906065895,0.626014942038189
3438,5,6,6,6,Token 6,Token 6,-0.00289592759454602,8.38639663285312e-05
3439,5,6,6,7,Token 6,.,-0.153232111338785,0.234800799453418
3440,5,6,6,8,Token 6,[SEP],-0.00877125091354691,0.000769348425883977
3441,5,6,7,1,.,[CLS],-0.254917180656467,0.64982768993842
3442,5,6,7,2,.,Token 2,-0.0201664340566351,0.00406685062560613
3443,5,6,7,3,.,Token 3,0.0245672160291218,0.00603548103421539
3444,5,6,7,4,.,Token 4,0.0847329581466422,0.0717967419628062
3445,5,6,7,5,.,Token 5,-0.326701594017109,1.0673393153332
3446,5,6,7,6,.,Token 6,-0.340741609313897,1.16104844317824
3447,5,6,7,7,.,.,-0.102462972930763,0.104986608218102
3448,5,6,7,8,.,[SEP],0.326327315592231,1.06489516901632
3449,5,6,8,1,[SEP],[CLS],-0.389967090472385,1.52074331651497
3450,5,6,8,2,[SEP],Token 2,-0.0939694682422034,0.0883026096172246
3451,5,6,8,3,[SEP],Token 3,-0.130310531906519,0.1698083472576
3452,5,6,8,4,[SEP],Token 4,-0.0195242803160878,0.00381197521861176
3453,5,6,8,5,[SEP],Token 5,-0.316389666868991,1.00102421301472
3454,5,6,8,6,[SEP],Token 6,-0.362081807851894,1.31103235577296
3455,5,6,8,7,[SEP],.,-0.130239901571617,0.169624319613846
3456,5,6,8,8,[SEP],[SEP],0.609786609647001,3.71839709304784
3457,5,7,1,1,[CLS],[CLS],-0.0975624660417287,0.0951843478014346
3458,5,7,1,2,[CLS],Token 2,0.033800079023444,0.0114244534199106
3459,5,7,1,3,[CLS],Token 3,-0.230225447199719,0.530037565383104
3460,5,7,1,4,[CLS],Token 4,0.0353127849455106,0.0124699278060788
3461,5,7,1,5,[CLS],Token 5,-0.26810916278073,0.718825231669839
3462,5,7,1,6,[CLS],Token 6,-0.371199469713761,1.37789046315778
3463,5,7,1,7,[CLS],.,0.37657242284319,1.41806789645991
3464,5,7,1,8,[CLS],[SEP],0.449825692798188,2.02343153901369
3465,5,7,2,1,Token 2,[CLS],0.135466313142264,0.183511219963578
3466,5,7,2,2,Token 2,Token 2,-0.127036481880522,0.161382677285801
3467,5,7,2,3,Token 2,Token 3,-0.0241401107927964,0.00582744949088483
3468,5,7,2,4,Token 2,Token 4,0.103788585622143,0.10772070505445
3469,5,7,2,5,Token 2,Token 5,-0.0736656467956553,0.0542662751782223
3470,5,7,2,6,Token 2,Token 6,-0.201241755954076,0.4049824433948
3471,5,7,2,7,Token 2,.,0.274585151136274,0.753970052245304
3472,5,7,2,8,Token 2,[SEP],0.128976743172919,0.16635000279493
3473,5,7,3,1,Token 3,[CLS],0.566863284818865,3.21333983675633
3474,5,7,3,2,Token 3,Token 2,0.339860397897841,1.15505090059279
3475,5,7,3,3,Token 3,Token 3,0.494440035777785,2.44470948979938
3476,5,7,3,4,Token 3,Token 4,0.170118931177421,0.289404507449482
3477,5,7,3,5,Token 3,Token 5,-0.267902323501933,0.717716549377343
3478,5,7,3,6,Token 3,Token 6,-0.296974658566613,0.881939478307564
3479,5,7,3,7,Token 3,.,0.343996989567266,1.18333928831342
3480,5,7,3,8,Token 3,[SEP],0.172450586686318,0.297392048484552
3481,5,7,4,1,Token 4,[CLS],0.109157828902794,0.119154316107717
3482,5,7,4,2,Token 4,Token 2,-0.0291109182013165,0.00847445558523743
3483,5,7,4,3,Token 4,Token 3,-0.091568551229126,0.0838479957420106
3484,5,7,4,4,Token 4,Token 4,-0.0642029534240871,0.0412201922837549
3485,5,7,4,5,Token 4,Token 5,-0.106262649623786,0.112917507050675
3486,5,7,4,6,Token 4,Token 6,0.180319205973644,0.325150160429653
3487,5,7,4,7,Token 4,.,0.279070726346877,0.778804703037736
3488,5,7,4,8,Token 4,[SEP],0.0340119202868256,0.0115681072159738
3489,5,7,5,1,Token 5,[CLS],0.812765945218087,6.6058848170625
3490,5,7,5,2,Token 5,Token 2,0.203909908385819,0.415792507379129
3491,5,7,5,3,Token 5,Token 3,-0.149320109994347,0.22296495248724
3492,5,7,5,4,Token 5,Token 4,-0.0500022669755119,0.0250022670269037
3493,5,7,5,5,Token 5,Token 5,0.35064984113365,1.22955311087054
3494,5,7,5,6,Token 5,Token 6,-0.0156541359953275,0.00245051973760209
3495,5,7,5,7,Token 5,.,0.634087016909372,4.02066345013026
3496,5,7,5,8,Token 5,[SEP],-0.0195933353694893,0.00383898790901279
3497,5,7,6,1,Token 6,[CLS],0.675781972563887,4.56681274442339
3498,5,7,6,2,Token 6,Token 2,0.0246580939411114,0.00608021596808676
3499,5,7,6,3,Token 6,Token 3,0.0639444920184626,0.0408889805949923
3500,5,7,6,4,Token 6,Token 4,0.315799195867664,0.997291321106634
3501,5,7,6,5,Token 6,Token 5,-0.243355780253121,0.592220357826051
3502,5,7,6,6,Token 6,Token 6,-0.0336236002835893,0.0113054649603059
3503,5,7,6,7,Token 6,.,0.621164282047483,3.85845065291565
3504,5,7,6,8,Token 6,[SEP],-0.187912397066127,0.35311068971138
3505,5,7,7,1,.,[CLS],-0.0570032036515131,0.0324936522653588
3506,5,7,7,2,.,Token 2,0.0279759855803427,0.00782655769191543
3507,5,7,7,3,.,Token 3,-0.207675097944413,0.431289463062214
3508,5,7,7,4,.,Token 4,0.026694630424096,0.00712603293479073
3509,5,7,7,5,.,Token 5,-0.329706489010386,1.08706368895556
3510,5,7,7,6,.,Token 6,-0.0680706491219134,0.0463361327187864
3511,5,7,7,7,.,.,0.664546183546666,4.4162163006644
3512,5,7,7,8,.,[SEP],0.171201683456842,0.293100164184568
3513,5,7,8,1,[SEP],[CLS],0.0475356123432818,0.0225963444085076
3514,5,7,8,2,[SEP],Token 2,-0.103032897557169,0.106157779790261
3515,5,7,8,3,[SEP],Token 3,-0.229213883452956,0.525390043675855
3516,5,7,8,4,[SEP],Token 4,0.0185034238935834,0.00342376695785633
3517,5,7,8,5,[SEP],Token 5,-0.201817516999582,0.407303101678767
3518,5,7,8,6,[SEP],Token 6,-0.154359841353166,0.238269606225747
3519,5,7,8,7,[SEP],.,0.86465220433537,7.47623434462014
3520,5,7,8,8,[SEP],[SEP],0.19517009567613,0.380913662462299
3521,5,8,1,1,[CLS],[CLS],0.372758408852623,1.38948831370339
3522,5,8,1,2,[CLS],Token 2,-0.043309504568829,0.0187571318599742
3523,5,8,1,3,[CLS],Token 3,0.106209411930132,0.112804391825444
3524,5,8,1,4,[CLS],Token 4,0.119692501440474,0.14326294901078
3525,5,8,1,5,[CLS],Token 5,-0.150207668016027,0.22562343530813
3526,5,8,1,6,[CLS],Token 6,-0.0888026333428866,0.0788590768863116
3527,5,8,1,7,[CLS],.,0.632726033193679,4.00342233081008
3528,5,8,1,8,[CLS],[SEP],-0.189000421911784,0.357211594828324
3529,5,8,2,1,Token 2,[CLS],0.140048544597331,0.196135948438306
3530,5,8,2,2,Token 2,Token 2,0.0674194543127342,0.0454538281982685
3531,5,8,2,3,Token 2,Token 3,-0.00407138303084903,0.000165761597838854
3532,5,8,2,4,Token 2,Token 4,0.0273821343320037,0.00749781280575894
3533,5,8,2,5,Token 2,Token 5,-0.189945158523544,0.360791632465345
3534,5,8,2,6,Token 2,Token 6,0.182621434044399,0.333505881724327
3535,5,8,2,7,Token 2,.,0.311010543971112,0.967275584612074
3536,5,8,2,8,Token 2,[SEP],0.00165128053001218,2.72672738879729e-05
3537,5,8,3,1,Token 3,[CLS],0.144182807145109,0.207886818762436
3538,5,8,3,2,Token 3,Token 2,0.0843424626136457,0.0711365099973422
3539,5,8,3,3,Token 3,Token 3,0.0698313214020769,0.0487641344876016
3540,5,8,3,4,Token 3,Token 4,0.295237797304228,0.871653569570526
3541,5,8,3,5,Token 3,Token 5,0.285013192222287,0.812325197407381
3542,5,8,3,6,Token 3,Token 6,-0.0526644522556003,0.027735445313824
3543,5,8,3,7,Token 3,.,0.209885816908862,0.440520561395002
3544,5,8,3,8,Token 3,[SEP],-0.145013611368414,0.210289474821094
3545,5,8,4,1,Token 4,[CLS],-0.112879868500853,0.127418647127699
3546,5,8,4,2,Token 4,Token 2,0.0113720506354784,0.00129323535655884
3547,5,8,4,3,Token 4,Token 3,-0.24709874127049,0.610577879374606
3548,5,8,4,4,Token 4,Token 4,0.0782666963966651,0.0612567576484774
3549,5,8,4,5,Token 4,Token 5,0.225373558483776,0.5079324086364
3550,5,8,4,6,Token 4,Token 6,0.000627715223443984,3.94026401743331e-06
3551,5,8,4,7,Token 4,.,-0.0247939222654182,0.00614738581303598
3552,5,8,4,8,Token 4,[SEP],-0.010235522388779,0.00104765918571196
3553,5,8,5,1,Token 5,[CLS],0.287879196761018,0.828744319277687
3554,5,8,5,2,Token 5,Token 2,0.195110915451586,0.38068269328356
3555,5,8,5,3,Token 5,Token 3,0.185145371129332,0.34278808450618
3556,5,8,5,4,Token 5,Token 4,0.0744431664153528,0.0554178502594391
3557,5,8,5,5,Token 5,Token 5,0.104851749776296,0.10993889431151
3558,5,8,5,6,Token 5,Token 6,0.170444381028698,0.290512870242559
3559,5,8,5,7,Token 5,.,0.542858751406574,2.94695623978704
3560,5,8,5,8,Token 5,[SEP],-0.169091480630517,0.285919288218206
3561,5,8,6,1,Token 6,[CLS],0.53370257807082,2.8483844183944
3562,5,8,6,2,Token 6,Token 2,0.208429734706752,0.434429543099269
3563,5,8,6,3,Token 6,Token 3,0.420843214099109,1.77109010853268
3564,5,8,6,4,Token 6,Token 4,0.163551026407429,0.267489382389235
3565,5,8,6,5,Token 6,Token 5,0.323247127819049,1.04488705643265
3566,5,8,6,6,Token 6,Token 6,-0.322493893362115,1.04002311255855
3567,5,8,6,7,Token 6,.,0.0769318376076248,0.0591850763768595
3568,5,8,6,8,Token 6,[SEP],-0.43323387857093,1.87691593541611
3569,5,8,7,1,.,[CLS],-0.00994562278185484,0.000989154125189498
3570,5,8,7,2,.,Token 2,-0.0463303462264787,0.0214650098146539
3571,5,8,7,3,.,Token 3,0.133787119506256,0.178989933457813
3572,5,8,7,4,.,Token 4,0.118282959975619,0.139908586205938
3573,5,8,7,5,.,Token 5,0.121593530535621,0.147849866681169
3574,5,8,7,6,.,Token 6,0.05734730391835,0.032887132667036
3575,5,8,7,7,.,.,0.278543367507081,0.775864075821849
3576,5,8,7,8,.,[SEP],-0.137088709224512,0.187933141968428
3577,5,8,8,1,[SEP],[CLS],0.471953717501697,2.22740311463672
3578,5,8,8,2,[SEP],Token 2,-0.0752551510338516,0.0566333775712782
3579,5,8,8,3,[SEP],Token 3,-0.246069406356876,0.605501527448255
3580,5,8,8,4,[SEP],Token 4,-0.106097292167722,0.112566354053229
3581,5,8,8,5,[SEP],Token 5,-0.146116938982284,0.213501598575524
3582,5,8,8,6,[SEP],Token 6,-0.576277904365184,3.32096223059528
3583,5,8,8,7,[SEP],.,0.450444579118368,2.02900318857123
3584,5,8,8,8,[SEP],[SEP],0.589650406285729,3.47687601632925
3585,5,9,1,1,[CLS],[CLS],0.176228424404327,0.310564575680315
3586,5,9,1,2,[CLS],Token 2,0.0714918675072652,0.0511108711967636
3587,5,9,1,3,[CLS],Token 3,0.182284835225772,0.33227761153287
3588,5,9,1,4,[CLS],Token 4,0.056411543481507,0.0318226223796595
3589,5,9,1,5,[CLS],Token 5,0.263878332177752,0.696317741929121
3590,5,9,1,6,[CLS],Token 6,0.202698737457554,0.410867781668864
3591,5,9,1,7,[CLS],.,-0.359073543962057,1.28933809973471
3592,5,9,1,8,[CLS],[SEP],-0.266727771262047,0.71143703962419
3593,5,9,2,1,Token 2,[CLS],-0.0680184969847253,0.0462651593206109
3594,5,9,2,2,Token 2,Token 2,-0.165081210366292,0.27251806016
3595,5,9,2,3,Token 2,Token 3,0.253694186316601,0.643607401708422
3596,5,9,2,4,Token 2,Token 4,-0.07670764135275,0.0588406224190213
3597,5,9,2,5,Token 2,Token 5,0.138392285253047,0.191524246175606
3598,5,9,2,6,Token 2,Token 6,0.0453566957219685,0.0205722984681524
3599,5,9,2,7,Token 2,.,-0.0354696860465046,0.012580986282376
3600,5,9,2,8,Token 2,[SEP],-0.0167014200124613,0.00278937430432643
3601,5,9,3,1,Token 3,[CLS],-0.0453645875927472,0.0205794580746003
3602,5,9,3,2,Token 3,Token 2,0.0927784504214818,0.0860784086261135
3603,5,9,3,3,Token 3,Token 3,0.067402042174744,0.0454303528932597
3604,5,9,3,4,Token 3,Token 4,0.276351979953451,0.763704168241927
3605,5,9,3,5,Token 3,Token 5,0.227545784012648,0.517770838219306
3606,5,9,3,6,Token 3,Token 6,-0.050592341095807,0.0255958497755449
3607,5,9,3,7,Token 3,.,0.170213777923828,0.289727301951023
3608,5,9,3,8,Token 3,[SEP],-0.100878622489614,0.101764964754021
3609,5,9,4,1,Token 4,[CLS],-0.0234329576985181,0.00549103506500537
3610,5,9,4,2,Token 4,Token 2,-0.0636290654899596,0.0404865797512556
3611,5,9,4,3,Token 4,Token 3,0.0821482588832856,0.0674833643755532
3612,5,9,4,4,Token 4,Token 4,0.141548281783207,0.20035916075778
3613,5,9,4,5,Token 4,Token 5,0.307162795879793,0.943489831726914
3614,5,9,4,6,Token 4,Token 6,-0.051206527823696,0.0262210849175895
3615,5,9,4,7,Token 4,.,0.0235055241025012,0.00552509663333264
3616,5,9,4,8,Token 4,[SEP],-0.0695070581446029,0.0483123113191722
3617,5,9,5,1,Token 5,[CLS],0.110686459024786,0.122514922114457
3618,5,9,5,2,Token 5,Token 2,0.310103531286308,0.961642001162382
3619,5,9,5,3,Token 5,Token 3,0.171437606302658,0.293908528547852
3620,5,9,5,4,Token 5,Token 4,0.17619392760047,0.310443001232798
3621,5,9,5,5,Token 5,Token 5,0.388660790963315,1.5105721043223
3622,5,9,5,6,Token 5,Token 6,0.0613490239184839,0.0376370273575071
3623,5,9,5,7,Token 5,.,0.0890993522328268,0.0793869456830933
3624,5,9,5,8,Token 5,[SEP],-0.300892372256103,0.905362196819052
3625,5,9,6,1,Token 6,[CLS],0.556774091194098,3.09997388625014
3626,5,9,6,2,Token 6,Token 2,0.112647216365901,0.12689395354986
3627,5,9,6,3,Token 6,Token 3,0.279006313498481,0.778445229720126
3628,5,9,6,4,Token 6,Token 4,0.160578654942669,0.257855044231967
3629,5,9,6,5,Token 6,Token 5,0.108188664907195,0.117047872144014
3630,5,9,6,6,Token 6,Token 6,-0.2865190285538,0.820931537234131
3631,5,9,6,7,Token 6,.,0.280658422703147,0.787691502342186
3632,5,9,6,8,Token 6,[SEP],-0.204784517615216,0.419366986548965
3633,5,9,7,1,.,[CLS],-0.534812436793377,2.8602434254887
3634,5,9,7,2,.,Token 2,0.0887708077152652,0.078802563024206
3635,5,9,7,3,.,Token 3,0.278782953859407,0.77719935362576
3636,5,9,7,4,.,Token 4,0.301928194906039,0.911606348792189
3637,5,9,7,5,.,Token 5,0.684230061818696,4.68170777496417
3638,5,9,7,6,.,Token 6,0.727516676523568,5.29280514619898
3639,5,9,7,7,.,.,-0.233832956168957,0.546778513907133
3640,5,9,7,8,.,[SEP],-0.641986880502728,4.12147154737624
3641,5,9,8,1,[SEP],[CLS],-0.341105458266359,1.16352933659103
3642,5,9,8,2,[SEP],Token 2,-0.0732232527155952,0.0536164473825191
3643,5,9,8,3,[SEP],Token 3,0.119944056643614,0.143865767241266
3644,5,9,8,4,[SEP],Token 4,0.187187383018587,0.350391163613473
3645,5,9,8,5,[SEP],Token 5,0.662680282176635,4.39145156385704
3646,5,9,8,6,[SEP],Token 6,0.322501083286989,1.04006948721281
3647,5,9,8,7,[SEP],.,-0.00118684591642948,1.40860322934534e-05
3648,5,9,8,8,[SEP],[SEP],-0.516266233323517,2.66530823670052
3649,5,10,1,1,[CLS],[CLS],0.289780461045704,0.839727156038607
3650,5,10,1,2,[CLS],Token 2,0.124754132963644,0.155635936915105
3651,5,10,1,3,[CLS],Token 3,-0.0452334211717145,0.0204606239089771
3652,5,10,1,4,[CLS],Token 4,0.247619420073332,0.613153771974533
3653,5,10,1,5,[CLS],Token 5,-0.170537659398293,0.290830932730483
3654,5,10,1,6,[CLS],Token 6,-0.361353842144554,1.30576599232632
3655,5,10,1,7,[CLS],.,0.282166277182858,0.796178079792336
3656,5,10,1,8,[CLS],[SEP],0.182950527584826,0.334708955435661
3657,5,10,2,1,Token 2,[CLS],-0.129528609778114,0.16777660751051
3658,5,10,2,2,Token 2,Token 2,-0.130172074718016,0.169447690363928
3659,5,10,2,3,Token 2,Token 3,0.160607668666548,0.257948232345035
3660,5,10,2,4,Token 2,Token 4,-0.0607344637229963,0.0368867508371996
3661,5,10,2,5,Token 2,Token 5,0.257404288061659,0.662569675125298
3662,5,10,2,6,Token 2,Token 6,0.286814123004229,0.822623411546849
3663,5,10,2,7,Token 2,.,0.0771630850003935,0.0595414168677796
3664,5,10,2,8,Token 2,[SEP],-0.144251938108409,0.208086216480322
3665,5,10,3,1,Token 3,[CLS],-0.00210627746850121,4.43640477431588e-05
3666,5,10,3,2,Token 3,Token 2,-0.0227835316770409,0.00519089315678727
3667,5,10,3,3,Token 3,Token 3,0.0532168724231503,0.0283203551050186
3668,5,10,3,4,Token 3,Token 4,0.213537677553775,0.455983397350599
3669,5,10,3,5,Token 3,Token 5,0.184753639461191,0.341339072941558
3670,5,10,3,6,Token 3,Token 6,-0.336900760175437,1.13502122206787
3671,5,10,3,7,Token 3,.,0.322279443563855,1.03864039743828
3672,5,10,3,8,Token 3,[SEP],-0.0645072030078364,0.0416117923989422
3673,5,10,4,1,Token 4,[CLS],0.286796590960375,0.822522845864926
3674,5,10,4,2,Token 4,Token 2,0.0638293848825488,0.0407419037448455
3675,5,10,4,3,Token 4,Token 3,0.0880428778907088,0.0775154834727826
3676,5,10,4,4,Token 4,Token 4,-0.0533872115959253,0.0285019436198811
3677,5,10,4,5,Token 4,Token 5,-0.426981828004715,1.82313481446248
3678,5,10,4,6,Token 4,Token 6,-0.236503985417381,0.559341351183047
3679,5,10,4,7,Token 4,.,0.172215165403422,0.296580631949281
3680,5,10,4,8,Token 4,[SEP],0.0883332093225319,0.0780275586921824
3681,5,10,5,1,Token 5,[CLS],-0.0957538263263997,0.091687952561463
3682,5,10,5,2,Token 5,Token 2,0.152107257003213,0.231366176330414
3683,5,10,5,3,Token 5,Token 3,0.144960927962406,0.210136706357219
3684,5,10,5,4,Token 5,Token 4,0.0764569964480023,0.0584567230584984
3685,5,10,5,5,Token 5,Token 5,-0.0324082674788442,0.0105029580098031
3686,5,10,5,6,Token 5,Token 6,-0.735278307891064,5.40634190055147
3687,5,10,5,7,Token 5,.,0.719229519555006,5.17291101799324
3688,5,10,5,8,Token 5,[SEP],0.102957573705814,0.106002619833881
3689,5,10,6,1,Token 6,[CLS],0.0442301525369329,0.0195630639344035
3690,5,10,6,2,Token 6,Token 2,0.148137381344566,0.219446837516253
3691,5,10,6,3,Token 6,Token 3,0.0557323823751842,0.0310609844521374
3692,5,10,6,4,Token 6,Token 4,0.0273530971888145,0.00748191925820731
3693,5,10,6,5,Token 6,Token 5,-0.800157844942039,6.40252576822288
3694,5,10,6,6,Token 6,Token 6,0.521672109932633,2.72141790281565
3695,5,10,6,7,Token 6,.,0.743906538647682,5.53396938242775
3696,5,10,6,8,Token 6,[SEP],0.459829017098284,2.11442724965574
3697,5,10,7,1,.,[CLS],-0.276345934774616,0.763670756664564
3698,5,10,7,2,.,Token 2,0.0540813218402406,0.0292478937198769
3699,5,10,7,3,.,Token 3,0.097351481409524,0.0947731093262888
3700,5,10,7,4,.,Token 4,0.228504531973098,0.522143211322444
3701,5,10,7,5,.,Token 5,0.276291494526374,0.763369899476172
3702,5,10,7,6,.,Token 6,0.0658526025030803,0.043365652564287
3703,5,10,7,7,.,.,0.692309985652651,4.79293116234374
3704,5,10,7,8,.,[SEP],-0.407740210263399,1.66252079065641
3705,5,10,8,1,[SEP],[CLS],0.211914408881817,0.449077166917298
3706,5,10,8,2,[SEP],Token 2,0.0190098371338416,0.00361373907855182
3707,5,10,8,3,[SEP],Token 3,-0.253367810358564,0.64195247325893
3708,5,10,8,4,[SEP],Token 4,-0.077127863729713,0.0594870736350917
3709,5,10,8,5,[SEP],Token 5,-0.268047638676536,0.718495366000666
3710,5,10,8,6,[SEP],Token 6,-0.532032320582257,2.83058390144141
3711,5,10,8,7,[SEP],.,0.533821894869511,2.84965815442076
3712,5,10,8,8,[SEP],[SEP],0.649059601515621,4.21278366319617
3713,5,11,1,1,[CLS],[CLS],0.520108340381711,2.70512685734618
3714,5,11,1,2,[CLS],Token 2,0.24550121543718,0.602708467811326
3715,5,11,1,3,[CLS],Token 3,0.0789417798722789,0.0623180460940334
3716,5,11,1,4,[CLS],Token 4,0.27350082189113,0.748026995751235
3717,5,11,1,5,[CLS],Token 5,0.15490862320121,0.239966815420943
3718,5,11,1,6,[CLS],Token 6,0.260254478721339,0.67732393694516
3719,5,11,1,7,[CLS],.,0.140829842662903,0.198330445844579
3720,5,11,1,8,[CLS],[SEP],-0.401861881294,1.61492971637152
3721,5,11,2,1,Token 2,[CLS],0.0388620681021273,0.0151026033717438
3722,5,11,2,2,Token 2,Token 2,0.114463004973378,0.131017795075356
3723,5,11,2,3,Token 2,Token 3,0.0771665820251752,0.0595468138144809
3724,5,11,2,4,Token 2,Token 4,0.227959629976935,0.519655928992211
3725,5,11,2,5,Token 2,Token 5,0.062170073284109,0.0386511801215149
3726,5,11,2,6,Token 2,Token 6,-0.178741527113345,0.319485335148106
3727,5,11,2,7,Token 2,.,0.0230965547589329,0.00533450841732384
3728,5,11,2,8,Token 2,[SEP],-0.113416439748118,0.128632888051385
3729,5,11,3,1,Token 3,[CLS],0.00456982734859443,0.000208833219959615
3730,5,11,3,2,Token 3,Token 2,0.0328671127545242,0.0108024710081861
3731,5,11,3,3,Token 3,Token 3,0.0884526001696435,0.078238624767708
3732,5,11,3,4,Token 3,Token 4,0.0277132846685098,0.00768026147117861
3733,5,11,3,5,Token 3,Token 5,0.186174310152931,0.346608737609198
3734,5,11,3,6,Token 3,Token 6,0.0368458684476979,0.0135761802166506
3735,5,11,3,7,Token 3,.,0.113820370352974,0.129550767072882
3736,5,11,3,8,Token 3,[SEP],-0.047409289975766,0.0224764077600627
3737,5,11,4,1,Token 4,[CLS],-0.0781735950084501,0.0611111095654518
3738,5,11,4,2,Token 4,Token 2,0.00805822539455925,0.000649349965095197
3739,5,11,4,3,Token 4,Token 3,-0.0949287546690452,0.0901146846301576
3740,5,11,4,4,Token 4,Token 4,0.10405974569261,0.108284306736107
3741,5,11,4,5,Token 4,Token 5,0.186714597723757,0.348623410031443
3742,5,11,4,6,Token 4,Token 6,0.310766180366511,0.965756188595911
3743,5,11,4,7,Token 4,.,0.0255173990991176,0.00651137656783648
3744,5,11,4,8,Token 4,[SEP],0.044537049315773,0.019835487617556
3745,5,11,5,1,Token 5,[CLS],-0.0413049651704217,0.0170610014772975
3746,5,11,5,2,Token 5,Token 2,0.0947410698470219,0.089758703157583
3747,5,11,5,3,Token 5,Token 3,-0.0225600316002366,0.00508955025803674
3748,5,11,5,4,Token 5,Token 4,0.318605747945505,1.01509622623915
3749,5,11,5,5,Token 5,Token 5,0.576335756402045,3.32162904107518
3750,5,11,5,6,Token 5,Token 6,-0.143376778316017,0.205569005602803
3751,5,11,5,7,Token 5,.,-0.0981696364513768,0.0963727752099548
3752,5,11,5,8,Token 5,[SEP],-0.130373654697689,0.169972898392323
3753,5,11,6,1,Token 6,[CLS],-0.249180334392416,0.620908390479162
3754,5,11,6,2,Token 6,Token 2,0.0661476015711904,0.0437550519362095
3755,5,11,6,3,Token 6,Token 3,0.310892487421955,0.966541387354103
3756,5,11,6,4,Token 6,Token 4,0.135211378054544,0.182821167554089
3757,5,11,6,5,Token 6,Token 5,-0.324695085034594,1.05426898245622
3758,5,11,6,6,Token 6,Token 6,0.25291212938032,0.639645451876877
3759,5,11,6,7,Token 6,.,-0.365376236807459,1.33499794423581
3760,5,11,6,8,Token 6,[SEP],-0.207640550095452,0.43114598043942
3761,5,11,7,1,.,[CLS],-0.303225411784171,0.919456503516803
3762,5,11,7,2,.,Token 2,0.0207089394940955,0.00428860174970109
3763,5,11,7,3,.,Token 3,0.276077777638116,0.762189393056012
3764,5,11,7,4,.,Token 4,0.00789653353854939,0.000623552419254355
3765,5,11,7,5,.,Token 5,0.0844016341284881,0.0712363584355915
3766,5,11,7,6,.,Token 6,-0.267405256511248,0.715055712098466
3767,5,11,7,7,.,.,-0.27424801679354,0.752119747151898
3768,5,11,7,8,.,[SEP],-0.243743630457923,0.594109573888087
3769,5,11,8,1,[SEP],[CLS],0.378167549505886,1.43010695499286
3770,5,11,8,2,[SEP],Token 2,-0.0217266255749378,0.00472046258873541
3771,5,11,8,3,[SEP],Token 3,-0.180698761207298,0.326520423018521
3772,5,11,8,4,[SEP],Token 4,-0.023534172191992,0.00553857260762331
3773,5,11,8,5,[SEP],Token 5,-0.0127034002238618,0.00161376377247611
3774,5,11,8,6,[SEP],Token 6,-0.13772190796548,0.189673239336523
3775,5,11,8,7,[SEP],.,0.0335221642759938,0.0112373549774671
3776,5,11,8,8,[SEP],[SEP],0.00877899232558856,0.000770707062527428
3777,5,12,1,1,[CLS],[CLS],0.392546682654256,1.54092898062861
3778,5,12,1,2,[CLS],Token 2,0.101039802600125,0.102090417094723
3779,5,12,1,3,[CLS],Token 3,0.0685737961637072,0.0470236552030167
3780,5,12,1,4,[CLS],Token 4,0.352220456592963,1.24059250042555
3781,5,12,1,5,[CLS],Token 5,0.353023925824341,1.2462589220443
3782,5,12,1,6,[CLS],Token 6,0.149865488085829,0.224596645192039
3783,5,12,1,7,[CLS],.,0.319971534469555,1.02381782870802
3784,5,12,1,8,[CLS],[SEP],-0.480565043364218,2.30942760903653
3785,5,12,2,1,Token 2,[CLS],0.112634041406243,0.126864272835032
3786,5,12,2,2,Token 2,Token 2,0.171260133293313,0.293300332556434
3787,5,12,2,3,Token 2,Token 3,-0.10511208359016,0.110485501166648
3788,5,12,2,4,Token 2,Token 4,0.0644257687926309,0.0415067968452154
3789,5,12,2,5,Token 2,Token 5,0.116109158927102,0.134813367867589
3790,5,12,2,6,Token 2,Token 6,0.109791218165598,0.12054111586286
3791,5,12,2,7,Token 2,.,-0.0300925094882246,0.00905559127298889
3792,5,12,2,8,Token 2,[SEP],0.0649811405937906,0.0422254863286998
3793,5,12,3,1,Token 3,[CLS],0.0203159496047164,0.00412737808341375
3794,5,12,3,2,Token 3,Token 2,-0.0593363664783311,0.0352080438685081
3795,5,12,3,3,Token 3,Token 3,-0.0576304913059006,0.0332127352815948
3796,5,12,3,4,Token 3,Token 4,-0.214238359850949,0.458980748316249
3797,5,12,3,5,Token 3,Token 5,-0.310467040642007,0.963897833250059
3798,5,12,3,6,Token 3,Token 6,-0.172888589507835,0.298904643820087
3799,5,12,3,7,Token 3,.,-0.168389064681576,0.283548771043362
3800,5,12,3,8,Token 3,[SEP],0.25398172012201,0.64506714156135
3801,5,12,4,1,Token 4,[CLS],-0.0334285460994927,0.0111746769432591
3802,5,12,4,2,Token 4,Token 2,-0.0155961804519277,0.00243240844689092
3803,5,12,4,3,Token 4,Token 3,0.0162734944758066,0.00264826622454106
3804,5,12,4,4,Token 4,Token 4,0.122199028549994,0.149326025785623
3805,5,12,4,5,Token 4,Token 5,-0.0957735864484412,0.0917257986119705
3806,5,12,4,6,Token 4,Token 6,-0.154149558006705,0.237620862336626
3807,5,12,4,7,Token 4,.,-0.0436985405173772,0.0190956244334886
3808,5,12,4,8,Token 4,[SEP],0.18363164743074,0.337205819381277
3809,5,12,5,1,Token 5,[CLS],-0.134277164701276,0.180303569602136
3810,5,12,5,2,Token 5,Token 2,0.116082817210707,0.134752204515744
3811,5,12,5,3,Token 5,Token 3,0.430168888752277,1.85045272850369
3812,5,12,5,4,Token 5,Token 4,0.275922929279549,0.761334629022068
3813,5,12,5,5,Token 5,Token 5,0.340706456585243,1.16080889558872
3814,5,12,5,6,Token 5,Token 6,0.180407486800275,0.325468612935915
3815,5,12,5,7,Token 5,.,0.162701824060003,0.264718835524523
3816,5,12,5,8,Token 5,[SEP],-0.208133782999387,0.433196716256361
3817,5,12,6,1,Token 6,[CLS],0.224980359635787,0.506161622218481
3818,5,12,6,2,Token 6,Token 2,-0.0880086609740884,0.0774552440645204
3819,5,12,6,3,Token 6,Token 3,0.251790593943642,0.633985031984917
3820,5,12,6,4,Token 6,Token 4,0.309130491947009,0.955616610514
3821,5,12,6,5,Token 6,Token 5,0.055560127512796,0.0308692776923815
3822,5,12,6,6,Token 6,Token 6,0.362258824466635,1.31231455903949
3823,5,12,6,7,Token 6,.,0.159653985468722,0.254893950760469
3824,5,12,6,8,Token 6,[SEP],-0.228542235194842,0.522315532678546
3825,5,12,7,1,.,[CLS],0.0319185567000796,0.0101879426181619
3826,5,12,7,2,.,Token 2,-0.0690739947397174,0.047712167493025
3827,5,12,7,3,.,Token 3,0.147913011386235,0.218782589373444
3828,5,12,7,4,.,Token 4,0.0449412851236307,0.0201971910856347
3829,5,12,7,5,.,Token 5,0.358686078073979,1.28655702604093
3830,5,12,7,6,.,Token 6,0.139059006877869,0.193374073938594
3831,5,12,7,7,.,.,0.16948439177682,0.287249590559584
3832,5,12,7,8,.,[SEP],-0.252028854717587,0.635185436102588
3833,5,12,8,1,[SEP],[CLS],-0.086385962986056,0.0746253460102824
3834,5,12,8,2,[SEP],Token 2,0.0401450805184402,0.0161162748983205
3835,5,12,8,3,[SEP],Token 3,0.141608843295513,0.200530644994933
3836,5,12,8,4,[SEP],Token 4,0.165546113860756,0.274055158143985
3837,5,12,8,5,[SEP],Token 5,0.0301712295730702,0.00910303093950903
3838,5,12,8,6,[SEP],Token 6,0.275615089753903,0.75963677700052
3839,5,12,8,7,[SEP],.,0.393621598190798,1.54937962562277
3840,5,12,8,8,[SEP],[SEP],-0.363436478567997,1.32086073953906
3841,6,1,1,1,[CLS],[CLS],0.0700716811614768,0.0491004050079566
3842,6,1,1,2,[CLS],Token 2,0.0380327126370801,0.0144648723053471
3843,6,1,1,3,[CLS],Token 3,-0.153137794750758,0.234511841811253
3844,6,1,1,4,[CLS],Token 4,0.129294808235725,0.167171474367129
3845,6,1,1,5,[CLS],Token 5,-0.0488599192754668,0.0238729171160513
3846,6,1,1,6,[CLS],Token 6,-0.133236811404552,0.17752047913252
3847,6,1,1,7,[CLS],.,-0.190806340175656,0.364070594512282
3848,6,1,1,8,[CLS],[SEP],0.102709772547491,0.105492973767572
3849,6,1,2,1,Token 2,[CLS],-0.0105557138171973,0.0011142309419057
3850,6,1,2,2,Token 2,Token 2,0.0646363897145688,0.0417786287533361
3851,6,1,2,3,Token 2,Token 3,-0.132084825027119,0.174464010024446
3852,6,1,2,4,Token 2,Token 4,0.0336480115796831,0.0113218868326649
3853,6,1,2,5,Token 2,Token 5,0.00787173523533139,0.000619642156151577
3854,6,1,2,6,Token 2,Token 6,-0.141852363078134,0.201220929108508
3855,6,1,2,7,Token 2,.,-0.0410701838035288,0.0168675999765564
3856,6,1,2,8,Token 2,[SEP],0.120407097915994,0.144978692285517
3857,6,1,3,1,Token 3,[CLS],-0.0638059876629908,0.0407120406164974
3858,6,1,3,2,Token 3,Token 2,0.00282347534451854,7.97201302110406e-05
3859,6,1,3,3,Token 3,Token 3,-0.162186387967751,0.263044244420258
3860,6,1,3,4,Token 3,Token 4,0.0581307334724133,0.0337918217404075
3861,6,1,3,5,Token 3,Token 5,-0.223828494221486,0.500991948254577
3862,6,1,3,6,Token 3,Token 6,0.00532785009642845,0.000283859866500126
3863,6,1,3,7,Token 3,.,0.0622051370819571,0.0386947907938507
3864,6,1,3,8,Token 3,[SEP],0.0722779082040756,0.0522409601435678
3865,6,1,4,1,Token 4,[CLS],0.0790249410107382,0.0624494130175066
3866,6,1,4,2,Token 4,Token 2,0.211214475172177,0.446115545222581
3867,6,1,4,3,Token 4,Token 3,-0.248960338158299,0.619812499758947
3868,6,1,4,4,Token 4,Token 4,0.0250541269924406,0.00627709279353343
3869,6,1,4,5,Token 4,Token 5,-0.127267954623476,0.161971322740431
3870,6,1,4,6,Token 4,Token 6,-0.118995695291325,0.141599754978658
3871,6,1,4,7,Token 4,.,-0.0179042394681226,0.0032056179093188
3872,6,1,4,8,Token 4,[SEP],0.182210460227814,0.332006518164318
3873,6,1,5,1,Token 5,[CLS],-0.10552687055288,0.111359204086844
3874,6,1,5,2,Token 5,Token 2,-0.0158964241789147,0.00252696301675985
3875,6,1,5,3,Token 5,Token 3,-0.247301974999503,0.611582668386546
3876,6,1,5,4,Token 5,Token 4,0.00509022260850438,0.000259103662041291
3877,6,1,5,5,Token 5,Token 5,-0.345307727548029,1.19237426704384
3878,6,1,5,6,Token 5,Token 6,-0.398445943255301,1.58759169696606
3879,6,1,5,7,Token 5,.,0.172128719325714,0.296282960167103
3880,6,1,5,8,Token 5,[SEP],0.298247927610197,0.889518263237772
3881,6,1,6,1,Token 6,[CLS],-0.132317247682701,0.175078540343252
3882,6,1,6,2,Token 6,Token 2,0.35108615821351,1.23261490489122
3883,6,1,6,3,Token 6,Token 3,-0.166243753476773,0.276369855700459
3884,6,1,6,4,Token 6,Token 4,0.09601525733685,0.0921892964146152
3885,6,1,6,5,Token 6,Token 5,0.0078293758193177,0.000612991257201167
3886,6,1,6,6,Token 6,Token 6,0.00112429902441889,1.26404829630926e-05
3887,6,1,6,7,Token 6,.,-0.326302359221447,1.06473229633483
3888,6,1,6,8,Token 6,[SEP],0.155223295409015,0.240942714376343
3889,6,1,7,1,.,[CLS],-0.243982309026732,0.595273671180157
3890,6,1,7,2,.,Token 2,-0.079588025900454,0.0633425386673134
3891,6,1,7,3,.,Token 3,-0.191689278454192,0.367447794742886
3892,6,1,7,4,.,Token 4,0.0736184050182048,0.0541966955742445
3893,6,1,7,5,.,Token 5,0.11157749005309,0.124495362865474
3894,6,1,7,6,.,Token 6,-0.388425057585302,1.50874025360145
3895,6,1,7,7,.,.,-0.316255986712616,1.00017849131571
3896,6,1,7,8,.,[SEP],0.374672705407743,1.40379636177558
3897,6,1,8,1,[SEP],[CLS],0.0139076323358437,0.00193422237189005
3898,6,1,8,2,[SEP],Token 2,-0.0950377069800094,0.0903216574801813
3899,6,1,8,3,[SEP],Token 3,-0.283393103471919,0.803116510954459
3900,6,1,8,4,[SEP],Token 4,-0.060307803546541,0.0363703116860817
3901,6,1,8,5,[SEP],Token 5,-0.170903332243259,0.292079489718498
3902,6,1,8,6,[SEP],Token 6,-0.455145834355169,2.07157730530863
3903,6,1,8,7,[SEP],.,0.135643605706843,0.183991877691534
3904,6,1,8,8,[SEP],[SEP],0.516830280466469,2.67113538807049
3905,6,2,1,1,[CLS],[CLS],0.33063895530316,1.09322118763965
3906,6,2,1,2,[CLS],Token 2,-0.154494419692784,0.238685257162101
3907,6,2,1,3,[CLS],Token 3,-0.208407137871639,0.434335351158485
3908,6,2,1,4,[CLS],Token 4,-0.0896308148341265,0.0803368296782947
3909,6,2,1,5,[CLS],Token 5,-0.0939061221923137,0.0881835978519774
3910,6,2,1,6,[CLS],Token 6,0.272219037653853,0.741032044611899
3911,6,2,1,7,[CLS],.,0.00749983648729493,0.000562475473361604
3912,6,2,1,8,[CLS],[SEP],-0.0382082640832116,0.0145987144425244
3913,6,2,2,1,Token 2,[CLS],-0.637087726516699,4.05880771278216
3914,6,2,2,2,Token 2,Token 2,-0.0892627485160454,0.0796783827263877
3915,6,2,2,3,Token 2,Token 3,0.103041055923405,0.106174592058102
3916,6,2,2,4,Token 2,Token 4,0.201828880901621,0.407348971660008
3917,6,2,2,5,Token 2,Token 5,0.286728300434436,0.822131182700203
3918,6,2,2,6,Token 2,Token 6,0.0873990009051126,0.0763858535921187
3919,6,2,2,7,Token 2,.,-0.485826021864999,2.36026923521171
3920,6,2,2,8,Token 2,[SEP],0.173843110636863,0.302214271159005
3921,6,2,3,1,Token 3,[CLS],0.0690756277672169,0.047714423514351
3922,6,2,3,2,Token 3,Token 2,-0.0538337126499818,0.0289806861768081
3923,6,2,3,3,Token 3,Token 3,-0.103639218711913,0.107410876552158
3924,6,2,3,4,Token 3,Token 4,-0.143250219197467,0.205206253001223
3925,6,2,3,5,Token 3,Token 5,-0.0456459112822201,0.0208354921678431
3926,6,2,3,6,Token 3,Token 6,0.532471679273615,2.83526089228463
3927,6,2,3,7,Token 3,.,0.154560831278397,0.238890505654692
3928,6,2,3,8,Token 3,[SEP],0.0581104648483966,0.0337682612489673
3929,6,2,4,1,Token 4,[CLS],-0.178668427224895,0.319224068870177
3930,6,2,4,2,Token 4,Token 2,-0.0899128927153567,0.0808432827644324
3931,6,2,4,3,Token 4,Token 3,0.108311116228687,0.117312978987041
3932,6,2,4,4,Token 4,Token 4,-0.13755597184165,0.189216453893007
3933,6,2,4,5,Token 4,Token 5,-0.250215306081619,0.626076993975182
3934,6,2,4,6,Token 4,Token 6,-0.0843632101635952,0.0711715122910694
3935,6,2,4,7,Token 4,.,-0.21899668293196,0.479595471352014
3936,6,2,4,8,Token 4,[SEP],0.14652650198118,0.214700157828407
3937,6,2,5,1,Token 5,[CLS],-0.102065649879061,0.104173968852351
3938,6,2,5,2,Token 5,Token 2,0.127262827999797,0.161958273905058
3939,6,2,5,3,Token 5,Token 3,-0.0978242953815953,0.0956959276690561
3940,6,2,5,4,Token 5,Token 4,0.232323569986392,0.539742411712222
3941,6,2,5,5,Token 5,Token 5,0.077079478077914,0.0594124594076362
3942,6,2,5,6,Token 5,Token 6,0.260509493201995,0.678651960483602
3943,6,2,5,7,Token 5,.,0.310168332558708,0.962043945222492
3944,6,2,5,8,Token 5,[SEP],-0.115653267898059,0.133756783755002
3945,6,2,6,1,Token 6,[CLS],0.134700183773801,0.181441395086957
3946,6,2,6,2,Token 6,Token 2,0.222700242796539,0.495953981416373
3947,6,2,6,3,Token 6,Token 3,0.606831778523244,3.68244807425684
3948,6,2,6,4,Token 6,Token 4,0.309173202043457,0.955880688618041
3949,6,2,6,5,Token 6,Token 5,0.180281824621834,0.325015362889779
3950,6,2,6,6,Token 6,Token 6,-0.204049885189905,0.416363556460135
3951,6,2,6,7,Token 6,.,-0.0459650232104927,0.0211278335874113
3952,6,2,6,8,Token 6,[SEP],-0.242757808927982,0.589313537955143
3953,6,2,7,1,.,[CLS],0.359312967111664,1.29105808334588
3954,6,2,7,2,.,Token 2,-0.0189099201056998,0.00357585078403949
3955,6,2,7,3,.,Token 3,-0.21246301331326,0.451405320261503
3956,6,2,7,4,.,Token 4,-0.135452927908875,0.183474956790868
3957,6,2,7,5,.,Token 5,-0.184086151688578,0.338877112435101
3958,6,2,7,6,.,Token 6,-0.0905026291339726,0.081907258801614
3959,6,2,7,7,.,.,-0.137523316636203,0.189126626186214
3960,6,2,7,8,.,[SEP],0.229702257245405,0.527631269836344
3961,6,2,8,1,[SEP],[CLS],-0.0966798004658309,0.0934698381811287
3962,6,2,8,2,[SEP],Token 2,-0.165488981121749,0.273866028727145
3963,6,2,8,3,[SEP],Token 3,0.130874829350601,0.171282209575488
3964,6,2,8,4,[SEP],Token 4,0.132469120443027,0.175480678709491
3965,6,2,8,5,[SEP],Token 5,0.0970075580334597,0.0941046631561504
3966,6,2,8,6,[SEP],Token 6,0.213781640387811,0.457025897669034
3967,6,2,8,7,[SEP],.,-0.564405020699476,3.18553027390776
3968,6,2,8,8,[SEP],[SEP],0.110544559240855,0.122200995777549
3969,6,3,1,1,[CLS],[CLS],-0.0277815283811101,0.00771813319190427
3970,6,3,1,2,[CLS],Token 2,-0.0571034204946268,0.0326080063218616
3971,6,3,1,3,[CLS],Token 3,-0.13500583313425,0.18226574980273
3972,6,3,1,4,[CLS],Token 4,-0.236517367683324,0.559404652158486
3973,6,3,1,5,[CLS],Token 5,-0.213726513116417,0.456790224089019
3974,6,3,1,6,[CLS],Token 6,-0.255899375613416,0.65484490439336
3975,6,3,1,7,[CLS],.,-0.408133784963425,1.66573186428572
3976,6,3,1,8,[CLS],[SEP],0.312260209486317,0.975064384284386
3977,6,3,2,1,Token 2,[CLS],0.0336265633755255,0.0113074576444823
3978,6,3,2,2,Token 2,Token 2,0.179052642940999,0.32059848944157
3979,6,3,2,3,Token 2,Token 3,-0.101287833479093,0.102592252108885
3980,6,3,2,4,Token 2,Token 4,0.098474676948912,0.096972620001926
3981,6,3,2,5,Token 2,Token 5,-0.20067854661141,0.402718790700677
3982,6,3,2,6,Token 2,Token 6,0.132574647374507,0.175760371264748
3983,6,3,2,7,Token 2,.,-0.0668808452002221,0.0447304745469607
3984,6,3,2,8,Token 2,[SEP],-0.0534468716013517,0.0285656808397138
3985,6,3,3,1,Token 3,[CLS],0.177232603250587,0.3141139565498
3986,6,3,3,2,Token 3,Token 2,0.135707504418127,0.184165267553959
3987,6,3,3,3,Token 3,Token 3,0.0382626158257328,0.0146402776982762
3988,6,3,3,4,Token 3,Token 4,0.226086919503963,0.511152951707914
3989,6,3,3,5,Token 3,Token 5,-0.13693595365567,0.187514554035878
3990,6,3,3,6,Token 3,Token 6,-0.0471462418321994,0.0222276811890023
3991,6,3,3,7,Token 3,.,0.228336032327713,0.521373436591623
3992,6,3,3,8,Token 3,[SEP],-0.10944730560385,0.119787127039425
3993,6,3,4,1,Token 4,[CLS],0.0554012322089089,0.0306929653026544
3994,6,3,4,2,Token 4,Token 2,0.122699576199975,0.150551859996536
3995,6,3,4,3,Token 4,Token 3,0.161803003296148,0.261802118756532
3996,6,3,4,4,Token 4,Token 4,-0.333249589758139,1.11055289073968
3997,6,3,4,5,Token 4,Token 5,-0.758639497449035,5.75533887089724
3998,6,3,4,6,Token 4,Token 6,-0.379333568195998,1.43893955960308
3999,6,3,4,7,Token 4,.,-0.35025051506412,1.22675423302682
4000,6,3,4,8,Token 4,[SEP],0.261158296991418,0.682036560874577
4001,6,3,5,1,Token 5,[CLS],0.094938837012617,0.0901338277330826
4002,6,3,5,2,Token 5,Token 2,0.180800643506223,0.326888726922643
4003,6,3,5,3,Token 5,Token 3,0.100463395418651,0.100928938190443
4004,6,3,5,4,Token 5,Token 4,0.103885883614012,0.10792276814264
4005,6,3,5,5,Token 5,Token 5,0.112872391815402,0.127401768341295
4006,6,3,5,6,Token 5,Token 6,-0.0360048274644808,0.0129634760074703
4007,6,3,5,7,Token 5,.,0.17495043875793,0.306076560215922
4008,6,3,5,8,Token 5,[SEP],-0.18135067772712,0.328880683120858
4009,6,3,6,1,Token 6,[CLS],0.0685688362501232,0.0470168530469622
4010,6,3,6,2,Token 6,Token 2,0.304074688529809,0.924614162045007
4011,6,3,6,3,Token 6,Token 3,-0.00924933647420098,0.000855502252129846
4012,6,3,6,4,Token 6,Token 4,0.238535612626583,0.568992384911391
4013,6,3,6,5,Token 6,Token 5,-0.194506846496431,0.378329133339862
4014,6,3,6,6,Token 6,Token 6,-0.036250146802585,0.0131407314320896
4015,6,3,6,7,Token 6,.,-0.0243689191717557,0.00593844221599561
4016,6,3,6,8,Token 6,[SEP],-0.127928064057913,0.163655895736055
4017,6,3,7,1,.,[CLS],0.172055808882532,0.296032013702224
4018,6,3,7,2,.,Token 2,0.0297045937289654,0.0088236288860289
4019,6,3,7,3,.,Token 3,-0.301794811119917,0.910801080189065
4020,6,3,7,4,.,Token 4,0.0425811800394031,0.0181315689354806
4021,6,3,7,5,.,Token 5,-0.445403378327764,1.98384169425785
4022,6,3,7,6,.,Token 6,-0.555429413253371,3.08501833106984
4023,6,3,7,7,.,.,-0.202553194159296,0.410277964641335
4024,6,3,7,8,.,[SEP],0.307756153092979,0.947138497665893
4025,6,3,8,1,[SEP],[CLS],0.137650119868472,0.189475554998047
4026,6,3,8,2,[SEP],Token 2,-0.120086292982975,0.14420717762393
4027,6,3,8,3,[SEP],Token 3,0.160154508236123,0.256494665083543
4028,6,3,8,4,[SEP],Token 4,-0.279515695698625,0.781290241418863
4029,6,3,8,5,[SEP],Token 5,-0.0127192654405911,0.00161779713348216
4030,6,3,8,6,[SEP],Token 6,-0.213786750746388,0.457047747946984
4031,6,3,8,7,[SEP],.,-0.0996654190384429,0.0993319575210842
4032,6,3,8,8,[SEP],[SEP],-0.0667315059502471,0.0445309388638787
4033,6,4,1,1,[CLS],[CLS],0.292705758705794,0.856766611795346
4034,6,4,1,2,[CLS],Token 2,-0.0331500950348456,0.0109892880081929
4035,6,4,1,3,[CLS],Token 3,0.197142170841629,0.3886503552415
4036,6,4,1,4,[CLS],Token 4,0.460846735667075,2.12379713774998
4037,6,4,1,5,[CLS],Token 5,0.495138882856649,2.45162513316531
4038,6,4,1,6,[CLS],Token 6,0.469855927606033,2.20764592706526
4039,6,4,1,7,[CLS],.,-0.00603810248150005,0.000364586815770971
4040,6,4,1,8,[CLS],[SEP],-0.561539205783157,3.15326279631579
4041,6,4,2,1,Token 2,[CLS],0.078651747162491,0.0618609733171241
4042,6,4,2,2,Token 2,Token 2,-0.00414593796001232,0.000171888015682711
4043,6,4,2,3,Token 2,Token 3,-0.0778697021270912,0.060636905093619
4044,6,4,2,4,Token 2,Token 4,0.0242447224097805,0.00587806564727314
4045,6,4,2,5,Token 2,Token 5,0.431985259248598,1.86611264208079
4046,6,4,2,6,Token 2,Token 6,0.543071862174322,2.94927047485486
4047,6,4,2,7,Token 2,.,-0.0373664758248771,0.0139625351557113
4048,6,4,2,8,Token 2,[SEP],-0.220608778695546,0.486682332375403
4049,6,4,3,1,Token 3,[CLS],0.0191763261478709,0.00367731484529517
4050,6,4,3,2,Token 3,Token 2,-0.112524599652514,0.126617855269584
4051,6,4,3,3,Token 3,Token 3,0.00166776583385624,2.78144287657818e-05
4052,6,4,3,4,Token 3,Token 4,0.041688972583945,0.0173797043510492
4053,6,4,3,5,Token 3,Token 5,0.497315888651556,2.47323093105287
4054,6,4,3,6,Token 3,Token 6,0.393218881606598,1.54621088851944
4055,6,4,3,7,Token 3,.,-0.205990674044699,0.424321577933893
4056,6,4,3,8,Token 3,[SEP],0.0327956520295315,0.0107555479204211
4057,6,4,4,1,Token 4,[CLS],-0.263471042579009,0.694169902776699
4058,6,4,4,2,Token 4,Token 2,-0.0992224435930371,0.0984509331257344
4059,6,4,4,3,Token 4,Token 3,0.0946406102885299,0.0895684511578539
4060,6,4,4,4,Token 4,Token 4,-0.0110112708864672,0.0012124808653516
4061,6,4,4,5,Token 4,Token 5,0.302153609367055,0.912968036535391
4062,6,4,4,6,Token 4,Token 6,0.395385659842836,1.56329820009355
4063,6,4,4,7,Token 4,.,-0.215018585128607,0.462329919507081
4064,6,4,4,8,Token 4,[SEP],-0.00682178865762433,0.00046536800489292
4065,6,4,5,1,Token 5,[CLS],0.271573273957899,0.737520431282123
4066,6,4,5,2,Token 5,Token 2,0.078538652028703,0.061683198624857
4067,6,4,5,3,Token 5,Token 3,0.0168003598414542,0.00282252090802347
4068,6,4,5,4,Token 5,Token 4,-0.219750415469611,0.482902450990665
4069,6,4,5,5,Token 5,Token 5,0.139519648877536,0.194657324229109
4070,6,4,5,6,Token 5,Token 6,-0.0273366264809412,0.00747291147358495
4071,6,4,5,7,Token 5,.,0.118663664083041,0.140810651736127
4072,6,4,5,8,Token 5,[SEP],-0.115991853272162,0.134541100255108
4073,6,4,6,1,Token 6,[CLS],-0.229647460045836,0.527379559055041
4074,6,4,6,2,Token 6,Token 2,-0.136631302155716,0.186681127287665
4075,6,4,6,3,Token 6,Token 3,0.0330442042929314,0.0109191943735298
4076,6,4,6,4,Token 6,Token 4,0.0256739536606074,0.00659151896567019
4077,6,4,6,5,Token 6,Token 5,0.398223986980194,1.58582343806401
4078,6,4,6,6,Token 6,Token 6,-0.0813463088550224,0.066172219643367
4079,6,4,6,7,Token 6,.,-0.129136226138698,0.166761649013448
4080,6,4,6,8,Token 6,[SEP],-0.0160169272825882,0.00256541959575717
4081,6,4,7,1,.,[CLS],0.0486270928697378,0.023645941609621
4082,6,4,7,2,.,Token 2,-0.13317220997417,0.177348375094044
4083,6,4,7,3,.,Token 3,0.115709102764845,0.133885964626454
4084,6,4,7,4,.,Token 4,0.0344493884470358,0.0118676036437476
4085,6,4,7,5,.,Token 5,-0.157773486141352,0.248924729291954
4086,6,4,7,6,.,Token 6,0.0611947304757005,0.0374479503799363
4087,6,4,7,7,.,.,-0.272616110830601,0.743195438844027
4088,6,4,7,8,.,[SEP],0.124159131172472,0.15415489853503
4089,6,4,8,1,[SEP],[CLS],0.239307440869322,0.572680512554239
4090,6,4,8,2,[SEP],Token 2,-0.175765511501616,0.308935150334249
4091,6,4,8,3,[SEP],Token 3,-0.0611393925306609,0.0373802531901824
4092,6,4,8,4,[SEP],Token 4,0.204840975459035,0.41959825227009
4093,6,4,8,5,[SEP],Token 5,0.55803972087366,3.11408330072753
4094,6,4,8,6,[SEP],Token 6,0.511446581929467,2.61577606167335
4095,6,4,8,7,[SEP],.,-0.105155563352838,0.110576925040526
4096,6,4,8,8,[SEP],[SEP],-0.390827875710056,1.52746428432035
4097,6,5,1,1,[CLS],[CLS],0.0326295756144421,0.010646892047786
4098,6,5,1,2,[CLS],Token 2,0.254211469727254,0.646234713408907
4099,6,5,1,3,[CLS],Token 3,0.0450113836461701,0.0202602465774271
4100,6,5,1,4,[CLS],Token 4,0.034396736339332,0.0118313547079752
4101,6,5,1,5,[CLS],Token 5,0.0204010003778748,0.0041620081641805
4102,6,5,1,6,[CLS],Token 6,0.0710926001449376,0.0505415779536799
4103,6,5,1,7,[CLS],.,-0.250166933900331,0.625834948170927
4104,6,5,1,8,[CLS],[SEP],-0.1097435620129,0.120436494032791
4105,6,5,2,1,Token 2,[CLS],-0.00160074227227385,2.56237582224444e-05
4106,6,5,2,2,Token 2,Token 2,-0.0440604456121118,0.0194132286753786
4107,6,5,2,3,Token 2,Token 3,0.168190330600355,0.282879873074567
4108,6,5,2,4,Token 2,Token 4,0.158076452880933,0.249881649554178
4109,6,5,2,5,Token 2,Token 5,0.0336329641554783,0.0113117627788369
4110,6,5,2,6,Token 2,Token 6,0.235877325540014,0.556381127039098
4111,6,5,2,7,Token 2,.,-0.359581802064101,1.29299072375666
4112,6,5,2,8,Token 2,[SEP],-0.0269022837954228,0.00723732873409467
4113,6,5,3,1,Token 3,[CLS],-0.264089018626931,0.697430097593355
4114,6,5,3,2,Token 3,Token 2,0.135706473921169,0.184162470641168
4115,6,5,3,3,Token 3,Token 3,-0.0477433511384079,0.0227942757792531
4116,6,5,3,4,Token 3,Token 4,0.0102135506075165,0.001043166160123
4117,6,5,3,5,Token 3,Token 5,0.238085491020391,0.566847010344205
4118,6,5,3,6,Token 3,Token 6,0.383984727633967,1.47444271056132
4119,6,5,3,7,Token 3,.,-0.348596788110763,1.2151972068114
4120,6,5,3,8,Token 3,[SEP],-0.118210090821456,0.13973625572017
4121,6,5,4,1,Token 4,[CLS],-0.0675822205448638,0.0456735653377461
4122,6,5,4,2,Token 4,Token 2,-0.0374786344403487,0.0140464803951329
4123,6,5,4,3,Token 4,Token 3,0.0754456867360506,0.0569205164707429
4124,6,5,4,4,Token 4,Token 4,-0.132747723652247,0.176219581348533
4125,6,5,4,5,Token 4,Token 5,-0.0886939998713197,0.0786662561317366
4126,6,5,4,6,Token 4,Token 6,-0.0266319516131809,0.00709260846726807
4127,6,5,4,7,Token 4,.,-0.25415502306682,0.645947757500956
4128,6,5,4,8,Token 4,[SEP],0.0998296786832358,0.0996596474599809
4129,6,5,5,1,Token 5,[CLS],0.0439937897203592,0.0193545353395918
4130,6,5,5,2,Token 5,Token 2,0.139745619561765,0.195288381867016
4131,6,5,5,3,Token 5,Token 3,0.426005397268678,1.81480598502045
4132,6,5,5,4,Token 5,Token 4,0.165745844006777,0.274716848055187
4133,6,5,5,5,Token 5,Token 5,-0.138019908193253,0.19049495057674
4134,6,5,5,6,Token 5,Token 6,-0.643703899734573,4.14354710533498
4135,6,5,5,7,Token 5,.,0.23493315067266,0.55193585284983
4136,6,5,5,8,Token 5,[SEP],-0.00848577096456168,0.000720083088629981
4137,6,5,6,1,Token 6,[CLS],-0.207613554858113,0.431033881608225
4138,6,5,6,2,Token 6,Token 2,0.266269359105736,0.708993715985793
4139,6,5,6,3,Token 6,Token 3,0.450682695287785,2.03114891831863
4140,6,5,6,4,Token 6,Token 4,0.563651915749408,3.17703482127978
4141,6,5,6,5,Token 6,Token 5,0.0311189803981413,0.00968390941019901
4142,6,5,6,6,Token 6,Token 6,0.387182658070371,1.49910410710437
4143,6,5,6,7,Token 6,.,0.0673430787520242,0.0453509025580133
4144,6,5,6,8,Token 6,[SEP],-0.276217875397024,0.762963146888461
4145,6,5,7,1,.,[CLS],-0.458733372129345,2.1043630670516
4146,6,5,7,2,.,Token 2,0.196129777121392,0.384668894736868
4147,6,5,7,3,.,Token 3,0.345041538459522,1.19053663262514
4148,6,5,7,4,.,Token 4,0.128311520323885,0.164638462478268
4149,6,5,7,5,.,Token 5,0.226635060015123,0.513634504280584
4150,6,5,7,6,.,Token 6,0.265241530330919,0.703530694122878
4151,6,5,7,7,.,.,-0.455780916493629,2.07736243839772
4152,6,5,7,8,.,[SEP],-0.116941444953248,0.136753015477535
4153,6,5,8,1,[SEP],[CLS],0.239061614052105,0.571504553131977
4154,6,5,8,2,[SEP],Token 2,-0.0700908678707793,0.0491272975887904
4155,6,5,8,3,[SEP],Token 3,-0.311329057574893,0.969257820904712
4156,6,5,8,4,[SEP],Token 4,-0.227599675164308,0.518016121348988
4157,6,5,8,5,[SEP],Token 5,-0.455329645714285,2.07325086266296
4158,6,5,8,6,[SEP],Token 6,-0.957181605776254,9.16196626436409
4159,6,5,8,7,[SEP],.,-0.39255062154437,1.54095990474871
4160,6,5,8,8,[SEP],[SEP],0.854041556171006,7.29386979666994
4161,6,6,1,1,[CLS],[CLS],-0.12607117862728,0.158939420804715
4162,6,6,1,2,[CLS],Token 2,-0.178590467013798,0.318945549082064
4163,6,6,1,3,[CLS],Token 3,0.110510579675104,0.122125882201276
4164,6,6,1,4,[CLS],Token 4,-0.206472783447315,0.426310103044818
4165,6,6,1,5,[CLS],Token 5,-0.356010854065573,1.26743728212499
4166,6,6,1,6,[CLS],Token 6,0.414207107136313,1.71567527602233
4167,6,6,1,7,[CLS],.,-0.227965503856492,0.519682709485445
4168,6,6,1,8,[CLS],[SEP],0.0701955332364027,0.0492741288634291
4169,6,6,2,1,Token 2,[CLS],-0.118877231125292,0.141317960800161
4170,6,6,2,2,Token 2,Token 2,0.00822162180239855,0.000675950650616753
4171,6,6,2,3,Token 2,Token 3,-0.140543952357707,0.197526025443253
4172,6,6,2,4,Token 2,Token 4,-0.236314553486352,0.558445681894539
4173,6,6,2,5,Token 2,Token 5,0.0880475559404048,0.0775237210707872
4174,6,6,2,6,Token 2,Token 6,0.128171966432903,0.164280529792773
4175,6,6,2,7,Token 2,.,-0.0753409672724114,0.0567626134954257
4176,6,6,2,8,Token 2,[SEP],-0.0258874282710129,0.00670158942486836
4177,6,6,3,1,Token 3,[CLS],-0.153078864254604,0.234331386814794
4178,6,6,3,2,Token 3,Token 2,-0.0288856653922901,0.00834381665155345
4179,6,6,3,3,Token 3,Token 3,-0.281495235410428,0.79239567558772
4180,6,6,3,4,Token 3,Token 4,-0.161904205914937,0.262129718929465
4181,6,6,3,5,Token 3,Token 5,0.0762505175245495,0.0581414142276163
4182,6,6,3,6,Token 3,Token 6,0.18594976749066,0.345773160298304
4183,6,6,3,7,Token 3,.,-0.0419966800126349,0.0176372113208365
4184,6,6,3,8,Token 3,[SEP],0.145836250800554,0.212682120475621
4185,6,6,4,1,Token 4,[CLS],0.0301601640982769,0.00909635498434989
4186,6,6,4,2,Token 4,Token 2,-0.195618440272032,0.382665741744626
4187,6,6,4,3,Token 4,Token 3,-0.0354168139644196,0.0125435071139031
4188,6,6,4,4,Token 4,Token 4,-0.226862037115025,0.514663838839792
4189,6,6,4,5,Token 4,Token 5,-0.26378515869102,0.695826099456465
4190,6,6,4,6,Token 4,Token 6,-0.127237050932643,0.161892671300361
4191,6,6,4,7,Token 4,.,-0.102640770853921,0.105351278414872
4192,6,6,4,8,Token 4,[SEP],0.258571216149211,0.66859073820882
4193,6,6,5,1,Token 5,[CLS],-0.00580929617276416,0.000337479220228923
4194,6,6,5,2,Token 5,Token 2,-0.00951269240934949,0.000904913168748955
4195,6,6,5,3,Token 5,Token 3,0.0303002026724444,0.00918102281991205
4196,6,6,5,4,Token 5,Token 4,-0.35401036061486,1.25323335422663
4197,6,6,5,5,Token 5,Token 5,-0.0645537622332423,0.0416718821846598
4198,6,6,5,6,Token 5,Token 6,-0.189496966528709,0.359091003235825
4199,6,6,5,7,Token 5,.,-0.093231781379725,0.0869216505923686
4200,6,6,5,8,Token 5,[SEP],0.146278308373668,0.213973435006618
4201,6,6,6,1,Token 6,[CLS],0.0377536579624034,0.0142533868954214
4202,6,6,6,2,Token 6,Token 2,-0.163692232512905,0.26795146985059
4203,6,6,6,3,Token 6,Token 3,-0.098207026985444,0.0964462014931972
4204,6,6,6,4,Token 6,Token 4,0.0220717293154015,0.00487161234972355
4205,6,6,6,5,Token 6,Token 5,-0.147821625256092,0.218512328933524
4206,6,6,6,6,Token 6,Token 6,-0.113835969789047,0.129586280178129
4207,6,6,6,7,Token 6,.,-0.012522220163959,0.00156805997834661
4208,6,6,6,8,Token 6,[SEP],0.110275284374735,0.121606383439287
4209,6,6,7,1,.,[CLS],-0.180131605417787,0.324473952703894
4210,6,6,7,2,.,Token 2,0.01385013067501,0.00191826119714854
4211,6,6,7,3,.,Token 3,0.229043710796981,0.524610214556511
4212,6,6,7,4,.,Token 4,-0.0729064713938206,0.05315353571098
4213,6,6,7,5,.,Token 5,-0.171051200077265,0.292585130478725
4214,6,6,7,6,.,Token 6,0.565598478462739,3.19901638839366
4215,6,6,7,7,.,.,-0.215747014170184,0.465467741233496
4216,6,6,7,8,.,[SEP],-0.0542831868121658,0.0294666437048449
4217,6,6,8,1,[SEP],[CLS],-0.294114394690298,0.865032771640402
4218,6,6,8,2,[SEP],Token 2,-0.23196742447707,0.53808886018525
4219,6,6,8,3,[SEP],Token 3,-0.128674363822329,0.165570919050812
4220,6,6,8,4,[SEP],Token 4,0.0183131120689708,0.00335370073650684
4221,6,6,8,5,[SEP],Token 5,-0.191333981287505,0.366086923953273
4222,6,6,8,6,[SEP],Token 6,-0.175183090507368,0.306891151997128
4223,6,6,8,7,[SEP],.,-0.275346705383692,0.758158081656538
4224,6,6,8,8,[SEP],[SEP],0.433042572327903,1.87525869448367
4225,6,7,1,1,[CLS],[CLS],0.228872192009871,0.523824802754034
4226,6,7,1,2,[CLS],Token 2,-0.0853525917360103,0.0728506491605405
4227,6,7,1,3,[CLS],Token 3,-0.147419965061189,0.217326460986422
4228,6,7,1,4,[CLS],Token 4,-0.0704973591514213,0.0496987764732449
4229,6,7,1,5,[CLS],Token 5,0.0683461153853566,0.0467119148826847
4230,6,7,1,6,[CLS],Token 6,0.0494875269714863,0.0244901532575358
4231,6,7,1,7,[CLS],.,0.1535514442978,0.235780460459404
4232,6,7,1,8,[CLS],[SEP],-0.103120697629071,0.106338782795063
4233,6,7,2,1,Token 2,[CLS],-0.305556566676346,0.933648154390365
4234,6,7,2,2,Token 2,Token 2,-0.26937727172206,0.725641145204204
4235,6,7,2,3,Token 2,Token 3,-0.264037955383065,0.697160418828693
4236,6,7,2,4,Token 2,Token 4,-0.204653588704688,0.418830913697077
4237,6,7,2,5,Token 2,Token 5,-0.140669603623749,0.197879373836627
4238,6,7,2,6,Token 2,Token 6,-0.0274051612333631,0.0075104286222663
4239,6,7,2,7,Token 2,.,-0.203371465005866,0.41359952778632
4240,6,7,2,8,Token 2,[SEP],0.41306785436472,1.70625052309473
4241,6,7,3,1,Token 3,[CLS],0.391801806085771,1.53508655252072
4242,6,7,3,2,Token 3,Token 2,-0.412496589728712,1.70153436537817
4243,6,7,3,3,Token 3,Token 3,0.170081960494415,0.289278732856237
4244,6,7,3,4,Token 3,Token 4,-0.157771113035038,0.248917241083146
4245,6,7,3,5,Token 3,Token 5,-0.217984746235959,0.475173495915555
4246,6,7,3,6,Token 3,Token 6,-0.133002058313904,0.17689547515735
4247,6,7,3,7,Token 3,.,0.127577519815831,0.162760235623587
4248,6,7,3,8,Token 3,[SEP],0.390429726057365,1.52435370989229
4249,6,7,4,1,Token 4,[CLS],-0.00907366634513925,0.000823314209429126
4250,6,7,4,2,Token 4,Token 2,-0.382797472698548,1.46533905104396
4251,6,7,4,3,Token 4,Token 3,-0.0179138418170745,0.00320905728647167
4252,6,7,4,4,Token 4,Token 4,-0.320044117502523,1.02428237147968
4253,6,7,4,5,Token 4,Token 5,-0.156461958588182,0.244803444852501
4254,6,7,4,6,Token 4,Token 6,-0.00156509868396608,2.44953389055236e-05
4255,6,7,4,7,Token 4,.,-0.287434925541709,0.826188364211678
4256,6,7,4,8,Token 4,[SEP],0.106915750288712,0.114309776597982
4257,6,7,5,1,Token 5,[CLS],0.240542027087582,0.57860466795403
4258,6,7,5,2,Token 5,Token 2,-0.00367693897898073,0.000135198802551478
4259,6,7,5,3,Token 5,Token 3,0.243446529355514,0.59266212655245
4260,6,7,5,4,Token 5,Token 4,-0.308801396122164,0.953583022469977
4261,6,7,5,5,Token 5,Token 5,0.191623786651098,0.367196756105057
4262,6,7,5,6,Token 5,Token 6,0.152608164863627,0.23289251983044
4263,6,7,5,7,Token 5,.,0.471191679714826,2.22021599032479
4264,6,7,5,8,Token 5,[SEP],0.203349242598871,0.413509144655344
4265,6,7,6,1,Token 6,[CLS],0.293964337312862,0.864150316117901
4266,6,7,6,2,Token 6,Token 2,-0.0438238213710673,0.0192052731956322
4267,6,7,6,3,Token 6,Token 3,-0.030839112756913,0.00951050875633595
4268,6,7,6,4,Token 6,Token 4,-0.193183231912039,0.373197610919807
4269,6,7,6,5,Token 6,Token 5,-0.0817694688445788,0.0668624603512454
4270,6,7,6,6,Token 6,Token 6,-0.035429131337939,0.0125522334736093
4271,6,7,6,7,Token 6,.,0.00914388082035305,0.000836105564568203
4272,6,7,6,8,Token 6,[SEP],0.198294951055252,0.393208876140046
4273,6,7,7,1,.,[CLS],-0.0723560540771473,0.0523539856161507
4274,6,7,7,2,.,Token 2,-0.0604335625498332,0.0365221548246461
4275,6,7,7,3,.,Token 3,0.036579042826,0.0133802637406634
4276,6,7,7,4,.,Token 4,-0.166951631528338,0.278728472699741
4277,6,7,7,5,.,Token 5,0.183712974006144,0.33750456818182
4278,6,7,7,6,.,Token 6,-0.00472087086495998,0.00022286621723628
4279,6,7,7,7,.,.,0.096824576523432,0.0937499861894194
4280,6,7,7,8,.,[SEP],-0.0388009759930124,0.0150551573801033
4281,6,7,8,1,[SEP],[CLS],-0.152833238353037,0.233579987454761
4282,6,7,8,2,[SEP],Token 2,-0.22193812823553,0.492565327646903
4283,6,7,8,3,[SEP],Token 3,-0.0593630007154126,0.0352396585393808
4284,6,7,8,4,[SEP],Token 4,-0.145963407248773,0.213053162556712
4285,6,7,8,5,[SEP],Token 5,-0.0305726620082622,0.0093468766227144
4286,6,7,8,6,[SEP],Token 6,-0.00934789986507468,0.000873832318874632
4287,6,7,8,7,[SEP],.,-0.22881183861778,0.523548574916491
4288,6,7,8,8,[SEP],[SEP],0.30549820597705,0.93329153855196
4289,6,8,1,1,[CLS],[CLS],0.0189823978109792,0.00360331426654267
4290,6,8,1,2,[CLS],Token 2,-0.0890160303179033,0.0792385365355786
4291,6,8,1,3,[CLS],Token 3,0.178391993441672,0.318237033240934
4292,6,8,1,4,[CLS],Token 4,0.0651950867814647,0.0425039934044271
4293,6,8,1,5,[CLS],Token 5,-0.137685060273483,0.189571758225127
4294,6,8,1,6,[CLS],Token 6,0.471366560600386,2.22186434452237
4295,6,8,1,7,[CLS],.,-0.0403225060574952,0.0162590449475674
4296,6,8,1,8,[CLS],[SEP],-0.531498648986569,2.82490813874548
4297,6,8,2,1,Token 2,[CLS],0.22857932149241,0.522485062139303
4298,6,8,2,2,Token 2,Token 2,0.218988604516139,0.479560089079258
4299,6,8,2,3,Token 2,Token 3,0.057934067041941,0.0335635612402011
4300,6,8,2,4,Token 2,Token 4,-0.108573677386713,0.117882434212741
4301,6,8,2,5,Token 2,Token 5,-0.374749633471069,1.40437287786701
4302,6,8,2,6,Token 2,Token 6,-0.211959352288366,0.449267670225036
4303,6,8,2,7,Token 2,.,0.128107901285343,0.164116343717352
4304,6,8,2,8,Token 2,[SEP],0.394710215011628,1.55796153834526
4305,6,8,3,1,Token 3,[CLS],-0.00187217515711929,3.50503981893465e-05
4306,6,8,3,2,Token 3,Token 2,-0.140308666296434,0.19686521837884
4307,6,8,3,3,Token 3,Token 3,0.299544506970031,0.897269116559193
4308,6,8,3,4,Token 3,Token 4,-0.0941887428072013,0.0887151927160112
4309,6,8,3,5,Token 3,Token 5,-0.0794416985454335,0.0631098346778353
4310,6,8,3,6,Token 3,Token 6,0.053325996356369,0.0284366188739948
4311,6,8,3,7,Token 3,.,-0.235727414851882,0.555674141127511
4312,6,8,3,8,Token 3,[SEP],-0.00446228437527182,0.00019911981845795
4313,6,8,4,1,Token 4,[CLS],-0.0536915312700773,0.0288278053012569
4314,6,8,4,2,Token 4,Token 2,-0.095590568645894,0.0913755681404538
4315,6,8,4,3,Token 4,Token 3,-0.000204760915876287,4.19270326704958e-07
4316,6,8,4,4,Token 4,Token 4,0.0234480347208138,0.00549810332268488
4317,6,8,4,5,Token 4,Token 5,0.094951055127491,0.0901570286982384
4318,6,8,4,6,Token 4,Token 6,-0.216946938976687,0.470659743313545
4319,6,8,4,7,Token 4,.,-0.0689566097442417,0.0475501402741965
4320,6,8,4,8,Token 4,[SEP],0.159724137142891,0.255117999860412
4321,6,8,5,1,Token 5,[CLS],-0.0379594821964861,0.0144092228862534
4322,6,8,5,2,Token 5,Token 2,0.392577262377008,1.54116906935426
4323,6,8,5,3,Token 5,Token 3,0.326544031345477,1.06631004407356
4324,6,8,5,4,Token 5,Token 4,0.174092443639973,0.303081789325372
4325,6,8,5,5,Token 5,Token 5,-0.031927645328149,0.0101937453620007
4326,6,8,5,6,Token 5,Token 6,-0.0375735069706659,0.0141176842607468
4327,6,8,5,7,Token 5,.,-0.116661433756936,0.13609890126224
4328,6,8,5,8,Token 5,[SEP],0.0138823164381358,0.00192718709688535
4329,6,8,6,1,Token 6,[CLS],0.321703206791237,1.03492953259765
4330,6,8,6,2,Token 6,Token 2,0.684652758697883,4.68749399992621
4331,6,8,6,3,Token 6,Token 3,0.208588828772368,0.435092994886283
4332,6,8,6,4,Token 6,Token 4,0.11778461696867,0.138732159944563
4333,6,8,6,5,Token 6,Token 5,0.366776216905449,1.34524793287473
4334,6,8,6,6,Token 6,Token 6,-0.185407500733289,0.343759413281646
4335,6,8,6,7,Token 6,.,-0.0716454757222475,0.0513307419146715
4336,6,8,6,8,Token 6,[SEP],-0.142894144264272,0.204187364650187
4337,6,8,7,1,.,[CLS],-0.00332892589984012,0.000110817476466263
4338,6,8,7,2,.,Token 2,-0.0353488106717618,0.0124953841590806
4339,6,8,7,3,.,Token 3,0.0224718483868701,0.00504983969922477
4340,6,8,7,4,.,Token 4,-0.143122330547617,0.204840015013812
4341,6,8,7,5,.,Token 5,-0.194332621258592,0.377651676852355
4342,6,8,7,6,.,Token 6,-0.0335608213359633,0.0112632872874445
4343,6,8,7,7,.,.,-0.0946816763473409,0.0896461983594261
4344,6,8,7,8,.,[SEP],0.147328103548297,0.217055700951378
4345,6,8,8,1,[SEP],[CLS],0.0320180139542091,0.0102515321757193
4346,6,8,8,2,[SEP],Token 2,0.0286624753344264,0.00821537492296603
4347,6,8,8,3,[SEP],Token 3,-0.00266028667471157,7.07712519164795e-05
4348,6,8,8,4,[SEP],Token 4,0.0225848003673916,0.0051007320763493
4349,6,8,8,5,[SEP],Token 5,-0.251591116003096,0.632980896516832
4350,6,8,8,6,[SEP],Token 6,-0.167652473210763,0.281073517736856
4351,6,8,8,7,[SEP],.,0.089298396184023,0.0797420356103873
4352,6,8,8,8,[SEP],[SEP],0.21851432449712,0.477485100104325
4353,6,9,1,1,[CLS],[CLS],-0.246026755270706,0.60529164309032
4354,6,9,1,2,[CLS],Token 2,0.0653172212728914,0.0426633939481186
4355,6,9,1,3,[CLS],Token 3,0.24051774472884,0.578487855294474
4356,6,9,1,4,[CLS],Token 4,-0.0242756145233198,0.00589305460484816
4357,6,9,1,5,[CLS],Token 5,-0.0135201023568988,0.00182793167741021
4358,6,9,1,6,[CLS],Token 6,0.147609530948352,0.217885736267925
4359,6,9,1,7,[CLS],.,-0.130332154857587,0.16986470589822
4360,6,9,1,8,[CLS],[SEP],-0.145863329012852,0.212761107507115
4361,6,9,2,1,Token 2,[CLS],0.07929096181668,0.0628705662581421
4362,6,9,2,2,Token 2,Token 2,0.127511829188724,0.162592665830544
4363,6,9,2,3,Token 2,Token 3,0.0301955473388848,0.00911771079094834
4364,6,9,2,4,Token 2,Token 4,0.131536014127431,0.173017230125318
4365,6,9,2,5,Token 2,Token 5,-0.313382061547115,0.982083164995195
4366,6,9,2,6,Token 2,Token 6,-0.099147334099856,0.0983019385910848
4367,6,9,2,7,Token 2,.,0.0263995601574184,0.00696936776505155
4368,6,9,2,8,Token 2,[SEP],0.124887138261791,0.155967973032198
4369,6,9,3,1,Token 3,[CLS],-0.116269617106881,0.135186238621808
4370,6,9,3,2,Token 3,Token 2,-0.0645731450945255,0.0416969106739864
4371,6,9,3,3,Token 3,Token 3,0.140396254786373,0.197111083580401
4372,6,9,3,4,Token 3,Token 4,0.0730587361519088,0.0533757892811423
4373,6,9,3,5,Token 3,Token 5,0.0257106942933204,0.0066103980104458
4374,6,9,3,6,Token 3,Token 6,0.0301899422863019,0.00911432615250239
4375,6,9,3,7,Token 3,.,-0.0592140612079639,0.035063050447405
4376,6,9,3,8,Token 3,[SEP],-0.0219582520301816,0.00482164832220975
4377,6,9,4,1,Token 4,[CLS],-0.258767173673101,0.669604501707646
4378,6,9,4,2,Token 4,Token 2,-0.111767087216305,0.124918817848171
4379,6,9,4,3,Token 4,Token 3,-0.196326851311212,0.385442325457748
4380,6,9,4,4,Token 4,Token 4,0.123608205954415,0.15278988579269
4381,6,9,4,5,Token 4,Token 5,0.0506362067234103,0.0256402543133594
4382,6,9,4,6,Token 4,Token 6,-0.143566261519473,0.206112714466775
4383,6,9,4,7,Token 4,.,-0.178614035687315,0.319029737445093
4384,6,9,4,8,Token 4,[SEP],0.166331807720065,0.276662702594246
4385,6,9,5,1,Token 5,[CLS],0.185481092695717,0.34403235747597
4386,6,9,5,2,Token 5,Token 2,0.00351135981843473,0.00012329647774518
4387,6,9,5,3,Token 5,Token 3,0.176526737660566,0.311616891090824
4388,6,9,5,4,Token 5,Token 4,-0.157942202311846,0.249457392711161
4389,6,9,5,5,Token 5,Token 5,-0.240585272600122,0.578812733920751
4390,6,9,5,6,Token 5,Token 6,-0.373912335201619,1.39810434415928
4391,6,9,5,7,Token 5,.,-0.0679485818538587,0.0461700977595053
4392,6,9,5,8,Token 5,[SEP],0.168423025862454,0.283663156406649
4393,6,9,6,1,Token 6,[CLS],-0.00500925925995939,0.000250926783334888
4394,6,9,6,2,Token 6,Token 2,0.0187799868968384,0.00352687907845421
4395,6,9,6,3,Token 6,Token 3,-0.00105893393298764,1.12134107443267e-05
4396,6,9,6,4,Token 6,Token 4,-0.0638193753654567,0.0407291267203706
4397,6,9,6,5,Token 6,Token 5,-0.118052724492284,0.139364457600512
4398,6,9,6,6,Token 6,Token 6,-0.229252329298907,0.525566304889746
4399,6,9,6,7,Token 6,.,-0.165708961563216,0.274594599423595
4400,6,9,6,8,Token 6,[SEP],0.140157002966489,0.196439854805485
4401,6,9,7,1,.,[CLS],-0.473641398653273,2.24336174518228
4402,6,9,7,2,.,Token 2,-0.0578869268978439,0.0335089630567632
4403,6,9,7,3,.,Token 3,-0.0534718499496059,0.0285923873703317
4404,6,9,7,4,.,Token 4,-0.0401440986969395,0.0161154866018962
4405,6,9,7,5,.,Token 5,-0.0139685706329037,0.00195120965526419
4406,6,9,7,6,.,Token 6,-0.138426193052268,0.191618109229437
4407,6,9,7,7,.,.,-0.240858720208282,0.580129231003713
4408,6,9,7,8,.,[SEP],0.222808536129803,0.496436437723056
4409,6,9,8,1,[SEP],[CLS],-0.196103175379449,0.38456455393903
4410,6,9,8,2,[SEP],Token 2,0.0537595548991977,0.0289008974295986
4411,6,9,8,3,[SEP],Token 3,-0.130335344697657,0.169873020774571
4412,6,9,8,4,[SEP],Token 4,-0.0865411576882828,0.0748937197402822
4413,6,9,8,5,[SEP],Token 5,-0.303626861478946,0.921892710115553
4414,6,9,8,6,[SEP],Token 6,-0.499912872354233,2.4991287994546
4415,6,9,8,7,[SEP],.,-0.132003844142325,0.174250148683511
4416,6,9,8,8,[SEP],[SEP],0.489920000646701,2.40021607033664
4417,6,10,1,1,[CLS],[CLS],0.0326952312190859,0.0106897814446949
4418,6,10,1,2,[CLS],Token 2,-0.0878004470562015,0.0770891850326883
4419,6,10,1,3,[CLS],Token 3,0.0297459742255247,0.00884822982625578
4420,6,10,1,4,[CLS],Token 4,0.0836580753394033,0.0699867356949327
4421,6,10,1,5,[CLS],Token 5,0.174066507302959,0.302991489646512
4422,6,10,1,6,[CLS],Token 6,0.38172431116323,1.45713449733043
4423,6,10,1,7,[CLS],.,-0.232090317059269,0.538659152726719
4424,6,10,1,8,[CLS],[SEP],0.0471150956615276,0.0221983223919489
4425,6,10,2,1,Token 2,[CLS],-0.243488854036506,0.592868220400111
4426,6,10,2,2,Token 2,Token 2,-0.189929233547682,0.360731137560098
4427,6,10,2,3,Token 2,Token 3,0.447778514649455,2.00505598181672
4428,6,10,2,4,Token 2,Token 4,-0.0991313636021267,0.0982702724961705
4429,6,10,2,5,Token 2,Token 5,-0.394142399193008,1.5534823084162
4430,6,10,2,6,Token 2,Token 6,-0.0501429272205374,0.0251431315024411
4431,6,10,2,7,Token 2,.,-0.356655270867959,1.27202982237898
4432,6,10,2,8,Token 2,[SEP],-0.391871879474649,1.53563569922994
4433,6,10,3,1,Token 3,[CLS],0.125556280062814,0.157643794632118
4434,6,10,3,2,Token 3,Token 2,-0.190451085654979,0.362716160271602
4435,6,10,3,3,Token 3,Token 3,-0.265592189512733,0.705392111301672
4436,6,10,3,4,Token 3,Token 4,0.0587746144377358,0.0345445530230449
4437,6,10,3,5,Token 3,Token 5,-0.0504408916537831,0.0254428355082868
4438,6,10,3,6,Token 3,Token 6,-0.275111617521596,0.756864020953492
4439,6,10,3,7,Token 3,.,-0.0113231989482176,0.00128214834420915
4440,6,10,3,8,Token 3,[SEP],0.0249324879036022,0.00621628953063269
4441,6,10,4,1,Token 4,[CLS],0.135463242059106,0.183502899491639
4442,6,10,4,2,Token 4,Token 2,0.252270671391001,0.636404916440664
4443,6,10,4,3,Token 4,Token 3,0.301121303643491,0.906740395079552
4444,6,10,4,4,Token 4,Token 4,0.21426167964186,0.459080673629509
4445,6,10,4,5,Token 4,Token 5,0.0732844733245924,0.053706140304629
4446,6,10,4,6,Token 4,Token 6,-0.164897727118089,0.271912604087117
4447,6,10,4,7,Token 4,.,0.200409889685742,0.401641238838514
4448,6,10,4,8,Token 4,[SEP],0.175704616372697,0.308721122146768
4449,6,10,5,1,Token 5,[CLS],0.20352931572553,0.414241823597023
4450,6,10,5,2,Token 5,Token 2,0.148046431950706,0.219177460133351
4451,6,10,5,3,Token 5,Token 3,0.352625028980445,1.2434441106346
4452,6,10,5,4,Token 5,Token 4,0.432219876684583,1.86814021801236
4453,6,10,5,5,Token 5,Token 5,-0.0755403503944106,0.0570634453771033
4454,6,10,5,6,Token 5,Token 6,0.0475823168251006,0.0226407687444426
4455,6,10,5,7,Token 5,.,0.182494219062923,0.333041399913863
4456,6,10,5,8,Token 5,[SEP],-0.0878877933705237,0.0772426422353987
4457,6,10,6,1,Token 6,[CLS],0.542336095171423,2.94128440125787
4458,6,10,6,2,Token 6,Token 2,0.37776083761954,1.42703250439016
4459,6,10,6,3,Token 6,Token 3,0.478540356043368,2.29000872362114
4460,6,10,6,4,Token 6,Token 4,0.243388300477939,0.592378648095398
4461,6,10,6,5,Token 6,Token 5,0.21209388373074,0.449838155159888
4462,6,10,6,6,Token 6,Token 6,-0.0835648405948604,0.0698308258364443
4463,6,10,6,7,Token 6,.,-0.0474890032176239,0.0225520542660349
4464,6,10,6,8,Token 6,[SEP],-0.0408117815383099,0.0166560151233073
4465,6,10,7,1,.,[CLS],-0.113130959122138,0.127986139118948
4466,6,10,7,2,.,Token 2,-0.146699178145096,0.215206488684466
4467,6,10,7,3,.,Token 3,0.218827520749957,0.478854838375731
4468,6,10,7,4,.,Token 4,-0.0188738132414068,0.00356220826271504
4469,6,10,7,5,.,Token 5,0.0481841367605329,0.0232171103535774
4470,6,10,7,6,.,Token 6,-0.0987655754682669,0.0975463889757793
4471,6,10,7,7,.,.,-0.0551107241356484,0.0303719191475554
4472,6,10,7,8,.,[SEP],0.0836650142480467,0.0699983460912586
4473,6,10,8,1,[SEP],[CLS],0.128774704845445,0.165829246080315
4474,6,10,8,2,[SEP],Token 2,-0.0785072531757493,0.061633888012012
4475,6,10,8,3,[SEP],Token 3,-0.0525398524214966,0.0276043609247264
4476,6,10,8,4,[SEP],Token 4,-0.00506136680635412,0.000256174339484633
4477,6,10,8,5,[SEP],Token 5,-0.196409182556132,0.385765669923679
4478,6,10,8,6,[SEP],Token 6,-0.250342355992367,0.62671295203809
4479,6,10,8,7,[SEP],.,-0.225712006228058,0.509459097554947
4480,6,10,8,8,[SEP],[SEP],0.0765220062422187,0.0585561743933416
4481,6,11,1,1,[CLS],[CLS],0.0822626505650526,0.0676714367798795
4482,6,11,1,2,[CLS],Token 2,0.1939737757044,0.37625825661021
4483,6,11,1,3,[CLS],Token 3,0.0334662641634677,0.01119990837059
4484,6,11,1,4,[CLS],Token 4,0.782016053324837,6.11549107657754
4485,6,11,1,5,[CLS],Token 5,0.400161565883096,1.60129278810011
4486,6,11,1,6,[CLS],Token 6,-0.208261617462389,0.433729013080502
4487,6,11,1,7,[CLS],.,-0.11559755871486,0.133627955808355
4488,6,11,1,8,[CLS],[SEP],-0.108081682654893,0.116816501255131
4489,6,11,2,1,Token 2,[CLS],0.0591136675791938,0.0349442569466343
4490,6,11,2,2,Token 2,Token 2,0.158456859706749,0.251085763881243
4491,6,11,2,3,Token 2,Token 3,-0.326865283045408,1.06840913260355
4492,6,11,2,4,Token 2,Token 4,0.475633513923428,2.26227239567148
4493,6,11,2,5,Token 2,Token 5,-0.104636388085845,0.109487737116515
4494,6,11,2,6,Token 2,Token 6,-0.138139169759295,0.190824302217875
4495,6,11,2,7,Token 2,.,-0.0392863827052866,0.0154341986606625
4496,6,11,2,8,Token 2,[SEP],0.00661445656487963,0.000437510356486792
4497,6,11,3,1,Token 3,[CLS],0.118520781534574,0.140471756555662
4498,6,11,3,2,Token 3,Token 2,-0.10128773574523,0.102592054123954
4499,6,11,3,3,Token 3,Token 3,0.0638151924163741,0.0407237878313886
4500,6,11,3,4,Token 3,Token 4,0.133829734915681,0.179103979476013
4501,6,11,3,5,Token 3,Token 5,-0.00568687932144835,0.000323405964167168
4502,6,11,3,6,Token 3,Token 6,-0.164622351160037,0.271005185014586
4503,6,11,3,7,Token 3,.,0.0578575537986153,0.0334749653155966
4504,6,11,3,8,Token 3,[SEP],0.0705494130826374,0.049772196863046
4505,6,11,4,1,Token 4,[CLS],-0.173296821213567,0.300317882427269
4506,6,11,4,2,Token 4,Token 2,0.0283622276742642,0.00804415958646799
4507,6,11,4,3,Token 4,Token 3,-0.172870110801002,0.298840752083505
4508,6,11,4,4,Token 4,Token 4,0.0948048341112016,0.0898795657085246
4509,6,11,4,5,Token 4,Token 5,-0.370646290842373,1.37378672915209
4510,6,11,4,6,Token 4,Token 6,0.000461798109469812,2.13257493909893e-06
4511,6,11,4,7,Token 4,.,-0.0344988997351651,0.0119017408293697
4512,6,11,4,8,Token 4,[SEP],0.203744416871508,0.415117874063109
4513,6,11,5,1,Token 5,[CLS],0.194120276392279,0.376826817066149
4514,6,11,5,2,Token 5,Token 2,0.201479892074144,0.405941469102088
4515,6,11,5,3,Token 5,Token 3,0.0784405954623846,0.0615292701649348
4516,6,11,5,4,Token 5,Token 4,0.110862252322419,0.122904389899996
4517,6,11,5,5,Token 5,Token 5,-0.158571532396601,0.251449308866062
4518,6,11,5,6,Token 5,Token 6,-0.322036176777768,1.03707299153642
4519,6,11,5,7,Token 5,.,0.365287112985155,1.33434674913029
4520,6,11,5,8,Token 5,[SEP],-0.171490078726717,0.294088471016955
4521,6,11,6,1,Token 6,[CLS],0.488224345027892,2.38363011077914
4522,6,11,6,2,Token 6,Token 2,0.0763838534380867,0.0583449306605111
4523,6,11,6,3,Token 6,Token 3,0.144440802434355,0.208631454078805
4524,6,11,6,4,Token 6,Token 4,0.0862636898603988,0.0744142418833107
4525,6,11,6,5,Token 6,Token 5,-0.0537410503899361,0.0288810049701365
4526,6,11,6,6,Token 6,Token 6,-0.283361380335612,0.802936718657033
4527,6,11,6,7,Token 6,.,0.0462901016798112,0.0214277351352726
4528,6,11,6,8,Token 6,[SEP],-0.0457493315323533,0.0209300133565718
4529,6,11,7,1,.,[CLS],0.108046718244922,0.116740933234975
4530,6,11,7,2,.,Token 2,0.0847146110200461,0.0717656532027772
4531,6,11,7,3,.,Token 3,0.13871277806097,0.192412347973918
4532,6,11,7,4,.,Token 4,0.347100992679953,1.20479099119409
4533,6,11,7,5,.,Token 5,0.0972330397355064,0.0945426401620658
4534,6,11,7,6,.,Token 6,-0.302006511100674,0.912079327472019
4535,6,11,7,7,.,.,-0.262136561586112,0.687155769201894
4536,6,11,7,8,.,[SEP],0.09456319459039,0.0894219777113997
4537,6,11,8,1,[SEP],[CLS],0.427355278781225,1.82632534302179
4538,6,11,8,2,[SEP],Token 2,0.0307169209894609,0.0094352923507278
4539,6,11,8,3,[SEP],Token 3,-0.148782938118691,0.221363626752303
4540,6,11,8,4,[SEP],Token 4,0.315635456819967,0.996257416019492
4541,6,11,8,5,[SEP],Token 5,-0.0739121244981327,0.0546300214782746
4542,6,11,8,6,[SEP],Token 6,-0.352560026085482,1.24298571993396
4543,6,11,8,7,[SEP],.,-0.0414251264855545,0.0171604110434419
4544,6,11,8,8,[SEP],[SEP],0.0155374865531623,0.00241413488389698
4545,6,12,1,1,[CLS],[CLS],0.587104805177321,3.446920522623
4546,6,12,1,2,[CLS],Token 2,0.00330811543156266,0.00010943627708543
4547,6,12,1,3,[CLS],Token 3,-0.264362848403724,0.698877156161305
4548,6,12,1,4,[CLS],Token 4,-0.238871936342094,0.570598019718212
4549,6,12,1,5,[CLS],Token 5,-0.514985985376311,2.6521056513401
4550,6,12,1,6,[CLS],Token 6,-0.480219909832325,2.30611161799367
4551,6,12,1,7,[CLS],.,0.00203753487610369,4.1515483713389e-05
4552,6,12,1,8,[CLS],[SEP],0.397565431931443,1.58058272666834
4553,6,12,2,1,Token 2,[CLS],0.135730550764797,0.184227824109151
4554,6,12,2,2,Token 2,Token 2,0.100720559652318,0.101446311366762
4555,6,12,2,3,Token 2,Token 3,-0.10548212477037,0.111264786460719
4556,6,12,2,4,Token 2,Token 4,-0.200284964332333,0.401140669376041
4557,6,12,2,5,Token 2,Token 5,-0.0991730498452608,0.0983529381561059
4558,6,12,2,6,Token 2,Token 6,0.271858925278309,0.739072752534774
4559,6,12,2,7,Token 2,.,0.0117241470568187,0.0013745562420991
4560,6,12,2,8,Token 2,[SEP],0.220167802346585,0.48473861190125
4561,6,12,3,1,Token 3,[CLS],-0.00984104569563308,0.000968461803835383
4562,6,12,3,2,Token 3,Token 2,-0.042209467507347,0.0178163914725378
4563,6,12,3,3,Token 3,Token 3,-0.187768806458023,0.352571246786704
4564,6,12,3,4,Token 3,Token 4,-0.0385131101579947,0.0148325965404184
4565,6,12,3,5,Token 3,Token 5,0.0516087538305075,0.0266346347193792
4566,6,12,3,6,Token 3,Token 6,0.115239043990529,0.132800372598511
4567,6,12,3,7,Token 3,.,0.069362075392398,0.048110975027407
4568,6,12,3,8,Token 3,[SEP],-0.133340201648272,0.177796093756017
4569,6,12,4,1,Token 4,[CLS],-0.0279956645130359,0.00783757231526457
4570,6,12,4,2,Token 4,Token 2,-0.0538863910027788,0.0290374313530435
4571,6,12,4,3,Token 4,Token 3,-0.0694593631677083,0.048246031316636
4572,6,12,4,4,Token 4,Token 4,-0.160815760155063,0.258617087142509
4573,6,12,4,5,Token 4,Token 5,0.00960620422787023,0.00092279159667552
4574,6,12,4,6,Token 4,Token 6,-0.0899849184858283,0.0809728555490117
4575,6,12,4,7,Token 4,.,-0.58387328480786,3.4090801271232
4576,6,12,4,8,Token 4,[SEP],0.19755366424349,0.390274502560296
4577,6,12,5,1,Token 5,[CLS],0.278454831443166,0.775370931540422
4578,6,12,5,2,Token 5,Token 2,0.195146804156271,0.380822751724058
4579,6,12,5,3,Token 5,Token 3,-0.0901034147981286,0.0811862535828362
4580,6,12,5,4,Token 5,Token 4,0.0485204227685891,0.0235423142564262
4581,6,12,5,5,Token 5,Token 5,0.255547496478461,0.653045229564092
4582,6,12,5,6,Token 5,Token 6,0.0394222322358083,0.0155411239445401
4583,6,12,5,7,Token 5,.,-0.0975718288355049,0.0952026178230507
4584,6,12,5,8,Token 5,[SEP],-0.114837885204547,0.131877398782528
4585,6,12,6,1,Token 6,[CLS],0.106408901603413,0.113228543404448
4586,6,12,6,2,Token 6,Token 2,0.250764132426027,0.628826501113778
4587,6,12,6,3,Token 6,Token 3,0.425367553697433,1.80937555738538
4588,6,12,6,4,Token 6,Token 4,0.146605698398383,0.214932308028775
4589,6,12,6,5,Token 6,Token 5,0.286074320632488,0.818385169253397
4590,6,12,6,6,Token 6,Token 6,-0.0332168546696975,0.011033594341478
4591,6,12,6,7,Token 6,.,-0.199430523204888,0.397725335857755
4592,6,12,6,8,Token 6,[SEP],-0.187073849491798,0.349966251636799
4593,6,12,7,1,.,[CLS],0.418411018156863,1.75067780115063
4594,6,12,7,2,.,Token 2,-0.10787243921868,0.116364631429879
4595,6,12,7,3,.,Token 3,-0.282959008521205,0.800658005033036
4596,6,12,7,4,.,Token 4,-0.028863003669202,0.0083307298080837
4597,6,12,7,5,.,Token 5,-0.200766159561025,0.403070508248828
4598,6,12,7,6,.,Token 6,-0.0513705721335479,0.0263893568132805
4599,6,12,7,7,.,.,-0.134218452003275,0.180145928581554
4600,6,12,7,8,.,[SEP],0.102847710107618,0.105776514743807
4601,6,12,8,1,[SEP],[CLS],0.20032639468649,0.401306644080875
4602,6,12,8,2,[SEP],Token 2,-0.171787181812773,0.295108358351748
4603,6,12,8,3,[SEP],Token 3,-0.33428879282267,1.11748997006838
4604,6,12,8,4,[SEP],Token 4,0.0546246195640019,0.0298384906251194
4605,6,12,8,5,[SEP],Token 5,-0.334279846500552,1.11743015776432
4606,6,12,8,6,[SEP],Token 6,-0.209760412607452,0.439994306972486
4607,6,12,8,7,[SEP],.,0.054716109732351,0.0299385266424268
4608,6,12,8,8,[SEP],[SEP],0.33805538414678,1.14281442750627
4609,7,1,1,1,[CLS],[CLS],-0.14322811130499,0.205142918679945
4610,7,1,1,2,[CLS],Token 2,0.224275052520165,0.502992991829227
4611,7,1,1,3,[CLS],Token 3,-0.135734315812075,0.18423804488972
4612,7,1,1,4,[CLS],Token 4,0.322702275164856,1.04136758396575
4613,7,1,1,5,[CLS],Token 5,-0.148729898149795,0.221205826036484
4614,7,1,1,6,[CLS],Token 6,-0.0614354393835125,0.0377431321224524
4615,7,1,1,7,[CLS],.,0.199443531653964,0.397777223186056
4616,7,1,1,8,[CLS],[SEP],-0.40466412878613,1.63753057126238
4617,7,1,2,1,Token 2,[CLS],0.202713884336106,0.410929189026321
4618,7,1,2,2,Token 2,Token 2,0.295875356965073,0.875422268592095
4619,7,1,2,3,Token 2,Token 3,0.140705470376695,0.197980293939271
4620,7,1,2,4,Token 2,Token 4,0.0362194782791772,0.0131185060681579
4621,7,1,2,5,Token 2,Token 5,-0.287013725256123,0.823768784853972
4622,7,1,2,6,Token 2,Token 6,0.326535257246096,1.06625274224774
4623,7,1,2,7,Token 2,.,0.213403367259274,0.455409971575964
4624,7,1,2,8,Token 2,[SEP],-0.332823888274892,1.10771740606418
4625,7,1,3,1,Token 3,[CLS],-0.0028951077406638,8.38164883005149e-05
4626,7,1,3,2,Token 3,Token 2,-0.176104453648975,0.310127785950041
4627,7,1,3,3,Token 3,Token 3,0.100219319385392,0.100439119780713
4628,7,1,3,4,Token 3,Token 4,0.0242211305920892,0.00586663167159039
4629,7,1,3,5,Token 3,Token 5,-0.177398748412259,0.314703159382359
4630,7,1,3,6,Token 3,Token 6,-0.0608835202659778,0.0370680303997773
4631,7,1,3,7,Token 3,.,-0.0322407261360071,0.0103946442177701
4632,7,1,3,8,Token 3,[SEP],-0.0790417484333605,0.0624759799540264
4633,7,1,4,1,Token 4,[CLS],0.163899648504464,0.268630947798867
4634,7,1,4,2,Token 4,Token 2,0.0315346185600602,0.00994432167728494
4635,7,1,4,3,Token 4,Token 3,-0.0270404433344902,0.00731185575725778
4636,7,1,4,4,Token 4,Token 4,-0.234859428468343,0.551589511404767
4637,7,1,4,5,Token 4,Token 5,-0.114919522739318,0.132064967066327
4638,7,1,4,6,Token 4,Token 6,-0.134421976784538,0.180692678426629
4639,7,1,4,7,Token 4,.,0.0317174203984279,0.0100599475673061
4640,7,1,4,8,Token 4,[SEP],0.188940519593044,0.356985199440895
4641,7,1,5,1,Token 5,[CLS],-0.142191458152792,0.202184107716171
4642,7,1,5,2,Token 5,Token 2,-0.0188063724636043,0.00353679645239813
4643,7,1,5,3,Token 5,Token 3,0.374317776604378,1.40113797882045
4644,7,1,5,4,Token 5,Token 4,-0.181914790045147,0.3309299083717
4645,7,1,5,5,Token 5,Token 5,-0.101170684892444,0.102355074816061
4646,7,1,5,6,Token 5,Token 6,-0.0787835227842622,0.0620684346229836
4647,7,1,5,7,Token 5,.,-0.265876699261234,0.706904192100488
4648,7,1,5,8,Token 5,[SEP],0.0796576986671132,0.0634534895694061
4649,7,1,6,1,Token 6,[CLS],-0.0405538380649191,0.0164461378179568
4650,7,1,6,2,Token 6,Token 2,-0.11096073467889,0.123122846404791
4651,7,1,6,3,Token 6,Token 3,0.112306289998782,0.126127027732905
4652,7,1,6,4,Token 6,Token 4,-0.0191961713755989,0.00368492995481364
4653,7,1,6,5,Token 6,Token 5,-0.0818204031227056,0.0669457836716205
4654,7,1,6,6,Token 6,Token 6,-0.0439936693877763,0.0193544294620097
4655,7,1,6,7,Token 6,.,0.157887569317877,0.249284845451076
4656,7,1,6,8,Token 6,[SEP],0.0188681327216894,0.00356006432403287
4657,7,1,7,1,.,[CLS],0.103465464772689,0.107051024006286
4658,7,1,7,2,.,Token 2,0.0838388798793014,0.0702895777941592
4659,7,1,7,3,.,Token 3,0.247894346498964,0.614516070261483
4660,7,1,7,4,.,Token 4,-0.0726782989792707,0.0528213514252025
4661,7,1,7,5,.,Token 5,-0.358776126910936,1.28720309241212
4662,7,1,7,6,.,Token 6,0.262472281492429,0.688916985518409
4663,7,1,7,7,.,.,-0.276420476533845,0.764082798471977
4664,7,1,7,8,.,[SEP],-0.184064499859128,0.338797401083908
4665,7,1,8,1,[SEP],[CLS],0.217612612808505,0.473552492533442
4666,7,1,8,2,[SEP],Token 2,0.151314994759663,0.228962276391168
4667,7,1,8,3,[SEP],Token 3,0.0839976273489012,0.0705560140024488
4668,7,1,8,4,[SEP],Token 4,0.190595851201214,0.363267784951151
4669,7,1,8,5,[SEP],Token 5,-0.17160149688237,0.294470737322701
4670,7,1,8,6,[SEP],Token 6,-0.051102297716761,0.0261144483193248
4671,7,1,8,7,[SEP],.,0.00225081537377416,5.0661698468181e-05
4672,7,1,8,8,[SEP],[SEP],-0.023527487646611,0.00553542674961433
4673,7,2,1,1,[CLS],[CLS],-0.456471076093006,2.08365843309507
4674,7,2,1,2,[CLS],Token 2,0.0439656159123001,0.019329753825479
4675,7,2,1,3,[CLS],Token 3,0.306145249679444,0.937249139012888
4676,7,2,1,4,[CLS],Token 4,-0.215497697769899,0.464392577441268
4677,7,2,1,5,[CLS],Token 5,-0.221571988813978,0.490941462269816
4678,7,2,1,6,[CLS],Token 6,0.170676096945808,0.291303300686549
4679,7,2,1,7,[CLS],.,-0.166138118834121,0.276018745297406
4680,7,2,1,8,[CLS],[SEP],-0.183233174581678,0.335743962672796
4681,7,2,2,1,Token 2,[CLS],-0.169146556275094,0.286105574997237
4682,7,2,2,2,Token 2,Token 2,-0.193047478060468,0.372673287855068
4683,7,2,2,3,Token 2,Token 3,0.0705694568837249,0.0498004824486391
4684,7,2,2,4,Token 2,Token 4,0.285630004742667,0.81584499609296
4685,7,2,2,5,Token 2,Token 5,-0.0326839113892704,0.0106823806370168
4686,7,2,2,6,Token 2,Token 6,0.137340923982596,0.188625294003933
4687,7,2,2,7,Token 2,.,-0.185389981160948,0.343694451148565
4688,7,2,2,8,Token 2,[SEP],-0.0639831000463038,0.0409383709153532
4689,7,2,3,1,Token 3,[CLS],0.217627674993958,0.473618049232758
4690,7,2,3,2,Token 3,Token 2,-0.0942362424199306,0.0888046938542792
4691,7,2,3,3,Token 3,Token 3,0.140268241528682,0.196751795815485
4692,7,2,3,4,Token 3,Token 4,-0.0660862986269403,0.0436739886620913
4693,7,2,3,5,Token 3,Token 5,-0.0623908390561633,0.0389261679813207
4694,7,2,3,6,Token 3,Token 6,0.00588065936665934,0.000345821545866782
4695,7,2,3,7,Token 3,.,-0.0914049045578411,0.0835485657722806
4696,7,2,3,8,Token 3,[SEP],0.0286316488206779,0.00819771314190628
4697,7,2,4,1,Token 4,[CLS],0.163848886293358,0.268464575395739
4698,7,2,4,2,Token 4,Token 2,0.0664340712873259,0.0441348582780951
4699,7,2,4,3,Token 4,Token 3,0.132239411580505,0.174872619751581
4700,7,2,4,4,Token 4,Token 4,0.141941036941039,0.201472579678974
4701,7,2,4,5,Token 4,Token 5,-0.0379982024652891,0.014438633905931
4702,7,2,4,6,Token 4,Token 6,-0.0754055820048569,0.056860017974912
4703,7,2,4,7,Token 4,.,-0.138473228919162,0.191748351272986
4704,7,2,4,8,Token 4,[SEP],-0.0445096082475637,0.0198110522635159
4705,7,2,5,1,Token 5,[CLS],-0.226470831064301,0.512890373229549
4706,7,2,5,2,Token 5,Token 2,0.031818253122088,0.0101240123174127
4707,7,2,5,3,Token 5,Token 3,0.321403934402251,1.03300489049247
4708,7,2,5,4,Token 5,Token 4,-0.0141083734778714,0.00199046202191105
4709,7,2,5,5,Token 5,Token 5,-0.0141072556444583,0.00199014661818099
4710,7,2,5,6,Token 5,Token 6,0.00604447547836186,0.000365356838085177
4711,7,2,5,7,Token 5,.,-0.375076023526236,1.40682023424254
4712,7,2,5,8,Token 5,[SEP],-0.0906608425839532,0.0821938837803234
4713,7,2,6,1,Token 6,[CLS],0.275560028224904,0.759333291553097
4714,7,2,6,2,Token 6,Token 2,0.247975777800851,0.614919863759371
4715,7,2,6,3,Token 6,Token 3,0.254995609678819,0.650227609554728
4716,7,2,6,4,Token 6,Token 4,-0.0983121090591088,0.0966527078765008
4717,7,2,6,5,Token 6,Token 5,0.182610995457631,0.333467756620271
4718,7,2,6,6,Token 6,Token 6,0.21647092552591,0.468596615980441
4719,7,2,6,7,Token 6,.,0.238333241912103,0.568027342003329
4720,7,2,6,8,Token 6,[SEP],-0.332596472384826,1.1062041344283
4721,7,2,7,1,.,[CLS],-0.0878050248881609,0.0770972239561057
4722,7,2,7,2,.,Token 2,-0.0185129405813056,0.00342728968966952
4723,7,2,7,3,.,Token 3,-0.0150023235030811,0.00225069710491099
4724,7,2,7,4,.,Token 4,-0.266805004053347,0.711849101879067
4725,7,2,7,5,.,Token 5,0.298286961706847,0.889751115243022
4726,7,2,7,6,.,Token 6,0.454394922879245,2.06474745938435
4727,7,2,7,7,.,.,-0.0998921914130659,0.099784499053046
4728,7,2,7,8,.,[SEP],-0.0291806668328683,0.00851511316810859
4729,7,2,8,1,[SEP],[CLS],0.0148486603792835,0.00220482715059303
4730,7,2,8,2,[SEP],Token 2,-0.0335077602868851,0.0112276999944335
4731,7,2,8,3,[SEP],Token 3,0.0675907202215149,0.045685054600631
4732,7,2,8,4,[SEP],Token 4,-0.28558279377487,0.815575321002599
4733,7,2,8,5,[SEP],Token 5,-0.00509533178194459,0.000259624059680947
4734,7,2,8,6,[SEP],Token 6,-0.122068569205055,0.149007355877692
4735,7,2,8,7,[SEP],.,-0.927709169262897,8.60644302734457
4736,7,2,8,8,[SEP],[SEP],0.275845034150112,0.760904828652766
4737,7,3,1,1,[CLS],[CLS],0.241040142798947,0.581003504405366
4738,7,3,1,2,[CLS],Token 2,0.483317371369045,2.33595681467084
4739,7,3,1,3,[CLS],Token 3,-0.105950437079618,0.112254951173621
4740,7,3,1,4,[CLS],Token 4,0.752644847434229,5.66474266369294
4741,7,3,1,5,[CLS],Token 5,0.398176836698261,1.58544793283033
4742,7,3,1,6,[CLS],Token 6,-0.359460507307831,1.29211856314003
4743,7,3,1,7,[CLS],.,0.303988168496072,0.924088065855959
4744,7,3,1,8,[CLS],[SEP],-0.545006037163893,2.9703158054509
4745,7,3,2,1,Token 2,[CLS],0.168374146317071,0.283498531480024
4746,7,3,2,2,Token 2,Token 2,0.395147148017319,1.56141268586221
4747,7,3,2,3,Token 2,Token 3,0.384927194397659,1.48168944986853
4748,7,3,2,4,Token 2,Token 4,0.399332111618611,1.59466135369779
4749,7,3,2,5,Token 2,Token 5,0.237715084515165,0.565084614060522
4750,7,3,2,6,Token 2,Token 6,0.396045204135684,1.56851803718876
4751,7,3,2,7,Token 2,.,0.362062703209724,1.31089401055533
4752,7,3,2,8,Token 2,[SEP],-0.383305738214681,1.46923288948301
4753,7,3,3,1,Token 3,[CLS],0.326664594186148,1.06709757094801
4754,7,3,3,2,Token 3,Token 2,-0.0382739776177728,0.0146489736268578
4755,7,3,3,3,Token 3,Token 3,0.291233358467604,0.848168690843199
4756,7,3,3,4,Token 3,Token 4,-0.0176694239848415,0.00312208543956091
4757,7,3,3,5,Token 3,Token 5,0.216050985842178,0.466780284833772
4758,7,3,3,6,Token 3,Token 6,0.190097225883108,0.361369552884532
4759,7,3,3,7,Token 3,.,-0.0367567522752137,0.0135105883782143
4760,7,3,3,8,Token 3,[SEP],-0.243957605921348,0.595153134868757
4761,7,3,4,1,Token 4,[CLS],0.421431749568343,1.77604719544235
4762,7,3,4,2,Token 4,Token 2,0.207815262945748,0.431871835132106
4763,7,3,4,3,Token 4,Token 3,0.296697488976136,0.880293999647441
4764,7,3,4,4,Token 4,Token 4,0.328882955197646,1.08163998219537
4765,7,3,4,5,Token 4,Token 5,0.327797758631969,1.07451370564143
4766,7,3,4,6,Token 4,Token 6,0.584378281921378,3.41497976381382
4767,7,3,4,7,Token 4,.,0.237598042313209,0.564528297110696
4768,7,3,4,8,Token 4,[SEP],-0.601849681931253,3.6222303964075
4769,7,3,5,1,Token 5,[CLS],0.350934618217588,1.23155106263524
4770,7,3,5,2,Token 5,Token 2,0.066424431079624,0.0441220504425172
4771,7,3,5,3,Token 5,Token 3,0.381801504521555,1.45772388854923
4772,7,3,5,4,Token 5,Token 4,-0.169932887575906,0.288771862798856
4773,7,3,5,5,Token 5,Token 5,0.0682678960632316,0.0466050563290019
4774,7,3,5,6,Token 5,Token 6,-0.0843968981285579,0.0712283641372219
4775,7,3,5,7,Token 5,.,0.0855008146278901,0.0731038930203282
4776,7,3,5,8,Token 5,[SEP],-0.140793155282847,0.198227125744999
4777,7,3,6,1,Token 6,[CLS],0.33142661321424,1.09843599946661
4778,7,3,6,2,Token 6,Token 2,0.116086696582052,0.134761211233335
4779,7,3,6,3,Token 6,Token 3,0.046563944251977,0.0216820090430122
4780,7,3,6,4,Token 6,Token 4,0.311744469293304,0.971846141349638
4781,7,3,6,5,Token 6,Token 5,-0.436262251026951,1.90324751671102
4782,7,3,6,6,Token 6,Token 6,-0.142448972867303,0.202917098709495
4783,7,3,6,7,Token 6,.,0.0387210279947727,0.0149931800897197
4784,7,3,6,8,Token 6,[SEP],-0.0604012518252091,0.0364831122205234
4785,7,3,7,1,.,[CLS],0.000790652887196117,6.25131988031556e-06
4786,7,3,7,2,.,Token 2,0.347195812783589,1.20544932414457
4787,7,3,7,3,.,Token 3,0.123956127521918,0.1536512155023
4788,7,3,7,4,.,Token 4,0.459997145055322,2.11597373459047
4789,7,3,7,5,.,Token 5,0.193241736955111,0.373423689014284
4790,7,3,7,6,.,Token 6,-0.378058222975915,1.42928019959707
4791,7,3,7,7,.,.,-0.347626423345672,1.20844130208104
4792,7,3,7,8,.,[SEP],-0.886895727300074,7.86584031103126
4793,7,3,8,1,[SEP],[CLS],0.221021870176543,0.488506670963365
4794,7,3,8,2,[SEP],Token 2,-0.0535746690950485,0.0287024516864394
4795,7,3,8,3,[SEP],Token 3,0.135483231853504,0.183557061134704
4796,7,3,8,4,[SEP],Token 4,0.0869320062025691,0.075571737024035
4797,7,3,8,5,[SEP],Token 5,0.0266267988712601,0.0070898641813054
4798,7,3,8,6,[SEP],Token 6,-0.00285849943737244,8.17101903345854e-05
4799,7,3,8,7,[SEP],.,-0.786306743434093,6.18278294769928
4800,7,3,8,8,[SEP],[SEP],0.0922992340572788,0.0851914860756032
4801,7,4,1,1,[CLS],[CLS],0.265776449547343,0.706371211339914
4802,7,4,1,2,[CLS],Token 2,0.564339788281657,3.18479396637786
4803,7,4,1,3,[CLS],Token 3,0.379608586912598,1.4410267925778
4804,7,4,1,4,[CLS],Token 4,0.503007283632942,2.53016327387791
4805,7,4,1,5,[CLS],Token 5,0.260458724190119,0.678387470067443
4806,7,4,1,6,[CLS],Token 6,0.150521213940215,0.226566358460361
4807,7,4,1,7,[CLS],.,0.247680986963225,0.61345871303077
4808,7,4,1,8,[CLS],[SEP],-0.376114336857602,1.41461994389833
4809,7,4,2,1,Token 2,[CLS],0.174657996714419,0.305054158162939
4810,7,4,2,2,Token 2,Token 2,-0.0310857002128295,0.00966320757721906
4811,7,4,2,3,Token 2,Token 3,0.0786288623153604,0.0618249798900791
4812,7,4,2,4,Token 2,Token 4,0.312470854695239,0.976380350339734
4813,7,4,2,5,Token 2,Token 5,-0.484205279927212,2.34454753109389
4814,7,4,2,6,Token 2,Token 6,0.185047785900331,0.342426830666149
4815,7,4,2,7,Token 2,.,0.0641833866548661,0.0411950712248804
4816,7,4,2,8,Token 2,[SEP],-0.100085374572883,0.100170822033942
4817,7,4,3,1,Token 3,[CLS],0.453526656151552,2.05686427840008
4818,7,4,3,2,Token 3,Token 2,0.0789681740667349,0.0623597251543415
4819,7,4,3,3,Token 3,Token 3,-0.280932881187042,0.789232837320528
4820,7,4,3,4,Token 3,Token 4,-0.212461676676388,0.451399640561419
4821,7,4,3,5,Token 3,Token 5,-0.375916730111583,1.41313387977785
4822,7,4,3,6,Token 3,Token 6,-0.15652487357397,0.245000360473474
4823,7,4,3,7,Token 3,.,0.10443904780884,0.109075147072172
4824,7,4,3,8,Token 3,[SEP],-0.0185664203038763,0.00344711962900192
4825,7,4,4,1,Token 4,[CLS],0.59006799967273,3.48180244237776
4826,7,4,4,2,Token 4,Token 2,0.12824439175792,0.164466240173589
4827,7,4,4,3,Token 4,Token 3,0.0308185172861766,0.00949781007718369
4828,7,4,4,4,Token 4,Token 4,-0.592071397239537,3.50548539429177
4829,7,4,4,5,Token 4,Token 5,-0.503750184565956,2.53764248450235
4830,7,4,4,6,Token 4,Token 6,0.0987610362694577,0.0975374228501713
4831,7,4,4,7,Token 4,.,0.455495609600684,2.07476250365499
4832,7,4,4,8,Token 4,[SEP],-0.0157868536100422,0.00249224746904902
4833,7,4,5,1,Token 5,[CLS],0.378503625636696,1.43264994620124
4834,7,4,5,2,Token 5,Token 2,0.0915137213642439,0.0837476119793247
4835,7,4,5,3,Token 5,Token 3,0.0716661303400328,0.0513603423791456
4836,7,4,5,4,Token 5,Token 4,0.227657599955076,0.518279828173056
4837,7,4,5,5,Token 5,Token 5,-0.261323203259577,0.68289816561846
4838,7,4,5,6,Token 5,Token 6,0.0931019235032177,0.08667968159999
4839,7,4,5,7,Token 5,.,0.102825141029553,0.105730096277475
4840,7,4,5,8,Token 5,[SEP],-0.198257906527577,0.393061975006974
4841,7,4,6,1,Token 6,[CLS],0.0434855056113222,0.0189098919827234
4842,7,4,6,2,Token 6,Token 2,-0.00270721171873705,7.3289952900672e-05
4843,7,4,6,3,Token 6,Token 3,0.13508529509548,0.182480369510328
4844,7,4,6,4,Token 6,Token 4,0.423533613374219,1.79380721657823
4845,7,4,6,5,Token 6,Token 5,0.381192811295616,1.45307959383455
4846,7,4,6,6,Token 6,Token 6,-0.196299667549659,0.385335594801067
4847,7,4,6,7,Token 6,.,-0.124199440467411,0.154255010124179
4848,7,4,6,8,Token 6,[SEP],-0.467461562049976,2.18520311994204
4849,7,4,7,1,.,[CLS],0.401008642166452,1.60807931092182
4850,7,4,7,2,.,Token 2,0.12405711374046,0.153901674696135
4851,7,4,7,3,.,Token 3,0.331257215183746,1.09731342611291
4852,7,4,7,4,.,Token 4,0.506599998700687,2.56643558683536
4853,7,4,7,5,.,Token 5,0.180038231988198,0.324137649774363
4854,7,4,7,6,.,Token 6,-0.00151651261889868,2.29981052327893e-05
4855,7,4,7,7,.,.,0.589525093571608,3.47539835950613
4856,7,4,7,8,.,[SEP],-0.258614093235997,0.668812492202769
4857,7,4,8,1,[SEP],[CLS],0.35924838516615,1.29059402244487
4858,7,4,8,2,[SEP],Token 2,-0.0477479253806641,0.0227986437815746
4859,7,4,8,3,[SEP],Token 3,0.32919878982014,1.08371843219044
4860,7,4,8,4,[SEP],Token 4,0.191103004198615,0.365203582137358
4861,7,4,8,5,[SEP],Token 5,0.196783773967197,0.387238536967731
4862,7,4,8,6,[SEP],Token 6,-0.0483170874012741,0.0233454093494236
4863,7,4,8,7,[SEP],.,-0.220909421836355,0.488009726560729
4864,7,4,8,8,[SEP],[SEP],-0.143007599364331,0.204511734759489
4865,7,5,1,1,[CLS],[CLS],0.147846338991079,0.218585399530649
4866,7,5,1,2,[CLS],Token 2,0.174881810641903,0.305836476933905
4867,7,5,1,3,[CLS],Token 3,0.285729660129942,0.81641438677972
4868,7,5,1,4,[CLS],Token 4,0.456094692726117,2.08022368732931
4869,7,5,1,5,[CLS],Token 5,0.19731836833676,0.389345384830814
4870,7,5,1,6,[CLS],Token 6,-0.243125934703842,0.591102201256169
4871,7,5,1,7,[CLS],.,0.375554396414758,1.41041104666453
4872,7,5,1,8,[CLS],[SEP],-0.37524646437574,1.40809909026494
4873,7,5,2,1,Token 2,[CLS],0.266098325077735,0.708083186091762
4874,7,5,2,2,Token 2,Token 2,-0.0682759288124778,0.0466160245520654
4875,7,5,2,3,Token 2,Token 3,0.0659587204875652,0.0435055280835675
4876,7,5,2,4,Token 2,Token 4,0.039127507081283,0.0153096181039585
4877,7,5,2,5,Token 2,Token 5,-0.00492184401387852,0.000242245484969518
4878,7,5,2,6,Token 2,Token 6,0.0204667527142959,0.0041888796666814
4879,7,5,2,7,Token 2,.,0.28084433042165,0.788735379299849
4880,7,5,2,8,Token 2,[SEP],-0.0521297921820525,0.0271751523294398
4881,7,5,3,1,Token 3,[CLS],0.0998388798433925,0.0996780192838337
4882,7,5,3,2,Token 3,Token 2,0.0519292310648963,0.0269664503899139
4883,7,5,3,3,Token 3,Token 3,0.17947400102554,0.322109170441155
4884,7,5,3,4,Token 3,Token 4,0.203565083117976,0.414387430648284
4885,7,5,3,5,Token 3,Token 5,-0.114480743603631,0.131058406560402
4886,7,5,3,6,Token 3,Token 6,-0.298327780968942,0.889994648978533
4887,7,5,3,7,Token 3,.,-0.119049175457615,0.141727061771381
4888,7,5,3,8,Token 3,[SEP],0.0745929032526338,0.0556410121565678
4889,7,5,4,1,Token 4,[CLS],0.227736688385406,0.518639992367516
4890,7,5,4,2,Token 4,Token 2,0.0656250683412455,0.0430664959479315
4891,7,5,4,3,Token 4,Token 3,0.242952081961454,0.590257141294051
4892,7,5,4,4,Token 4,Token 4,0.103201733611,0.106505978203157
4893,7,5,4,5,Token 4,Token 5,0.033468144148214,0.0112011667272563
4894,7,5,4,6,Token 4,Token 6,-0.428476244672346,1.83591892248516
4895,7,5,4,7,Token 4,.,0.0680436435619358,0.0462993742918376
4896,7,5,4,8,Token 4,[SEP],-0.0574219635416931,0.0329728189698353
4897,7,5,5,1,Token 5,[CLS],-0.256016778805175,0.655445910297777
4898,7,5,5,2,Token 5,Token 2,0.0720834450990447,0.0519602305734699
4899,7,5,5,3,Token 5,Token 3,0.460151426947832,2.11739335722126
4900,7,5,5,4,Token 5,Token 4,0.289076676893767,0.835653251239438
4901,7,5,5,5,Token 5,Token 5,0.289452884780053,0.837829725074947
4902,7,5,5,6,Token 5,Token 6,-0.0673201578819797,0.0453200365725467
4903,7,5,5,7,Token 5,.,-0.210446906640908,0.442879005147272
4904,7,5,5,8,Token 5,[SEP],-0.246197218018127,0.606130701598655
4905,7,5,6,1,Token 6,[CLS],-0.104347764756822,0.108884560097452
4906,7,5,6,2,Token 6,Token 2,0.238949023897927,0.570966360217722
4907,7,5,6,3,Token 6,Token 3,0.0446661034237299,0.0199506079505934
4908,7,5,6,4,Token 6,Token 4,0.344763204723384,1.18861667331138
4909,7,5,6,5,Token 6,Token 5,0.256170706368476,0.656234308013239
4910,7,5,6,6,Token 6,Token 6,0.479941463864767,2.30343808736655
4911,7,5,6,7,Token 6,.,-0.146908798461383,0.215821950653673
4912,7,5,6,8,Token 6,[SEP],-0.310468749082072,0.963908441565867
4913,7,5,7,1,.,[CLS],-0.108498651304388,0.117719573348712
4914,7,5,7,2,.,Token 2,0.385416077393817,1.48545552713637
4915,7,5,7,3,.,Token 3,0.0593917455943306,0.0352737944474169
4916,7,5,7,4,.,Token 4,0.4903086393813,2.40402561851942
4917,7,5,7,5,.,Token 5,0.0633733301373689,0.0401617897269996
4918,7,5,7,6,.,Token 6,-0.153771772967143,0.236457581614584
4919,7,5,7,7,.,.,0.285475375232894,0.814961898643616
4920,7,5,7,8,.,[SEP],-0.270014233995383,0.729076865601135
4921,7,5,8,1,[SEP],[CLS],0.259457799462342,0.673183497018411
4922,7,5,8,2,[SEP],Token 2,-0.120336935615567,0.14480978073345
4923,7,5,8,3,[SEP],Token 3,0.161548656390632,0.260979683816184
4924,7,5,8,4,[SEP],Token 4,0.203858721190829,0.4155837820556
4925,7,5,8,5,[SEP],Token 5,0.221704655132894,0.491529541075955
4926,7,5,8,6,[SEP],Token 6,-0.444764789266092,1.97815717770911
4927,7,5,8,7,[SEP],.,-0.343952512717909,1.18303331004964
4928,7,5,8,8,[SEP],[SEP],-0.00925834226425021,0.000857169014820016
4929,7,6,1,1,[CLS],[CLS],-0.137814811557629,0.189929222846649
4930,7,6,1,2,[CLS],Token 2,0.10494840272655,0.110141672348541
4931,7,6,1,3,[CLS],Token 3,0.117348685286801,0.137707139385407
4932,7,6,1,4,[CLS],Token 4,0.232440987085098,0.540288124770947
4933,7,6,1,5,[CLS],Token 5,0.123453949276053,0.152408775918542
4934,7,6,1,6,[CLS],Token 6,0.138502343559749,0.191828991715428
4935,7,6,1,7,[CLS],.,0.0544731146281866,0.0296732021729556
4936,7,6,1,8,[CLS],[SEP],-0.652073659399491,4.25200057282643
4937,7,6,2,1,Token 2,[CLS],0.169630376284684,0.287744645584833
4938,7,6,2,2,Token 2,Token 2,0.144042052658187,0.207481129339839
4939,7,6,2,3,Token 2,Token 3,-0.00882251482668329,0.000778367678670465
4940,7,6,2,4,Token 2,Token 4,0.0157534808139649,0.00248172157755959
4941,7,6,2,5,Token 2,Token 5,-0.123216294082751,0.151822551274869
4942,7,6,2,6,Token 2,Token 6,-0.0636068005897092,0.0404582508125903
4943,7,6,2,7,Token 2,.,-0.00272247289219378,7.41185864872995e-05
4944,7,6,2,8,Token 2,[SEP],0.268295709823589,0.719825879097434
4945,7,6,3,1,Token 3,[CLS],-0.139051053025124,0.193351953473958
4946,7,6,3,2,Token 3,Token 2,0.140180849793767,0.196506706489028
4947,7,6,3,3,Token 3,Token 3,-0.0748464185529486,0.0560198637020317
4948,7,6,3,4,Token 3,Token 4,0.217145030949668,0.471519644661321
4949,7,6,3,5,Token 3,Token 5,0.031716979828473,0.0100596680943976
4950,7,6,3,6,Token 3,Token 6,-0.0905489263829988,0.0819910806911375
4951,7,6,3,7,Token 3,.,-0.143449708420404,0.20577818845899
4952,7,6,3,8,Token 3,[SEP],-0.0433369306269926,0.0187808955616876
4953,7,6,4,1,Token 4,[CLS],-0.119838267458858,0.143612103475409
4954,7,6,4,2,Token 4,Token 2,0.109611247337583,0.120146255429009
4955,7,6,4,3,Token 4,Token 3,-0.111430680449322,0.124167965453989
4956,7,6,4,4,Token 4,Token 4,0.0469735452714813,0.022065139553719
4957,7,6,4,5,Token 4,Token 5,0.117886406837287,0.138972049170063
4958,7,6,4,6,Token 4,Token 6,0.0369709543939935,0.0136685146880275
4959,7,6,4,7,Token 4,.,0.0660283635498346,0.0435974479306913
4960,7,6,4,8,Token 4,[SEP],-0.222174245076039,0.493613951751081
4961,7,6,5,1,Token 5,[CLS],0.019958881543468,0.00398356952466187
4962,7,6,5,2,Token 5,Token 2,0.0487126371424946,0.0237292101737635
4963,7,6,5,3,Token 5,Token 3,0.0411972723305905,0.0169721524748084
4964,7,6,5,4,Token 5,Token 4,0.283313789209156,0.802667031560502
4965,7,6,5,5,Token 5,Token 5,-0.35801495565666,1.2817470847384
4966,7,6,5,6,Token 5,Token 6,0.310378819457566,0.963350115678719
4967,7,6,5,7,Token 5,.,0.104388150515912,0.108968859681327
4968,7,6,5,8,Token 5,[SEP],-0.401879619821278,1.61507228827695
4969,7,6,6,1,Token 6,[CLS],0.198983477179284,0.395944241903585
4970,7,6,6,2,Token 6,Token 2,0.214838193750223,0.461554494938583
4971,7,6,6,3,Token 6,Token 3,0.0432279266636825,0.0186865364364071
4972,7,6,6,4,Token 6,Token 4,0.0959508233406137,0.0920656049974167
4973,7,6,6,5,Token 6,Token 5,0.051898786190811,0.0269348400807952
4974,7,6,6,6,Token 6,Token 6,0.0485671864347496,0.0235877159818773
4975,7,6,6,7,Token 6,.,-0.401974728437463,1.61583682302372
4976,7,6,6,8,Token 6,[SEP],-0.126652507543554,0.160408576670699
4977,7,6,7,1,.,[CLS],0.224847258556911,0.505562896805584
4978,7,6,7,2,.,Token 2,0.131504406924922,0.172934090406754
4979,7,6,7,3,.,Token 3,0.0580408156649103,0.033687362830481
4980,7,6,7,4,.,Token 4,0.228878553573614,0.523853922859498
4981,7,6,7,5,.,Token 5,0.0736741807921604,0.0542788491539595
4982,7,6,7,6,.,Token 6,-0.119372116474258,0.142497021915438
4983,7,6,7,7,.,.,0.447962253582702,2.00670180634893
4984,7,6,7,8,.,[SEP],-0.251107532854154,0.630549930561002
4985,7,6,8,1,[SEP],[CLS],0.284825840170889,0.811257592290529
4986,7,6,8,2,[SEP],Token 2,0.020897111328424,0.00436689261872545
4987,7,6,8,3,[SEP],Token 3,-0.119331640070865,0.142400403220024
4988,7,6,8,4,[SEP],Token 4,0.191251939881996,0.365773045086268
4989,7,6,8,5,[SEP],Token 5,-0.190313403755159,0.362191916488742
4990,7,6,8,6,[SEP],Token 6,-0.523402353454099,2.7395002360129
4991,7,6,8,7,[SEP],.,-0.0810409163640745,0.0656763012512892
4992,7,6,8,8,[SEP],[SEP],0.759969212038372,5.77553203246224
4993,7,7,1,1,[CLS],[CLS],0.0544501474252786,0.0296481855463457
4994,7,7,1,2,[CLS],Token 2,-0.0418040075581874,0.0174757504792498
4995,7,7,1,3,[CLS],Token 3,0.0307028614978598,0.00942665704156761
4996,7,7,1,4,[CLS],Token 4,0.202380432718052,0.409578395471459
4997,7,7,1,5,[CLS],Token 5,0.19962231065201,0.398490669100474
4998,7,7,1,6,[CLS],Token 6,-0.0427636087674449,0.0182872623481509
4999,7,7,1,7,[CLS],.,0.216789565959329,0.469977159088342
5000,7,7,1,8,[CLS],[SEP],-0.138639196012472,0.192208266709846
5001,7,7,2,1,Token 2,[CLS],0.264256946538183,0.698317337936841
5002,7,7,2,2,Token 2,Token 2,0.0979862111220528,0.0960129757005551
5003,7,7,2,3,Token 2,Token 3,0.0697835330896486,0.0486974149047408
5004,7,7,2,4,Token 2,Token 4,0.236914245089073,0.561283595261255
5005,7,7,2,5,Token 2,Token 5,-0.0451338586752236,0.0203706519891506
5006,7,7,2,6,Token 2,Token 6,-0.223265974356036,0.498476953051501
5007,7,7,2,7,Token 2,.,0.279165751138635,0.779335166087982
5008,7,7,2,8,Token 2,[SEP],-0.276458883698538,0.764295143758417
5009,7,7,3,1,Token 3,[CLS],0.289915901814886,0.840512301251385
5010,7,7,3,2,Token 3,Token 2,0.241405003252353,0.582763755952686
5011,7,7,3,3,Token 3,Token 3,0.0848490887643885,0.0719936786414708
5012,7,7,3,4,Token 3,Token 4,0.312303366958617,0.975333930136885
5013,7,7,3,5,Token 3,Token 5,0.0670668097052492,0.0449795696404012
5014,7,7,3,6,Token 3,Token 6,-0.395326968695126,1.56283412177677
5015,7,7,3,7,Token 3,.,0.317843532700386,1.01024511279461
5016,7,7,3,8,Token 3,[SEP],-0.323538005393678,1.0467684093412
5017,7,7,4,1,Token 4,[CLS],0.547439321619878,2.99689810855632
5018,7,7,4,2,Token 4,Token 2,0.474695325098569,2.25335651670436
5019,7,7,4,3,Token 4,Token 3,-0.0556210810010358,0.0309370465172379
5020,7,7,4,4,Token 4,Token 4,0.188848752979617,0.356638515019565
5021,7,7,4,5,Token 4,Token 5,0.233096584475825,0.543340176942953
5022,7,7,4,6,Token 4,Token 6,-0.0252428018771509,0.00637199046609092
5023,7,7,4,7,Token 4,.,0.844014260391053,7.12360071743457
5024,7,7,4,8,Token 4,[SEP],-0.322798645325565,1.0419896542402
5025,7,7,5,1,Token 5,[CLS],0.432014988099301,1.86636949942439
5026,7,7,5,2,Token 5,Token 2,-0.0196165841026706,0.00384810371857149
5027,7,7,5,3,Token 5,Token 3,0.209360338733798,0.438317514347305
5028,7,7,5,4,Token 5,Token 4,0.250136366811198,0.625682020015059
5029,7,7,5,5,Token 5,Token 5,0.365376355832049,1.33499881401108
5030,7,7,5,6,Token 5,Token 6,0.143308199956021,0.205372401746348
5031,7,7,5,7,Token 5,.,0.632864578147414,4.00517574273703
5032,7,7,5,8,Token 5,[SEP],-0.322037303062653,1.03708024563867
5033,7,7,6,1,Token 6,[CLS],0.431655464782048,1.86326440276206
5034,7,7,6,2,Token 6,Token 2,0.390301348834739,1.52335142902217
5035,7,7,6,3,Token 6,Token 3,0.00533554210086775,0.000284680095101323
5036,7,7,6,4,Token 6,Token 4,0.4904231737385,2.40514889339743
5037,7,7,6,5,Token 6,Token 5,0.273847066890953,0.74992216044778
5038,7,7,6,6,Token 6,Token 6,0.117403332459119,0.137835424725065
5039,7,7,6,7,Token 6,.,0.436603421505568,1.90622547670368
5040,7,7,6,8,Token 6,[SEP],-0.491177643701897,2.41255477672548
5041,7,7,7,1,.,[CLS],-0.0327680075779196,0.010737423206266
5042,7,7,7,2,.,Token 2,-0.158977162282693,0.252737381274578
5043,7,7,7,3,.,Token 3,-0.068877501661011,0.0474411023506258
5044,7,7,7,4,.,Token 4,-0.037910811768772,0.0143722964896726
5045,7,7,7,5,.,Token 5,-0.0136727967804192,0.00186945371798641
5046,7,7,7,6,.,Token 6,0.0241123784811572,0.00581406796018571
5047,7,7,7,7,.,.,0.492443159609653,2.42500265446338
5048,7,7,7,8,.,[SEP],-0.19284829505861,0.371904649070127
5049,7,7,8,1,[SEP],[CLS],0.178177183375412,0.317471086755954
5050,7,7,8,2,[SEP],Token 2,0.0194541577108628,0.00378464252239122
5051,7,7,8,3,[SEP],Token 3,0.151480375328545,0.229463041096768
5052,7,7,8,4,[SEP],Token 4,0.136777891212934,0.187081915246573
5053,7,7,8,5,[SEP],Token 5,-0.356029802900209,1.26757220553162
5054,7,7,8,6,[SEP],Token 6,-0.413118347675591,1.70666769186211
5055,7,7,8,7,[SEP],.,0.353251992663951,1.24786970321052
5056,7,7,8,8,[SEP],[SEP],0.021243076293093,0.00451268290394171
5057,7,8,1,1,[CLS],[CLS],-0.259296268347224,0.672345547787955
5058,7,8,1,2,[CLS],Token 2,-0.0519721780771024,0.0270110729407805
5059,7,8,1,3,[CLS],Token 3,0.0411236147150115,0.0169115168722871
5060,7,8,1,4,[CLS],Token 4,-0.00677864784463953,0.000459500666016362
5061,7,8,1,5,[CLS],Token 5,-0.0230366717512701,0.00530688245375767
5062,7,8,1,6,[CLS],Token 6,-0.017172400991344,0.00294891355807512
5063,7,8,1,7,[CLS],.,-0.100065888601641,0.10013182061636
5064,7,8,1,8,[CLS],[SEP],0.112427517149758,0.12639946612459
5065,7,8,2,1,Token 2,[CLS],0.259069738446884,0.671171293789371
5066,7,8,2,2,Token 2,Token 2,-0.120485088734274,0.14516656607306
5067,7,8,2,3,Token 2,Token 3,0.147491095552768,0.217536232673557
5068,7,8,2,4,Token 2,Token 4,0.249317800174847,0.621593654840247
5069,7,8,2,5,Token 2,Token 5,-0.00190832805178294,3.64171595322165e-05
5070,7,8,2,6,Token 2,Token 6,0.0513250650607321,0.0263426230348839
5071,7,8,2,7,Token 2,.,0.369543921954798,1.36562710253734
5072,7,8,2,8,Token 2,[SEP],-0.251512654062493,0.632586151535593
5073,7,8,3,1,Token 3,[CLS],0.116161923813218,0.134935925439878
5074,7,8,3,2,Token 3,Token 2,-0.155810739246429,0.242769864645186
5075,7,8,3,3,Token 3,Token 3,0.30777019665888,0.947224939514455
5076,7,8,3,4,Token 3,Token 4,-0.218174031565345,0.475999080494762
5077,7,8,3,5,Token 3,Token 5,-0.178890402732211,0.320017761896925
5078,7,8,3,6,Token 3,Token 6,-0.195407269468377,0.381840009610871
5079,7,8,3,7,Token 3,.,0.00945985929933241,0.000894889379631659
5080,7,8,3,8,Token 3,[SEP],0.20904767198554,0.43700929162574
5081,7,8,4,1,Token 4,[CLS],0.277729100333238,0.7713345317191
5082,7,8,4,2,Token 4,Token 2,-0.22587233303503,0.510183108306877
5083,7,8,4,3,Token 4,Token 3,-0.11509656017369,0.132472181638159
5084,7,8,4,4,Token 4,Token 4,0.0218268413586409,0.00476411003695276
5085,7,8,4,5,Token 4,Token 5,-0.0380213834500083,0.0144562559945256
5086,7,8,4,6,Token 4,Token 6,0.411670603690668,1.69472685943039
5087,7,8,4,7,Token 4,.,0.194517632317668,0.378371092824716
5088,7,8,4,8,Token 4,[SEP],-0.0400595370929759,0.0160476651210351
5089,7,8,5,1,Token 5,[CLS],0.0447409910476496,0.0200175627992587
5090,7,8,5,2,Token 5,Token 2,-0.299234228516721,0.895411235159974
5091,7,8,5,3,Token 5,Token 3,-0.252825740228941,0.639208549223116
5092,7,8,5,4,Token 5,Token 4,0.0616355768192543,0.037989443298422
5093,7,8,5,5,Token 5,Token 5,-0.0646360042955691,0.0417781305129683
5094,7,8,5,6,Token 5,Token 6,-0.340349229607137,1.15837598094172
5095,7,8,5,7,Token 5,.,0.189509788059878,0.359139597705
5096,7,8,5,8,Token 5,[SEP],0.303741682151329,0.922590094761189
5097,7,8,6,1,Token 6,[CLS],0.198551307038778,0.39422621526807
5098,7,8,6,2,Token 6,Token 2,0.130800174078085,0.171086855388575
5099,7,8,6,3,Token 6,Token 3,-0.221815034246397,0.492019094177303
5100,7,8,6,4,Token 6,Token 4,0.371870641689815,1.38287774150795
5101,7,8,6,5,Token 6,Token 5,0.0189663904960615,0.00359723968449091
5102,7,8,6,6,Token 6,Token 6,-0.0987401904695684,0.0974962521396666
5103,7,8,6,7,Token 6,.,0.2616766546963,0.684746716130467
5104,7,8,6,8,Token 6,[SEP],0.0720424135796738,0.0519010935438477
5105,7,8,7,1,.,[CLS],-0.0707752123930377,0.050091306892796
5106,7,8,7,2,.,Token 2,0.074965717114221,0.0561985874244941
5107,7,8,7,3,.,Token 3,0.156943539756399,0.246312746712683
5108,7,8,7,4,.,Token 4,0.532594905926144,2.83657333818478
5109,7,8,7,5,.,Token 5,0.0470100307686372,0.0220994299286821
5110,7,8,7,6,.,Token 6,0.139225479122758,0.193837340369616
5111,7,8,7,7,.,.,0.0271203968268341,0.00735515924044954
5112,7,8,7,8,.,[SEP],-0.282434845625271,0.797694420233705
5113,7,8,8,1,[SEP],[CLS],0.263803806107619,0.695924481168663
5114,7,8,8,2,[SEP],Token 2,0.212797632061453,0.452828322109615
5115,7,8,8,3,[SEP],Token 3,0.262310416739674,0.688067547301416
5116,7,8,8,4,[SEP],Token 4,0.589002705191843,3.46924186723309
5117,7,8,8,5,[SEP],Token 5,0.0238814147129809,0.00570321968693381
5118,7,8,8,6,[SEP],Token 6,-0.0578491253506499,0.0334652130383521
5119,7,8,8,7,[SEP],.,0.10515633770452,0.11057855359427
5120,7,8,8,8,[SEP],[SEP],-0.443250974842528,1.96471426698851
5121,7,9,1,1,[CLS],[CLS],0.182199865542161,0.331967910035816
5122,7,9,1,2,[CLS],Token 2,0.309859400771337,0.960128482463718
5123,7,9,1,3,[CLS],Token 3,0.209863224323776,0.440425729235718
5124,7,9,1,4,[CLS],Token 4,0.291608692666128,0.850356296384484
5125,7,9,1,5,[CLS],Token 5,-0.223922694057464,0.501413729139525
5126,7,9,1,6,[CLS],Token 6,-0.109058463516154,0.118937484645043
5127,7,9,1,7,[CLS],.,-0.0352226534012141,0.0124063531262206
5128,7,9,1,8,[CLS],[SEP],-0.161151336674127,0.25969753311858
5129,7,9,2,1,Token 2,[CLS],0.172782844858664,0.29853911477453
5130,7,9,2,2,Token 2,Token 2,0.341909030837455,1.16901785368208
5131,7,9,2,3,Token 2,Token 3,0.202012591277318,0.408090870345768
5132,7,9,2,4,Token 2,Token 4,0.100162310844768,0.100324885137639
5133,7,9,2,5,Token 2,Token 5,0.158712365771099,0.25189615048659
5134,7,9,2,6,Token 2,Token 6,0.0527294160833074,0.0278039132048656
5135,7,9,2,7,Token 2,.,0.554164291612516,3.07098062098401
5136,7,9,2,8,Token 2,[SEP],-0.461078885040974,2.12593738230628
5137,7,9,3,1,Token 3,[CLS],0.0778535139937169,0.0606116964116987
5138,7,9,3,2,Token 3,Token 2,0.180896256215307,0.327234555127141
5139,7,9,3,3,Token 3,Token 3,0.203833413971097,0.415480606511127
5140,7,9,3,4,Token 3,Token 4,0.383025417875985,1.46708470739073
5141,7,9,3,5,Token 3,Token 5,0.116711287912752,0.136215247262533
5142,7,9,3,6,Token 3,Token 6,0.0647151359139167,0.0418804881635671
5143,7,9,3,7,Token 3,.,0.248995276550411,0.619986477444156
5144,7,9,3,8,Token 3,[SEP],-0.317044915524119,1.00517478459695
5145,7,9,4,1,Token 4,[CLS],-0.073653368108946,0.054248186337919
5146,7,9,4,2,Token 4,Token 2,0.183134389303468,0.335382045455541
5147,7,9,4,3,Token 4,Token 3,0.372966899226854,1.39104307918894
5148,7,9,4,4,Token 4,Token 4,0.287157422261614,0.824593851599347
5149,7,9,4,5,Token 4,Token 5,0.083235124376921,0.0692808593004152
5150,7,9,4,6,Token 4,Token 6,0.182110677379979,0.331642988157947
5151,7,9,4,7,Token 4,.,0.335341829272725,1.12454142459977
5152,7,9,4,8,Token 4,[SEP],-0.336563472137293,1.13274970777111
5153,7,9,5,1,Token 5,[CLS],0.0300920667639069,0.00905532482123432
5154,7,9,5,2,Token 5,Token 2,-0.0552564088173631,0.0305327071539156
5155,7,9,5,3,Token 5,Token 3,0.336615618256308,1.13310074454076
5156,7,9,5,4,Token 5,Token 4,0.0735981531436952,0.0541668814616281
5157,7,9,5,5,Token 5,Token 5,-0.172733160238004,0.298367446458079
5158,7,9,5,6,Token 5,Token 6,-0.283149462184649,0.801736179354561
5159,7,9,5,7,Token 5,.,0.335164792715705,1.12335438276162
5160,7,9,5,8,Token 5,[SEP],0.0992336863414449,0.0984732450491227
5161,7,9,6,1,Token 6,[CLS],-0.0511016592782698,0.0261137958099238
5162,7,9,6,2,Token 6,Token 2,-0.17327428191135,0.300239767718941
5163,7,9,6,3,Token 6,Token 3,0.170667698633829,0.291274633569674
5164,7,9,6,4,Token 6,Token 4,-0.26441843420735,0.699171083486667
5165,7,9,6,5,Token 6,Token 5,-0.145975750551584,0.213089197490982
5166,7,9,6,6,Token 6,Token 6,0.185727618375706,0.34494748227512
5167,7,9,6,7,Token 6,.,0.232917597089354,0.542506070338788
5168,7,9,6,8,Token 6,[SEP],-0.0432092234384018,0.0186703699014973
5169,7,9,7,1,.,[CLS],0.175607329722305,0.308379342521982
5170,7,9,7,2,.,Token 2,-0.0207432978296058,0.00430284404847727
5171,7,9,7,3,.,Token 3,0.198493713482011,0.393997542918787
5172,7,9,7,4,.,Token 4,0.0780630876339979,0.0609384565095323
5173,7,9,7,5,.,Token 5,-0.411689425397172,1.69488182983853
5174,7,9,7,6,.,Token 6,0.235258030098972,0.553463407260486
5175,7,9,7,7,.,.,-0.422100413974408,1.78168759477367
5176,7,9,7,8,.,[SEP],-0.154375440120009,0.238317765122466
5177,7,9,8,1,[SEP],[CLS],0.244206811111053,0.596369665930293
5178,7,9,8,2,[SEP],Token 2,-0.495643990484422,2.45662965303322
5179,7,9,8,3,[SEP],Token 3,-0.0142991984516749,0.00204467076360382
5180,7,9,8,4,[SEP],Token 4,-0.26325672592265,0.693041037435132
5181,7,9,8,5,[SEP],Token 5,-0.167824329696194,0.281650056379768
5182,7,9,8,6,[SEP],Token 6,-0.200842174776801,0.403375791690752
5183,7,9,8,7,[SEP],.,-0.365559288505919,1.33633593412954
5184,7,9,8,8,[SEP],[SEP],0.386813940768998,1.49625024773242
5185,7,10,1,1,[CLS],[CLS],0.118099246171763,0.139474319463387
5186,7,10,1,2,[CLS],Token 2,0.320826114752409,1.02929395907126
5187,7,10,1,3,[CLS],Token 3,0.0976209532691717,0.095298505171818
5188,7,10,1,4,[CLS],Token 4,0.315718711517314,0.996783048021528
5189,7,10,1,5,[CLS],Token 5,-0.136327865654037,0.185852869537851
5190,7,10,1,6,[CLS],Token 6,-0.602472606446176,3.62973241518049
5191,7,10,1,7,[CLS],.,0.0363094674503185,0.0131837742652574
5192,7,10,1,8,[CLS],[SEP],-0.0987720946239354,0.0975592667639967
5193,7,10,2,1,Token 2,[CLS],0.45016738983347,2.02650678869479
5194,7,10,2,2,Token 2,Token 2,-0.0672650074663361,0.0452458122944625
5195,7,10,2,3,Token 2,Token 3,-0.0288361957377112,0.00831526184623594
5196,7,10,2,4,Token 2,Token 4,0.124623326337331,0.155309734673809
5197,7,10,2,5,Token 2,Token 5,-0.373806399528125,1.3973122432818
5198,7,10,2,6,Token 2,Token 6,0.00384443196910032,0.000147796571650406
5199,7,10,2,7,Token 2,.,-0.120788101008501,0.145897653452398
5200,7,10,2,8,Token 2,[SEP],-0.102295762544191,0.104644230344974
5201,7,10,3,1,Token 3,[CLS],0.146027051645843,0.213238998123776
5202,7,10,3,2,Token 3,Token 2,0.0541261102763664,0.0292963581364938
5203,7,10,3,3,Token 3,Token 3,-0.0239861474791586,0.00575335270891946
5204,7,10,3,4,Token 3,Token 4,0.0170893041462993,0.00292044316204721
5205,7,10,3,5,Token 3,Token 5,-0.21894879408607,0.479385744317442
5206,7,10,3,6,Token 3,Token 6,-0.0230936801258553,0.00533318061755324
5207,7,10,3,7,Token 3,.,-0.169482608160559,0.287243544689057
5208,7,10,3,8,Token 3,[SEP],-0.0269400962653266,0.00725768786785065
5209,7,10,4,1,Token 4,[CLS],0.077096987136448,0.0594394542551763
5210,7,10,4,2,Token 4,Token 2,-0.170800948545952,0.291729640241969
5211,7,10,4,3,Token 4,Token 3,-0.0018430898137224,3.39698006144726e-05
5212,7,10,4,4,Token 4,Token 4,0.0163544768964792,0.00267468914557471
5213,7,10,4,5,Token 4,Token 5,-0.155843424369281,0.242871729191439
5214,7,10,4,6,Token 4,Token 6,0.371220182613771,1.37804423979802
5215,7,10,4,7,Token 4,.,-0.0883241092746456,0.0780114827915953
5216,7,10,4,8,Token 4,[SEP],0.0403036368225664,0.0162438314112533
5217,7,10,5,1,Token 5,[CLS],-0.00318359669025019,0.00010135287886172
5218,7,10,5,2,Token 5,Token 2,-0.158478541629612,0.251154481570487
5219,7,10,5,3,Token 5,Token 3,-0.059376695342452,0.0352559194979036
5220,7,10,5,4,Token 5,Token 4,0.25228267280422,0.636465469972413
5221,7,10,5,5,Token 5,Token 5,0.0179735045883399,0.00323046867187074
5222,7,10,5,6,Token 5,Token 6,-0.190585296839873,0.363227553715425
5223,7,10,5,7,Token 5,.,-0.0952045789729436,0.0906391185741545
5224,7,10,5,8,Token 5,[SEP],-0.147055970092761,0.216254583399229
5225,7,10,6,1,Token 6,[CLS],0.425854669645024,1.81352199658473
5226,7,10,6,2,Token 6,Token 2,0.294475307832642,0.867157069231293
5227,7,10,6,3,Token 6,Token 3,-0.124591505759375,0.155230433073884
5228,7,10,6,4,Token 6,Token 4,0.174004774046334,0.302776613909157
5229,7,10,6,5,Token 6,Token 5,-0.574940272702385,3.30556317175093
5230,7,10,6,6,Token 6,Token 6,-0.254669872406753,0.648567439116717
5231,7,10,6,7,Token 6,.,-0.103696430377357,0.10752949673006
5232,7,10,6,8,Token 6,[SEP],0.142970042992502,0.204404331932777
5233,7,10,7,1,.,[CLS],0.470725440234883,2.21582440084324
5234,7,10,7,2,.,Token 2,0.492650723565511,2.42704735429621
5235,7,10,7,3,.,Token 3,-0.000561117659225684,3.14853027494911e-06
5236,7,10,7,4,.,Token 4,0.649117930692178,4.21354087946094
5237,7,10,7,5,.,Token 5,0.0306331843138335,0.00938391981205294
5238,7,10,7,6,.,Token 6,-0.152567493476267,0.232768400656309
5239,7,10,7,7,.,.,0.519761642785368,2.70152165310944
5240,7,10,7,8,.,[SEP],-0.269186500660745,0.724613721379774
5241,7,10,8,1,[SEP],[CLS],0.527245980174319,2.77988323609978
5242,7,10,8,2,[SEP],Token 2,0.0435732161457391,0.018986251652833
5243,7,10,8,3,[SEP],Token 3,0.0309054910037025,0.00955149374179935
5244,7,10,8,4,[SEP],Token 4,0.266741483364926,0.711510189477212
5245,7,10,8,5,[SEP],Token 5,-0.223213041125365,0.49824061728434
5246,7,10,8,6,[SEP],Token 6,-0.517395680239294,2.67698289930282
5247,7,10,8,7,[SEP],.,0.0467470450165138,0.0218528621777597
5248,7,10,8,8,[SEP],[SEP],-0.0660689526311613,0.0436510650177864
5249,7,11,1,1,[CLS],[CLS],0.261753724252524,0.685150121600665
5250,7,11,1,2,[CLS],Token 2,0.0613613312043374,0.0376521296716839
5251,7,11,1,3,[CLS],Token 3,-0.197526872524895,0.39016865369466
5252,7,11,1,4,[CLS],Token 4,0.488581650667863,2.38712029369334
5253,7,11,1,5,[CLS],Token 5,0.135995248318314,0.184947075651599
5254,7,11,1,6,[CLS],Token 6,-0.102769275502278,0.105615239872631
5255,7,11,1,7,[CLS],.,0.602155539856373,3.6259129417972
5256,7,11,1,8,[CLS],[SEP],-0.042160442352989,0.0177750289939971
5257,7,11,2,1,Token 2,[CLS],-0.0343204287435406,0.0117789182914045
5258,7,11,2,2,Token 2,Token 2,-0.0113913705974895,0.00129763324089349
5259,7,11,2,3,Token 2,Token 3,0.0730992295512472,0.0534349736098594
5260,7,11,2,4,Token 2,Token 4,0.1281534874061,0.164233163343453
5261,7,11,2,5,Token 2,Token 5,0.116144706587742,0.134895928683527
5262,7,11,2,6,Token 2,Token 6,0.305468238542517,0.93310844758268
5263,7,11,2,7,Token 2,.,-0.162327715191969,0.263502871194451
5264,7,11,2,8,Token 2,[SEP],-0.134613505623316,0.181207958961985
5265,7,11,3,1,Token 3,[CLS],-0.00430676637419194,0.000185482366018704
5266,7,11,3,2,Token 3,Token 2,0.0825601528939245,0.0681617884586819
5267,7,11,3,3,Token 3,Token 3,0.111616708750529,0.124582896723005
5268,7,11,3,4,Token 3,Token 4,0.26351216088318,0.694386589333232
5269,7,11,3,5,Token 3,Token 5,-0.123282162656463,0.151984916292546
5270,7,11,3,6,Token 3,Token 6,0.2925792725532,0.856026307277595
5271,7,11,3,7,Token 3,.,-0.264098669087237,0.697481070136498
5272,7,11,3,8,Token 3,[SEP],-0.149763112630898,0.224289899048952
5273,7,11,4,1,Token 4,[CLS],0.119012523926439,0.141639808513413
5274,7,11,4,2,Token 4,Token 2,-0.00436358724868605,0.000190408936768954
5275,7,11,4,3,Token 4,Token 3,0.0295095618045235,0.00870814237894992
5276,7,11,4,4,Token 4,Token 4,-0.158722704183082,0.251928968231903
5277,7,11,4,5,Token 4,Token 5,0.227021672453146,0.515388397634235
5278,7,11,4,6,Token 4,Token 6,0.375953835088954,1.41341286118093
5279,7,11,4,7,Token 4,.,0.209588931764062,0.439275203180005
5280,7,11,4,8,Token 4,[SEP],-0.0657079309229413,0.0431753218617403
5281,7,11,5,1,Token 5,[CLS],0.558215221960607,3.11604234028529
5282,7,11,5,2,Token 5,Token 2,-0.368674190172745,1.3592065849953
5283,7,11,5,3,Token 5,Token 3,-0.100453733763343,0.100909526269967
5284,7,11,5,4,Token 5,Token 4,0.0612794674619193,0.0375517313241643
5285,7,11,5,5,Token 5,Token 5,0.130296490282189,0.169771753798567
5286,7,11,5,6,Token 5,Token 6,0.131882705069355,0.173930478964104
5287,7,11,5,7,Token 5,.,0.257945664101385,0.665359656287044
5288,7,11,5,8,Token 5,[SEP],0.101338286325191,0.102694482753264
5289,7,11,6,1,Token 6,[CLS],0.325709685734248,1.06086799381102
5290,7,11,6,2,Token 6,Token 2,-0.185463610846097,0.343967509480725
5291,7,11,6,3,Token 6,Token 3,0.018263996091218,0.00333573553220025
5292,7,11,6,4,Token 6,Token 4,0.286705212626239,0.821998789470571
5293,7,11,6,5,Token 6,Token 5,0.00497881409835301,0.000247885898259587
5294,7,11,6,6,Token 6,Token 6,0.00766311050148049,0.000587232625579005
5295,7,11,6,7,Token 6,.,-0.147196869851798,0.21666918494167
5296,7,11,6,8,Token 6,[SEP],-0.146974690672359,0.216015596982357
5297,7,11,7,1,.,[CLS],0.303364068812084,0.920297582462233
5298,7,11,7,2,.,Token 2,0.174272012235574,0.30370734248636
5299,7,11,7,3,.,Token 3,-0.212918993630108,0.453344978484579
5300,7,11,7,4,.,Token 4,0.310663794697168,0.965119933356439
5301,7,11,7,5,.,Token 5,0.0657350376206787,0.0432109517099205
5302,7,11,7,6,.,Token 6,-0.293821331279874,0.863309747150777
5303,7,11,7,7,.,.,0.245719771469633,0.603782060910889
5304,7,11,7,8,.,[SEP],0.295563703487245,0.873579028190959
5305,7,11,8,1,[SEP],[CLS],0.363267155779381,1.31963026468041
5306,7,11,8,2,[SEP],Token 2,-0.0959496707793819,0.0920633932267177
5307,7,11,8,3,[SEP],Token 3,0.00864855052022063,0.000747974261008086
5308,7,11,8,4,[SEP],Token 4,0.157967615903838,0.249537676743424
5309,7,11,8,5,[SEP],Token 5,0.0923911191406895,0.0853611889606909
5310,7,11,8,6,[SEP],Token 6,0.163662677672205,0.267854720628362
5311,7,11,8,7,[SEP],.,0.0938033210077007,0.0879906303207373
5312,7,11,8,8,[SEP],[SEP],-0.226802485813031,0.514393675709703
5313,7,12,1,1,[CLS],[CLS],0.542221199712092,2.9400382941722
5314,7,12,1,2,[CLS],Token 2,0.0444310898469797,0.0197412174499038
5315,7,12,1,3,[CLS],Token 3,0.22045421243717,0.486000597812928
5316,7,12,1,4,[CLS],Token 4,0.294021661451351,0.864487374026127
5317,7,12,1,5,[CLS],Token 5,0.0529407204174276,0.0280271987831624
5318,7,12,1,6,[CLS],Token 6,-0.153096330315769,0.234384863561552
5319,7,12,1,7,[CLS],.,0.39490344472766,1.55948730657773
5320,7,12,1,8,[CLS],[SEP],-0.48312055833098,2.33405473882038
5321,7,12,2,1,Token 2,[CLS],0.564187036499458,3.1830701215404
5322,7,12,2,2,Token 2,Token 2,0.145119124260326,0.21059560226084
5323,7,12,2,3,Token 2,Token 3,0.128337234145239,0.164704456680498
5324,7,12,2,4,Token 2,Token 4,0.380469001454759,1.44756661067981
5325,7,12,2,5,Token 2,Token 5,-0.0628544850265517,0.0395068628795301
5326,7,12,2,6,Token 2,Token 6,-0.243737975155051,0.594082005326843
5327,7,12,2,7,Token 2,.,0.100902741365806,0.101813632151347
5328,7,12,2,8,Token 2,[SEP],-0.547732690873733,3.0001110065178
5329,7,12,3,1,Token 3,[CLS],0.0692382018930371,0.0479392860138097
5330,7,12,3,2,Token 3,Token 2,0.180700155280091,0.32652546118249
5331,7,12,3,3,Token 3,Token 3,-0.100842803496763,0.101692710170868
5332,7,12,3,4,Token 3,Token 4,-0.044671758624101,0.0199556601856994
5333,7,12,3,5,Token 3,Token 5,-0.0961754763085334,0.0924972224317328
5334,7,12,3,6,Token 3,Token 6,-0.459425675621333,2.11071951420118
5335,7,12,3,7,Token 3,.,-0.0302811602047419,0.00916948663345245
5336,7,12,3,8,Token 3,[SEP],-0.144452947508826,0.208666540439877
5337,7,12,4,1,Token 4,[CLS],0.591313863932777,3.4965208567911
5338,7,12,4,2,Token 4,Token 2,0.00439726018488884,0.000193358971336086
5339,7,12,4,3,Token 4,Token 3,0.154056671829384,0.237334581351465
5340,7,12,4,4,Token 4,Token 4,-0.52775659215107,2.78527020558911
5341,7,12,4,5,Token 4,Token 5,-0.339343538939968,1.15154037420302
5342,7,12,4,6,Token 4,Token 6,0.0330302895635806,0.0109100002865398
5343,7,12,4,7,Token 4,.,0.162321275383556,0.263481964421443
5344,7,12,4,8,Token 4,[SEP],-0.0860623612848424,0.0740673002992274
5345,7,12,5,1,Token 5,[CLS],-0.0136221312685609,0.00185562460297905
5346,7,12,5,2,Token 5,Token 2,0.27201278315365,0.739909541989946
5347,7,12,5,3,Token 5,Token 3,0.334028682264617,1.11575160575437
5348,7,12,5,4,Token 5,Token 4,-0.0692584300650896,0.0479673013508089
5349,7,12,5,5,Token 5,Token 5,0.226585815872075,0.513411319544139
5350,7,12,5,6,Token 5,Token 6,0.264836443101886,0.701383415948582
5351,7,12,5,7,Token 5,.,0.0204926786210658,0.00419949877066289
5352,7,12,5,8,Token 5,[SEP],-0.0672166347557248,0.0451807598788451
5353,7,12,6,1,Token 6,[CLS],0.147645612909976,0.217992270115623
5354,7,12,6,2,Token 6,Token 2,0.290785245950675,0.845560592625948
5355,7,12,6,3,Token 6,Token 3,0.242087568912911,0.586063910221632
5356,7,12,6,4,Token 6,Token 4,-0.258408735033336,0.667750743415287
5357,7,12,6,5,Token 6,Token 5,0.021733914689703,0.0047236304773929
5358,7,12,6,6,Token 6,Token 6,0.0272940472427324,0.00744965014888507
5359,7,12,6,7,Token 6,.,0.0308953196344577,0.0095452077531531
5360,7,12,6,8,Token 6,[SEP],0.013399201657321,0.00179538605053555
5361,7,12,7,1,.,[CLS],0.955518715318729,9.13016015324352
5362,7,12,7,2,.,Token 2,0.0571565315464903,0.0326686909842494
5363,7,12,7,3,.,Token 3,0.29680140705544,0.880910752300888
5364,7,12,7,4,.,Token 4,0.355704450194483,1.26525655888159
5365,7,12,7,5,.,Token 5,0.0254792243339021,0.00649190872657311
5366,7,12,7,6,.,Token 6,0.0270616367225666,0.00732332182104163
5367,7,12,7,7,.,.,0.34988227324433,1.2241760513062
5368,7,12,7,8,.,[SEP],-0.202696262937647,0.410857750088878
5369,7,12,8,1,[SEP],[CLS],0.413174687860627,1.70713322688726
5370,7,12,8,2,[SEP],Token 2,-0.00325310323460702,0.000105826806550107
5371,7,12,8,3,[SEP],Token 3,0.0622037137729342,0.0386930200714512
5372,7,12,8,4,[SEP],Token 4,0.148823832470186,0.221485331111141
5373,7,12,8,5,[SEP],Token 5,-0.00372663354142861,0.000138877975521008
5374,7,12,8,6,[SEP],Token 6,-0.562545259026936,3.16457168453682
5375,7,12,8,7,[SEP],.,-0.656101192318808,4.30468774562161
5376,7,12,8,8,[SEP],[SEP],0.130818836875455,0.171135680814469
5377,8,1,1,1,[CLS],[CLS],-0.944402912637553,8.91896861398294
5378,8,1,1,2,[CLS],Token 2,-0.446999989272723,1.99808990409815
5379,8,1,1,3,[CLS],Token 3,-0.298838701407617,0.893045694589909
5380,8,1,1,4,[CLS],Token 4,-0.247048369362821,0.61032896804829
5381,8,1,1,5,[CLS],Token 5,0.170090837842716,0.289308931180372
5382,8,1,1,6,[CLS],Token 6,-0.126726982549255,0.160597281060392
5383,8,1,1,7,[CLS],.,-1.14929021964087,13.2086800896216
5384,8,1,1,8,[CLS],[SEP],0.860244292537255,7.40020242842923
5385,8,1,2,1,Token 2,[CLS],-0.729413668095306,5.3204429920425
5386,8,1,2,2,Token 2,Token 2,-0.649364667862377,4.21674471868015
5387,8,1,2,3,Token 2,Token 3,-0.405474041682446,1.64409198478298
5388,8,1,2,4,Token 2,Token 4,-0.617753750726241,3.81619696536339
5389,8,1,2,5,Token 2,Token 5,-0.354485425014384,1.25659916547628
5390,8,1,2,6,Token 2,Token 6,-0.0571681040952961,0.0326819212585061
5391,8,1,2,7,Token 2,.,-0.878192704497465,7.71222426232572
5392,8,1,2,8,Token 2,[SEP],0.697675153013377,4.86750619132239
5393,8,1,3,1,Token 3,[CLS],-0.269608510919317,0.726887491601314
5394,8,1,3,2,Token 3,Token 2,-0.163536536478406,0.267441987633531
5395,8,1,3,3,Token 3,Token 3,-0.440832159102362,1.9433299249885
5396,8,1,3,4,Token 3,Token 4,-0.206160165740474,0.425020139381398
5397,8,1,3,5,Token 3,Token 5,-0.193781972169227,0.375514527377952
5398,8,1,3,6,Token 3,Token 6,0.0927430270795134,0.0860126907187136
5399,8,1,3,7,Token 3,.,-0.0749316065007366,0.0561474565278122
5400,8,1,3,8,Token 3,[SEP],0.231918221775845,0.537860615916701
5401,8,1,4,1,Token 4,[CLS],-0.721699160060901,5.20849677632609
5402,8,1,4,2,Token 4,Token 2,-0.544305429538584,2.96268400625182
5403,8,1,4,3,Token 4,Token 3,0.0414294289533609,0.0171639758340157
5404,8,1,4,4,Token 4,Token 4,-0.930445505132294,8.65728838020889
5405,8,1,4,5,Token 4,Token 5,-0.832305958678567,6.92733208851849
5406,8,1,4,6,Token 4,Token 6,-0.180575584681825,0.326075417831829
5407,8,1,4,7,Token 4,.,-0.188102558465471,0.35382572501256
5408,8,1,4,8,Token 4,[SEP],0.591023478637097,3.49308752300295
5409,8,1,5,1,Token 5,[CLS],-0.280844788826104,0.788737954107788
5410,8,1,5,2,Token 5,Token 2,-0.0136615624049554,0.0018663828734449
5411,8,1,5,3,Token 5,Token 3,-0.13778765499279,0.189854378684122
5412,8,1,5,4,Token 5,Token 4,-0.47806165302481,2.28542944092814
5413,8,1,5,5,Token 5,Token 5,-0.416164293175798,1.73192718914512
5414,8,1,5,6,Token 5,Token 6,-0.0850121561128521,0.0722706668695592
5415,8,1,5,7,Token 5,.,0.0639638285694531,0.0409137136526239
5416,8,1,5,8,Token 5,[SEP],0.466805774762866,2.17907631351959
5417,8,1,6,1,Token 6,[CLS],0.0605891902912633,0.0367104998015092
5418,8,1,6,2,Token 6,Token 2,-0.0572918970392564,0.0328236146635676
5419,8,1,6,3,Token 6,Token 3,-0.0771249036920742,0.0594825076951172
5420,8,1,6,4,Token 6,Token 4,-0.415002810572351,1.72227332782951
5421,8,1,6,5,Token 6,Token 5,-0.472368126101046,2.23131646556214
5422,8,1,6,6,Token 6,Token 6,0.0574270454406294,0.0329786554804011
5423,8,1,6,7,Token 6,.,0.51938489296809,2.69760667043475
5424,8,1,6,8,Token 6,[SEP],0.491315308656986,2.4139073252071
5425,8,1,7,1,.,[CLS],-0.948340220545843,8.99349173904938
5426,8,1,7,2,.,Token 2,-0.27142792645503,0.73673119259677
5427,8,1,7,3,.,Token 3,0.0706084119626052,0.0498554783988098
5428,8,1,7,4,.,Token 4,-0.225459655724672,0.508320563594877
5429,8,1,7,5,.,Token 5,0.237037237021932,0.561866517349913
5430,8,1,7,6,.,Token 6,0.445097800563587,1.98112052066542
5431,8,1,7,7,.,.,-1.00279777526595,10.0560337807834
5432,8,1,7,8,.,[SEP],0.261620058436197,0.684450549761589
5433,8,1,8,1,[SEP],[CLS],0.0447186732562465,0.0199975973779894
5434,8,1,8,2,[SEP],Token 2,0.237515122041109,0.564134331982031
5435,8,1,8,3,[SEP],Token 3,-0.0912900241268449,0.0833386850507993
5436,8,1,8,4,[SEP],Token 4,0.123848693682338,0.153384989268217
5437,8,1,8,5,[SEP],Token 5,0.214013071335754,0.458015947025623
5438,8,1,8,6,[SEP],Token 6,0.286943640361535,0.823366527439298
5439,8,1,8,7,[SEP],.,-0.785770240240317,6.17434870447326
5440,8,1,8,8,[SEP],[SEP],0.220885496483247,0.487904025566507
5441,8,2,1,1,[CLS],[CLS],-0.780352664814551,6.08950281483171
5442,8,2,1,2,[CLS],Token 2,0.248594839735326,0.617993943430326
5443,8,2,1,3,[CLS],Token 3,-0.178058788854779,0.317049322884306
5444,8,2,1,4,[CLS],Token 4,-0.0903674397061207,0.0816627415903936
5445,8,2,1,5,[CLS],Token 5,-0.174872314940059,0.305803265324952
5446,8,2,1,6,[CLS],Token 6,0.142293318094842,0.2024738837444
5447,8,2,1,7,[CLS],.,-0.604280643923879,3.65155096621057
5448,8,2,1,8,[CLS],[SEP],0.58800488648202,3.45749746526734
5449,8,2,2,1,Token 2,[CLS],-0.0783110005481104,0.0613261280684615
5450,8,2,2,2,Token 2,Token 2,0.347372053403903,1.20667343486044
5451,8,2,2,3,Token 2,Token 3,-0.0106754212928397,0.00113964619779614
5452,8,2,2,4,Token 2,Token 4,-0.170197705998048,0.289672591269982
5453,8,2,2,5,Token 2,Token 5,0.100731920662345,0.10146919840325
5454,8,2,2,6,Token 2,Token 6,-0.309429154546916,0.957464016836193
5455,8,2,2,7,Token 2,.,0.341347911707884,1.16518396827333
5456,8,2,2,8,Token 2,[SEP],0.416020621327702,1.73073157369887
5457,8,2,3,1,Token 3,[CLS],-0.212656964593293,0.452229845900331
5458,8,2,3,2,Token 3,Token 2,-0.0375019419208986,0.0140639564783845
5459,8,2,3,3,Token 3,Token 3,-0.125216984250642,0.156792931448256
5460,8,2,3,4,Token 3,Token 4,-0.24013202828787,0.576633910096465
5461,8,2,3,5,Token 3,Token 5,-0.129653069960487,0.168099185501789
5462,8,2,3,6,Token 3,Token 6,0.123081091700903,0.151489551342862
5463,8,2,3,7,Token 3,.,0.167574851061361,0.280813307082373
5464,8,2,3,8,Token 3,[SEP],0.0718580725692348,0.0516358259336541
5465,8,2,4,1,Token 4,[CLS],-0.119621629821429,0.14309334321135
5466,8,2,4,2,Token 4,Token 2,-0.0727603587061703,0.0529406979905057
5467,8,2,4,3,Token 4,Token 3,-0.100186003219119,0.100372352410213
5468,8,2,4,4,Token 4,Token 4,-0.0645748469602887,0.041699108599447
5469,8,2,4,5,Token 4,Token 5,-0.160924388652207,0.258966588630865
5470,8,2,4,6,Token 4,Token 6,-0.0559154013531235,0.0312653210848089
5471,8,2,4,7,Token 4,.,0.655699627346101,4.29942001301816
5472,8,2,4,8,Token 4,[SEP],0.17372065910685,0.301788674005186
5473,8,2,5,1,Token 5,[CLS],0.307102299546623,0.943118223868235
5474,8,2,5,2,Token 5,Token 2,-0.0657067598463099,0.0431737828950065
5475,8,2,5,3,Token 5,Token 3,-0.160747899807271,0.258398872924485
5476,8,2,5,4,Token 5,Token 4,0.079662956702176,0.0634618667053277
5477,8,2,5,5,Token 5,Token 5,0.408353688696254,1.66752735071837
5478,8,2,5,6,Token 5,Token 6,-0.347423126146991,1.20702828581748
5479,8,2,5,7,Token 5,.,0.970748178524527,9.42352026108687
5480,8,2,5,8,Token 5,[SEP],0.172825255297791,0.298685688687468
5481,8,2,6,1,Token 6,[CLS],0.0501318097298066,0.0251319834678553
5482,8,2,6,2,Token 6,Token 2,0.292952503540609,0.858211693307106
5483,8,2,6,3,Token 6,Token 3,-0.0804061440989955,0.0646514800886844
5484,8,2,6,4,Token 6,Token 4,0.124567297118886,0.155170115115047
5485,8,2,6,5,Token 6,Token 5,0.177053706953508,0.313480151459788
5486,8,2,6,6,Token 6,Token 6,0.079732769836985,0.0635731458587762
5487,8,2,6,7,Token 6,.,0.423529952402633,1.79377620582177
5488,8,2,6,8,Token 6,[SEP],-0.199513508492038,0.398056400708025
5489,8,2,7,1,.,[CLS],-0.665845941592543,4.4335081793526
5490,8,2,7,2,.,Token 2,0.195881179275656,0.383694363944215
5491,8,2,7,3,.,Token 3,-0.123407205396123,0.152293383436809
5492,8,2,7,4,.,Token 4,0.0395719553649555,0.0156593965140604
5493,8,2,7,5,.,Token 5,-0.125354008763174,0.15713627512998
5494,8,2,7,6,.,Token 6,-0.279077042398118,0.778839955936812
5495,8,2,7,7,.,.,-0.270578041513946,0.732124765495225
5496,8,2,7,8,.,[SEP],0.581071048263761,3.37643563130346
5497,8,2,8,1,[SEP],[CLS],-0.718741526039991,5.16589381254295
5498,8,2,8,2,[SEP],Token 2,-0.305874852698339,0.935594255132304
5499,8,2,8,3,[SEP],Token 3,-0.208216965510902,0.433543047265679
5500,8,2,8,4,[SEP],Token 4,-0.32705087675614,1.0696227598696
5501,8,2,8,5,[SEP],Token 5,-0.273786394725319,0.749589899366883
5502,8,2,8,6,[SEP],Token 6,-0.455718401885427,2.07679261817007
5503,8,2,8,7,[SEP],.,-0.302988434644973,0.91801991528611
5504,8,2,8,8,[SEP],[SEP],0.71615310991576,5.12875276842014
5505,8,3,1,1,[CLS],[CLS],0.126757097614917,0.160673617957576
5506,8,3,1,2,[CLS],Token 2,0.320785423970326,1.02903288231822
5507,8,3,1,3,[CLS],Token 3,0.0174916308541584,0.00305957149938146
5508,8,3,1,4,[CLS],Token 4,0.106125821145981,0.112626899139087
5509,8,3,1,5,[CLS],Token 5,0.771980281077836,5.95953554373015
5510,8,3,1,6,[CLS],Token 6,-0.145614731869064,0.212036501372995
5511,8,3,1,7,[CLS],.,0.177509109030822,0.315094837889162
5512,8,3,1,8,[CLS],[SEP],-0.315956408168175,0.998284518625341
5513,8,3,2,1,Token 2,[CLS],0.129007500951716,0.16642935301807
5514,8,3,2,2,Token 2,Token 2,0.153176000544036,0.234628871426664
5515,8,3,2,3,Token 2,Token 3,0.0266865352336288,0.00712171162775714
5516,8,3,2,4,Token 2,Token 4,0.0462020787198009,0.0213463207803068
5517,8,3,2,5,Token 2,Token 5,0.294134729456251,0.865152390723018
5518,8,3,2,6,Token 2,Token 6,0.124046117195851,0.153874391913667
5519,8,3,2,7,Token 2,.,0.187552047076925,0.35175770362745
5520,8,3,2,8,Token 2,[SEP],-0.240669861150768,0.579219820663299
5521,8,3,3,1,Token 3,[CLS],0.58375611106862,3.40771197209959
5522,8,3,3,2,Token 3,Token 2,0.0917470691805007,0.0841752470321157
5523,8,3,3,3,Token 3,Token 3,0.2238041295819,0.500882884179119
5524,8,3,3,4,Token 3,Token 4,-0.117228497617963,0.137425206537647
5525,8,3,3,5,Token 3,Token 5,0.226818062460249,0.514464334582215
5526,8,3,3,6,Token 3,Token 6,0.261712635464459,0.684935035617527
5527,8,3,3,7,Token 3,.,0.616842918537413,3.80495186149753
5528,8,3,3,8,Token 3,[SEP],-0.080947196875912,0.0655244868206766
5529,8,3,4,1,Token 4,[CLS],0.456591521788794,2.08475817769407
5530,8,3,4,2,Token 4,Token 2,-0.0668715471279515,0.0447180381528584
5531,8,3,4,3,Token 4,Token 3,0.0698839691646246,0.048837691462022
5532,8,3,4,4,Token 4,Token 4,0.284575366705501,0.809831393355704
5533,8,3,4,5,Token 4,Token 5,0.254190807216034,0.646129664731389
5534,8,3,4,6,Token 4,Token 6,0.277982231469009,0.772741210124899
5535,8,3,4,7,Token 4,.,0.737700160957305,5.44201527476433
5536,8,3,4,8,Token 4,[SEP],-0.591436839708852,3.49797535364795
5537,8,3,5,1,Token 5,[CLS],-0.0679201726252073,0.0461314984943796
5538,8,3,5,2,Token 5,Token 2,0.0689938003076393,0.0476014448089041
5539,8,3,5,3,Token 5,Token 3,0.247775167800747,0.613925337786882
5540,8,3,5,4,Token 5,Token 4,0.406345235474189,1.65116450392574
5541,8,3,5,5,Token 5,Token 5,0.533497802702031,2.84619905487895
5542,8,3,5,6,Token 5,Token 6,0.30328369938084,0.919810023101277
5543,8,3,5,7,Token 5,.,0.541914432844604,2.93671252525289
5544,8,3,5,8,Token 5,[SEP],-0.544223450488424,2.96179164061527
5545,8,3,6,1,Token 6,[CLS],-0.138269663450691,0.191184998307673
5546,8,3,6,2,Token 6,Token 2,-0.196973016310062,0.38798369154284
5547,8,3,6,3,Token 6,Token 3,-0.0470060285385476,0.0220956671896676
5548,8,3,6,4,Token 6,Token 4,0.294103495142518,0.864968658550449
5549,8,3,6,5,Token 6,Token 5,0.412879419056436,1.7046941468038
5550,8,3,6,6,Token 6,Token 6,0.579891159869607,3.36273757294918
5551,8,3,6,7,Token 6,.,0.512627182865126,2.62786628612235
5552,8,3,6,8,Token 6,[SEP],-0.550517657596595,3.03069691325642
5553,8,3,7,1,.,[CLS],-0.402149386867768,1.61724129358122
5554,8,3,7,2,.,Token 2,0.120621102414656,0.145494503477268
5555,8,3,7,3,.,Token 3,0.0463774311952792,0.0215086612427285
5556,8,3,7,4,.,Token 4,0.130651215656501,0.170697401525214
5557,8,3,7,5,.,Token 5,0.624205805960207,3.89632888194432
5558,8,3,7,6,.,Token 6,-0.141010504588394,0.198839624042734
5559,8,3,7,7,.,.,0.118009416076638,0.139262222827492
5560,8,3,7,8,.,[SEP],0.000783451036846471,6.1379552713581e-06
5561,8,3,8,1,[SEP],[CLS],0.740802304756585,5.48788054732669
5562,8,3,8,2,[SEP],Token 2,0.0123134796799142,0.0015162178182766
5563,8,3,8,3,[SEP],Token 3,0.202095944465363,0.408427707693469
5564,8,3,8,4,[SEP],Token 4,0.334379591020612,1.11809710891112
5565,8,3,8,5,[SEP],Token 5,0.554714523296409,3.07708202355962
5566,8,3,8,6,[SEP],Token 6,0.45942135429663,2.11067980783749
5567,8,3,8,7,[SEP],.,1.02424345271766,10.4907465043499
5568,8,3,8,8,[SEP],[SEP],-1.08611546149257,11.7964679569321
5569,8,4,1,1,[CLS],[CLS],0.524336115885745,2.7492836242215
5570,8,4,1,2,[CLS],Token 2,-0.0296794324099498,0.00880868708176775
5571,8,4,1,3,[CLS],Token 3,-0.102039053806229,0.104119685016705
5572,8,4,1,4,[CLS],Token 4,-0.0442043891643692,0.0195402802139499
5573,8,4,1,5,[CLS],Token 5,-0.401201123899089,1.60962341817892
5574,8,4,1,6,[CLS],Token 6,0.314850255618088,0.991306834627754
5575,8,4,1,7,[CLS],.,0.184995169608336,0.34223212778417
5576,8,4,1,8,[CLS],[SEP],-0.217110736148097,0.471370717507684
5577,8,4,2,1,Token 2,[CLS],0.11492854054444,0.13208569431675
5578,8,4,2,2,Token 2,Token 2,0.0237084651789393,0.00562091321140975
5579,8,4,2,3,Token 2,Token 3,0.0621031676251732,0.0385680342908036
5580,8,4,2,4,Token 2,Token 4,0.090455981234919,0.0818228454117202
5581,8,4,2,5,Token 2,Token 5,-0.271733812603716,0.738392649121517
5582,8,4,2,6,Token 2,Token 6,-0.355576198860387,1.26434433196001
5583,8,4,2,7,Token 2,.,0.199342587630277,0.397374672431345
5584,8,4,2,8,Token 2,[SEP],0.322049107974856,1.037156279474
5585,8,4,3,1,Token 3,[CLS],0.313297923684035,0.981555889847274
5586,8,4,3,2,Token 3,Token 2,0.000333128688211239,1.10974722909341e-06
5587,8,4,3,3,Token 3,Token 3,-0.265780548892593,0.706393001696478
5588,8,4,3,4,Token 3,Token 4,0.123642975522226,0.152875853959897
5589,8,4,3,5,Token 3,Token 5,-0.17062472768345,0.291127976970515
5590,8,4,3,6,Token 3,Token 6,-0.0474068615923899,0.0224741052604002
5591,8,4,3,7,Token 3,.,0.00969829566974917,0.000940569388978756
5592,8,4,3,8,Token 3,[SEP],0.172995915846936,0.2992758689972
5593,8,4,4,1,Token 4,[CLS],0.70429391411575,4.96029917460483
5594,8,4,4,2,Token 4,Token 2,-0.169716080746023,0.288035480637906
5595,8,4,4,3,Token 4,Token 3,-0.269760942649252,0.727709661790132
5596,8,4,4,4,Token 4,Token 4,-0.0573980872427938,0.0329454041913138
5597,8,4,4,5,Token 4,Token 5,-0.36458081176824,1.32919168309589
5598,8,4,4,6,Token 4,Token 6,-0.20822762368904,0.433587432671846
5599,8,4,4,7,Token 4,.,0.996369513857877,9.92752208145383
5600,8,4,4,8,Token 4,[SEP],0.340667571674133,1.16054394390351
5601,8,4,5,1,Token 5,[CLS],0.557694745834031,3.11023429530884
5602,8,4,5,2,Token 5,Token 2,-0.212670932889992,0.452289256962996
5603,8,4,5,3,Token 5,Token 3,-0.26244814069457,0.688790265540371
5604,8,4,5,4,Token 5,Token 4,-0.181837451783175,0.330648588709987
5605,8,4,5,5,Token 5,Token 5,-0.0138378427447015,0.00191485891827086
5606,8,4,5,6,Token 5,Token 6,-0.155568308054888,0.242014984710607
5607,8,4,5,7,Token 5,.,0.620518669791867,3.85043419560268
5608,8,4,5,8,Token 5,[SEP],0.0478714766445079,0.0229167827612566
5609,8,4,6,1,Token 6,[CLS],0.17340496027201,0.300692802469373
5610,8,4,6,2,Token 6,Token 2,0.172956521154078,0.299139582097211
5611,8,4,6,3,Token 6,Token 3,-0.390405695321735,1.52416606939647
5612,8,4,6,4,Token 6,Token 4,-0.147801778231639,0.218453656484344
5613,8,4,6,5,Token 6,Token 5,-0.108189596869276,0.117049888707365
5614,8,4,6,6,Token 6,Token 6,-0.487497219815955,2.37653539328286
5615,8,4,6,7,Token 6,.,0.301844696989676,0.911102211007891
5616,8,4,6,8,Token 6,[SEP],0.237528627984667,0.564198491122785
5617,8,4,7,1,.,[CLS],0.298606810121847,0.89166027051145
5618,8,4,7,2,.,Token 2,-0.22567589631494,0.509296101775516
5619,8,4,7,3,.,Token 3,-0.310650558949261,0.965037697754884
5620,8,4,7,4,.,Token 4,-0.306710918612007,0.94071587595821
5621,8,4,7,5,.,Token 5,-0.535180824794588,2.86418515227815
5622,8,4,7,6,.,Token 6,0.0761089576778096,0.0579257343880262
5623,8,4,7,7,.,.,0.407944874030153,1.66419020247477
5624,8,4,7,8,.,[SEP],0.143250736275482,0.205207734434678
5625,8,4,8,1,[SEP],[CLS],0.221084442091005,0.488783305346909
5626,8,4,8,2,[SEP],Token 2,-0.0689530476678033,0.0475452278267835
5627,8,4,8,3,[SEP],Token 3,-0.342880842362249,1.17567272059045
5628,8,4,8,4,[SEP],Token 4,-0.175333540744846,0.307418505101245
5629,8,4,8,5,[SEP],Token 5,-0.375755706835169,1.41192351219197
5630,8,4,8,6,[SEP],Token 6,-0.47271362070817,2.23458167203028
5631,8,4,8,7,[SEP],.,-0.375042085511649,1.40656565904927
5632,8,4,8,8,[SEP],[SEP],0.483019816928282,2.33308143545431
5633,8,5,1,1,[CLS],[CLS],0.30228699195644,0.91377425506073
5634,8,5,1,2,[CLS],Token 2,0.292486915153501,0.855485955360114
5635,8,5,1,3,[CLS],Token 3,0.281537483806464,0.792633547880751
5636,8,5,1,4,[CLS],Token 4,0.231506983024979,0.535954831893279
5637,8,5,1,5,[CLS],Token 5,0.754016213543985,5.68540450287209
5638,8,5,1,6,[CLS],Token 6,0.817853338351842,6.68884083053253
5639,8,5,1,7,[CLS],.,0.65094329841167,4.23727177747065
5640,8,5,1,8,[CLS],[SEP],-0.875202923471166,7.65980157252476
5641,8,5,2,1,Token 2,[CLS],0.0270129370576315,0.00729698768479559
5642,8,5,2,2,Token 2,Token 2,-0.0247882358859382,0.00614456638336915
5643,8,5,2,3,Token 2,Token 3,-0.139152387871276,0.19363387050278
5644,8,5,2,4,Token 2,Token 4,-0.230664174813164,0.532059615422377
5645,8,5,2,5,Token 2,Token 5,0.0909531327525674,0.0827247235750615
5646,8,5,2,6,Token 2,Token 6,0.174189921440295,0.303421287313763
5647,8,5,2,7,Token 2,.,0.184671483912021,0.341035569702679
5648,8,5,2,8,Token 2,[SEP],-0.0849397575585592,0.0721476241410681
5649,8,5,3,1,Token 3,[CLS],0.050990041257203,0.0259998430741126
5650,8,5,3,2,Token 3,Token 2,0.331128759990053,1.0964625569255
5651,8,5,3,3,Token 3,Token 3,-0.0446817180070024,0.0199645592405728
5652,8,5,3,4,Token 3,Token 4,-0.13533298707286,0.183150173900629
5653,8,5,3,5,Token 3,Token 5,0.254080652099312,0.645569777712114
5654,8,5,3,6,Token 3,Token 6,0.248252013291684,0.616290621033745
5655,8,5,3,7,Token 3,.,0.0167330754691161,0.00279995814655134
5656,8,5,3,8,Token 3,[SEP],-0.393795191540184,1.5507465288017
5657,8,5,4,1,Token 4,[CLS],0.2269767578873,0.515184486210298
5658,8,5,4,2,Token 4,Token 2,0.142034451409213,0.201737853871161
5659,8,5,4,3,Token 4,Token 3,0.0696920857811837,0.0485698682053187
5660,8,5,4,4,Token 4,Token 4,-0.0547218364933428,0.0299447938920414
5661,8,5,4,5,Token 4,Token 5,-0.222473593768461,0.494944999242542
5662,8,5,4,6,Token 4,Token 6,0.302699390168639,0.916269208084661
5663,8,5,4,7,Token 4,.,0.381974826521862,1.45904768096406
5664,8,5,4,8,Token 4,[SEP],-0.132269992859916,0.174953510111622
5665,8,5,5,1,Token 5,[CLS],-0.158306821517826,0.250610497390769
5666,8,5,5,2,Token 5,Token 2,0.0332429161864656,0.0110509147658038
5667,8,5,5,3,Token 5,Token 3,-0.0163840098372877,0.00268435778348339
5668,8,5,5,4,Token 5,Token 4,0.38196849800983,1.45899933471885
5669,8,5,5,5,Token 5,Token 5,-0.248335438544438,0.616704900370584
5670,8,5,5,6,Token 5,Token 6,0.524291454640384,2.7488152940893
5671,8,5,5,7,Token 5,.,0.316625644449122,1.00251798722821
5672,8,5,5,8,Token 5,[SEP],-0.374630106893187,1.40347716990801
5673,8,5,6,1,Token 6,[CLS],0.0703496649283316,0.0494907535552852
5674,8,5,6,2,Token 6,Token 2,0.0241560570366316,0.00583515091557
5675,8,5,6,3,Token 6,Token 3,0.199279737198162,0.397124136577685
5676,8,5,6,4,Token 6,Token 4,0.386281043828116,1.49213044820938
5677,8,5,6,5,Token 6,Token 5,0.44747348785568,2.00232522333727
5678,8,5,6,6,Token 6,Token 6,0.0127678896779387,0.00163019006828013
5679,8,5,6,7,Token 6,.,0.21878556719642,0.478671244134592
5680,8,5,6,8,Token 6,[SEP],-0.752259968781536,5.65895060631198
5681,8,5,7,1,.,[CLS],0.743422095688295,5.52676412357577
5682,8,5,7,2,.,Token 2,0.835715922001541,6.98421102286885
5683,8,5,7,3,.,Token 3,0.533435988484106,2.84553953810016
5684,8,5,7,4,.,Token 4,0.513163212398759,2.63336482559414
5685,8,5,7,5,.,Token 5,0.547897633988039,3.00191817329691
5686,8,5,7,6,.,Token 6,0.91442918370566,8.361807320126
5687,8,5,7,7,.,.,1.09340264363602,11.9552934111023
5688,8,5,7,8,.,[SEP],-1.3067467537743,17.0758707849968
5689,8,5,8,1,[SEP],[CLS],0.0764268270094836,0.0584105988673753
5690,8,5,8,2,[SEP],Token 2,-0.133425547539648,0.17802376736255
5691,8,5,8,3,[SEP],Token 3,-0.243034021757353,0.590655357315536
5692,8,5,8,4,[SEP],Token 4,-0.250971450488284,0.629866689601934
5693,8,5,8,5,[SEP],Token 5,0.19056031687752,0.363132343684607
5694,8,5,8,6,[SEP],Token 6,-0.0734535121566986,0.0539541844815427
5695,8,5,8,7,[SEP],.,-0.105615350720151,0.111546023077405
5696,8,5,8,8,[SEP],[SEP],0.283163485788313,0.801815596837883
5697,8,6,1,1,[CLS],[CLS],-0.218305870603697,0.476574531400382
5698,8,6,1,2,[CLS],Token 2,-0.201056870543566,0.404238651927721
5699,8,6,1,3,[CLS],Token 3,-0.435010827062514,1.89234419661613
5700,8,6,1,4,[CLS],Token 4,-0.488757246183899,2.38883645697269
5701,8,6,1,5,[CLS],Token 5,-0.44597597529732,1.98894570542396
5702,8,6,1,6,[CLS],Token 6,-0.721209604791673,5.20143294043761
5703,8,6,1,7,[CLS],.,0.0874041184053633,0.0763947991421877
5704,8,6,1,8,[CLS],[SEP],1.24403152902358,15.4761444520476
5705,8,6,2,1,Token 2,[CLS],0.16550274177433,0.273911575348206
5706,8,6,2,2,Token 2,Token 2,0.0165602936141161,0.00274243324585734
5707,8,6,2,3,Token 2,Token 3,-0.0169443223113819,0.00287110058591993
5708,8,6,2,4,Token 2,Token 4,-0.0577701017646623,0.0333738465789943
5709,8,6,2,5,Token 2,Token 5,-0.189916746694544,0.360683706750395
5710,8,6,2,6,Token 2,Token 6,-0.625205108021939,3.90881427096724
5711,8,6,2,7,Token 2,.,0.258276524527527,0.667067631220184
5712,8,6,2,8,Token 2,[SEP],0.930438296461777,8.65715423522694
5713,8,6,3,1,Token 3,[CLS],-0.361039134713833,1.30349256794913
5714,8,6,3,2,Token 3,Token 2,-0.145432719713444,0.211506759632493
5715,8,6,3,3,Token 3,Token 3,-0.295615276918411,0.87388391947549
5716,8,6,3,4,Token 3,Token 4,0.0434752354672914,0.0189009609893643
5717,8,6,3,5,Token 3,Token 5,-0.0143835331413482,0.00206886025628262
5718,8,6,3,6,Token 3,Token 6,-0.253728852588977,0.643783306361186
5719,8,6,3,7,Token 3,.,-0.151593662829009,0.229806386099152
5720,8,6,3,8,Token 3,[SEP],0.243412515596947,0.592496527492341
5721,8,6,4,1,Token 4,[CLS],0.177516366015332,0.315120602032894
5722,8,6,4,2,Token 4,Token 2,-0.0477533530401964,0.0228038272658163
5723,8,6,4,3,Token 4,Token 3,0.259422134700191,0.672998439724042
5724,8,6,4,4,Token 4,Token 4,-0.133985915704931,0.179522256072888
5725,8,6,4,5,Token 4,Token 5,-0.277075068054727,0.767705933375316
5726,8,6,4,6,Token 4,Token 6,-0.620804570516981,3.85398314774774
5727,8,6,4,7,Token 4,.,0.531508667575399,2.82501463707776
5728,8,6,4,8,Token 4,[SEP],0.547307429958874,2.99545422888188
5729,8,6,5,1,Token 5,[CLS],-0.143479681063209,0.205864188780001
5730,8,6,5,2,Token 5,Token 2,0.00438240885354628,0.000192055073596408
5731,8,6,5,3,Token 5,Token 3,-0.0361588160174172,0.0130745997578143
5732,8,6,5,4,Token 5,Token 4,-0.308541788618787,0.951980353240804
5733,8,6,5,5,Token 5,Token 5,-0.312917102366615,0.979171129535188
5734,8,6,5,6,Token 5,Token 6,-0.607455621222592,3.69002331754925
5735,8,6,5,7,Token 5,.,0.0184894618847217,0.00341860200786578
5736,8,6,5,8,Token 5,[SEP],0.558020679629468,3.11387078894134
5737,8,6,6,1,Token 6,[CLS],-0.554826579799585,3.07832533652105
5738,8,6,6,2,Token 6,Token 2,0.0757364766067235,0.0573601388880079
5739,8,6,6,3,Token 6,Token 3,0.0764520401585225,0.0584491444440033
5740,8,6,6,4,Token 6,Token 4,-0.283161877394669,0.801806488096738
5741,8,6,6,5,Token 6,Token 5,0.00560049126505819,0.000313655024099931
5742,8,6,6,6,Token 6,Token 6,-0.9289628258864,8.62971931878846
5743,8,6,6,7,Token 6,.,-0.27097214321696,0.734259023995928
5744,8,6,6,8,Token 6,[SEP],0.323917511169026,1.04922554041936
5745,8,6,7,1,.,[CLS],-0.478449493392395,2.28913917727439
5746,8,6,7,2,.,Token 2,-0.149868894618093,0.22460685574049
5747,8,6,7,3,.,Token 3,-0.368076795315256,1.35480527249549
5748,8,6,7,4,.,Token 4,-0.628128100440492,3.9454491056298
5749,8,6,7,5,.,Token 5,-0.649060737271099,4.21279840666903
5750,8,6,7,6,.,Token 6,-1.03165128327166,10.6430437027606
5751,8,6,7,7,.,.,-0.58356052225907,3.40542883139278
5752,8,6,7,8,.,[SEP],1.26938798040244,16.1134584479018
5753,8,6,8,1,[SEP],[CLS],-0.59242763357069,3.50970501018168
5754,8,6,8,2,[SEP],Token 2,-0.160468998929569,0.257502996174579
5755,8,6,8,3,[SEP],Token 3,-0.372673628887797,1.388856336684
5756,8,6,8,4,[SEP],Token 4,-0.186044025953099,0.346123795928373
5757,8,6,8,5,[SEP],Token 5,-0.386152518691454,1.49113767691754
5758,8,6,8,6,[SEP],Token 6,-0.784861455853756,6.16007504884878
5759,8,6,8,7,[SEP],.,-0.596455202517715,3.55758808610448
5760,8,6,8,8,[SEP],[SEP],0.886548951383533,7.85969043199242
5761,8,7,1,1,[CLS],[CLS],0.140994642708804,0.198794892725834
5762,8,7,1,2,[CLS],Token 2,0.237868280727581,0.565813189762951
5763,8,7,1,3,[CLS],Token 3,0.363606278574271,1.32209525818631
5764,8,7,1,4,[CLS],Token 4,0.238966619025662,0.571050450085558
5765,8,7,1,5,[CLS],Token 5,0.254010633447555,0.645214019044282
5766,8,7,1,6,[CLS],Token 6,0.138716781472815,0.192423454621767
5767,8,7,1,7,[CLS],.,0.441848010001408,1.95229663942204
5768,8,7,1,8,[CLS],[SEP],-0.389232861746807,1.51502220663609
5769,8,7,2,1,Token 2,[CLS],-0.417710120684971,1.74481744922653
5770,8,7,2,2,Token 2,Token 2,-0.00357100716201062,0.000127520921511312
5771,8,7,2,3,Token 2,Token 3,0.265666528748948,0.705787044975157
5772,8,7,2,4,Token 2,Token 4,-0.163764733999889,0.268188881020545
5773,8,7,2,5,Token 2,Token 5,0.136672670876156,0.186794189644219
5774,8,7,2,6,Token 2,Token 6,-0.14469809778366,0.209375395022097
5775,8,7,2,7,Token 2,.,0.0164057125753994,0.00269147405106619
5776,8,7,2,8,Token 2,[SEP],-0.261536200943684,0.684011844040552
5777,8,7,3,1,Token 3,[CLS],-0.0648768834776385,0.0420901000977108
5778,8,7,3,2,Token 3,Token 2,-0.0991293835739589,0.0982663468775308
5779,8,7,3,3,Token 3,Token 3,0.155879808333467,0.242985146460784
5780,8,7,3,4,Token 3,Token 4,-0.0941206693431009,0.0885870039759334
5781,8,7,3,5,Token 3,Token 5,0.186837758082277,0.349083478452114
5782,8,7,3,6,Token 3,Token 6,-0.127672194552567,0.163001892618685
5783,8,7,3,7,Token 3,.,-0.12059305447464,0.145426847875235
5784,8,7,3,8,Token 3,[SEP],-0.0718891827369052,0.0516805459458014
5785,8,7,4,1,Token 4,[CLS],0.448202278955698,2.00885282861081
5786,8,7,4,2,Token 4,Token 2,0.146548594847449,0.214764906517616
5787,8,7,4,3,Token 4,Token 3,0.279053815021995,0.778710316783296
5788,8,7,4,4,Token 4,Token 4,-0.177571622270601,0.31531681035813
5789,8,7,4,5,Token 4,Token 5,0.0780583358496436,0.0609310379561576
5790,8,7,4,6,Token 4,Token 6,0.310356941070387,0.963214308705674
5791,8,7,4,7,Token 4,.,0.736378526107705,5.42253333712555
5792,8,7,4,8,Token 4,[SEP],-0.235512287145707,0.554660373966021
5793,8,7,5,1,Token 5,[CLS],0.245631377295766,0.603347735122149
5794,8,7,5,2,Token 5,Token 2,0.354485210770866,1.25659764655265
5795,8,7,5,3,Token 5,Token 3,-0.15802243982775,0.249710914891149
5796,8,7,5,4,Token 5,Token 4,0.226583282784699,0.513399840374911
5797,8,7,5,5,Token 5,Token 5,0.0806525775016993,0.0650483825766762
5798,8,7,5,6,Token 5,Token 6,0.178883611770014,0.31999346559885
5799,8,7,5,7,Token 5,.,0.390053656731102,1.52141855129304
5800,8,7,5,8,Token 5,[SEP],-0.227290269371568,0.516608665510001
5801,8,7,6,1,Token 6,[CLS],-0.24516404085769,0.601054069296712
5802,8,7,6,2,Token 6,Token 2,0.183161991746919,0.335483152206984
5803,8,7,6,3,Token 6,Token 3,-0.178048608735624,0.317013070726914
5804,8,7,6,4,Token 6,Token 4,-0.183631331085444,0.337204657562121
5805,8,7,6,5,Token 6,Token 5,-0.261004301813807,0.68123245565313
5806,8,7,6,6,Token 6,Token 6,-0.519529173585186,2.69910562206107
5807,8,7,6,7,Token 6,.,-0.303026606286356,0.918251241174261
5808,8,7,6,8,Token 6,[SEP],0.458894563213105,2.10584220146546
5809,8,7,7,1,.,[CLS],-0.839952873297798,7.05520829361227
5810,8,7,7,2,.,Token 2,-0.160071835728656,0.256229925935419
5811,8,7,7,3,.,Token 3,-0.14626618654296,0.213937973258201
5812,8,7,7,4,.,Token 4,0.403253698661633,1.62613545484287
5813,8,7,7,5,.,Token 5,0.202163447155342,0.408700593657307
5814,8,7,7,6,.,Token 6,-0.523171551703838,2.73708472512201
5815,8,7,7,7,.,.,-0.8255707137773,6.8156700344676
5816,8,7,7,8,.,[SEP],1.00998352317623,10.2006671708746
5817,8,7,8,1,[SEP],[CLS],-0.363037249320115,1.31796044393915
5818,8,7,8,2,[SEP],Token 2,-0.0496906701680137,0.0246916270174633
5819,8,7,8,3,[SEP],Token 3,-0.0900790176885589,0.0811422942773571
5820,8,7,8,4,[SEP],Token 4,0.050815182788089,0.025821828017869
5821,8,7,8,5,[SEP],Token 5,-0.134583965792594,0.181128438484622
5822,8,7,8,6,[SEP],Token 6,-0.315194841880833,0.993477883482833
5823,8,7,8,7,[SEP],.,-0.0470647887275853,0.0221509433797224
5824,8,7,8,8,[SEP],[SEP],0.37611316415204,1.4146111224846
5825,8,8,1,1,[CLS],[CLS],-0.152002755417321,0.231048376544579
5826,8,8,1,2,[CLS],Token 2,-0.261176306624518,0.68213063142024
5827,8,8,1,3,[CLS],Token 3,-0.20664154994253,0.427007301626513
5828,8,8,1,4,[CLS],Token 4,-0.101310908383806,0.10263900157552
5829,8,8,1,5,[CLS],Token 5,0.11846785860041,0.140346335213667
5830,8,8,1,6,[CLS],Token 6,0.039619548383258,0.0156970861409333
5831,8,8,1,7,[CLS],.,0.596150057184805,3.55394890681446
5832,8,8,1,8,[CLS],[SEP],-0.772141116908917,5.96201904421349
5833,8,8,2,1,Token 2,[CLS],0.28317999365145,0.801909088044351
5834,8,8,2,2,Token 2,Token 2,0.0640629466272132,0.0410406113056116
5835,8,8,2,3,Token 2,Token 3,0.349277704112611,1.21994914590177
5836,8,8,2,4,Token 2,Token 4,0.473245827511727,2.23961613257259
5837,8,8,2,5,Token 2,Token 5,0.329761844905001,1.0874287435515
5838,8,8,2,6,Token 2,Token 6,0.309356091062809,0.957011910776609
5839,8,8,2,7,Token 2,.,0.191377195578897,0.366252309876434
5840,8,8,2,8,Token 2,[SEP],-0.483349809764878,2.33627038599744
5841,8,8,3,1,Token 3,[CLS],0.436375276524064,1.90423381961453
5842,8,8,3,2,Token 3,Token 2,0.211104671792668,0.4456518245269
5843,8,8,3,3,Token 3,Token 3,0.201713342834911,0.406882726776342
5844,8,8,3,4,Token 3,Token 4,0.299169277605317,0.895022566628874
5845,8,8,3,5,Token 3,Token 5,0.388975249714028,1.5130174489009
5846,8,8,3,6,Token 3,Token 6,0.273202792044233,0.746397655807644
5847,8,8,3,7,Token 3,.,0.23102049526548,0.533704692327077
5848,8,8,3,8,Token 3,[SEP],-0.449513192087705,2.02062109860878
5849,8,8,4,1,Token 4,[CLS],0.570024510373784,3.24927942426873
5850,8,8,4,2,Token 4,Token 2,0.371643025489959,1.3811853839533
5851,8,8,4,3,Token 4,Token 3,0.18313518537685,0.335384961230132
5852,8,8,4,4,Token 4,Token 4,0.125032840373669,0.156332111719075
5853,8,8,4,5,Token 4,Token 5,0.00480355423214365,0.000230741332611452
5854,8,8,4,6,Token 4,Token 6,0.575346523087283,3.31023621628626
5855,8,8,4,7,Token 4,.,0.716541844502645,5.13432214923253
5856,8,8,4,8,Token 4,[SEP],-0.334650141426167,1.11990717156554
5857,8,8,5,1,Token 5,[CLS],0.45278981989434,2.05018620999949
5858,8,8,5,2,Token 5,Token 2,0.201190750472235,0.404777180755813
5859,8,8,5,3,Token 5,Token 3,0.150767494949569,0.227308375333683
5860,8,8,5,4,Token 5,Token 4,0.23253384349654,0.540719883712735
5861,8,8,5,5,Token 5,Token 5,0.279391241275254,0.780594657013274
5862,8,8,5,6,Token 5,Token 6,0.125653523429424,0.157888079502288
5863,8,8,5,7,Token 5,.,0.53678147978016,2.88134357034979
5864,8,8,5,8,Token 5,[SEP],-0.368956022072842,1.36128546223815
5865,8,8,6,1,Token 6,[CLS],0.561737187779558,3.15548668134487
5866,8,8,6,2,Token 6,Token 2,0.345605568186053,1.19443208761205
5867,8,8,6,3,Token 6,Token 3,0.170174182328168,0.289592523310605
5868,8,8,6,4,Token 6,Token 4,0.392899109702045,1.54369710404659
5869,8,8,6,5,Token 6,Token 5,0.176255710551654,0.310660755020686
5870,8,8,6,6,Token 6,Token 6,0.433213264765064,1.87673732768405
5871,8,8,6,7,Token 6,.,0.557383065294414,3.10675881476997
5872,8,8,6,8,Token 6,[SEP],-0.550761192728086,3.03337891415264
5873,8,8,7,1,.,[CLS],0.687525120813266,4.72690791749296
5874,8,8,7,2,.,Token 2,0.237404282413504,0.563607933082706
5875,8,8,7,3,.,Token 3,0.110393866272182,0.121868057105203
5876,8,8,7,4,.,Token 4,0.474678387397863,2.25319571462636
5877,8,8,7,5,.,Token 5,0.175137026237435,0.30672977959292
5878,8,8,7,6,.,Token 6,-0.13371316398745,0.178792102235346
5879,8,8,7,7,.,.,0.657704566927148,4.32575297356827
5880,8,8,7,8,.,[SEP],-0.695406519937114,4.83590227971049
5881,8,8,8,1,[SEP],[CLS],1.00051805170672,10.01036371791
5882,8,8,8,2,[SEP],Token 2,-0.069690321602217,0.0485674092502043
5883,8,8,8,3,[SEP],Token 3,-0.148233050521925,0.219730372670357
5884,8,8,8,4,[SEP],Token 4,0.157912998915686,0.249365152265454
5885,8,8,8,5,[SEP],Token 5,-0.0106987383175323,0.00114463001587033
5886,8,8,8,6,[SEP],Token 6,-0.610201788687346,3.72346222917237
5887,8,8,8,7,[SEP],.,0.462634170416093,2.14030375636587
5888,8,8,8,8,[SEP],[SEP],-0.442575368971043,1.95872957219854
5889,8,9,1,1,[CLS],[CLS],-0.513701328874675,2.63889055287607
5890,8,9,1,2,[CLS],Token 2,0.0163625415680073,0.00267732766564767
5891,8,9,1,3,[CLS],Token 3,-0.0377304055224614,0.0142358350088938
5892,8,9,1,4,[CLS],Token 4,0.114941579000657,0.132115665831644
5893,8,9,1,5,[CLS],Token 5,0.424900256241414,1.80540227754019
5894,8,9,1,6,[CLS],Token 6,0.157898577915707,0.249319609078026
5895,8,9,1,7,[CLS],.,-0.602492343220415,3.62997023639227
5896,8,9,1,8,[CLS],[SEP],0.315836933724088,0.997529687042339
5897,8,9,2,1,Token 2,[CLS],-0.251655813300139,0.633306483677545
5898,8,9,2,2,Token 2,Token 2,-0.218965510049812,0.47945894591374
5899,8,9,2,3,Token 2,Token 3,0.0861501892174889,0.0742185510220916
5900,8,9,2,4,Token 2,Token 4,-0.0278917217800561,0.00777948143856057
5901,8,9,2,5,Token 2,Token 5,-0.139719788179416,0.195216192089008
5902,8,9,2,6,Token 2,Token 6,0.185998741300632,0.345955317654194
5903,8,9,2,7,Token 2,.,-0.0400133989484489,0.0160107209540773
5904,8,9,2,8,Token 2,[SEP],-0.0016058550868823,2.57877056006577e-05
5905,8,9,3,1,Token 3,[CLS],0.0829473669092562,0.0688026567717878
5906,8,9,3,2,Token 3,Token 2,0.127867865274427,0.163501909698389
5907,8,9,3,3,Token 3,Token 3,0.272097638113885,0.740371246671545
5908,8,9,3,4,Token 3,Token 4,-0.0662377580556916,0.0438744059224433
5909,8,9,3,5,Token 3,Token 5,-0.0923270169177632,0.0852427805293293
5910,8,9,3,6,Token 3,Token 6,0.00977697211705489,0.000955891837776689
5911,8,9,3,7,Token 3,.,0.308826516919606,0.953738175526957
5912,8,9,3,8,Token 3,[SEP],-0.173197472598331,0.299973645144496
5913,8,9,4,1,Token 4,[CLS],0.085912592645796,0.0738097357512248
5914,8,9,4,2,Token 4,Token 2,0.0668866539654272,0.044738244786908
5915,8,9,4,3,Token 4,Token 3,0.212516140481786,0.451631099652743
5916,8,9,4,4,Token 4,Token 4,0.34219628491257,1.17098297407965
5917,8,9,4,5,Token 4,Token 5,-0.0378546000265848,0.0143297074317272
5918,8,9,4,6,Token 4,Token 6,-0.0980062677433222,0.0960522851697575
5919,8,9,4,7,Token 4,.,0.233285726016707,0.54422229963142
5920,8,9,4,8,Token 4,[SEP],-0.237652514383817,0.564787175929504
5921,8,9,5,1,Token 5,[CLS],0.456127493920356,2.08052290710064
5922,8,9,5,2,Token 5,Token 2,-0.0800546478666333,0.0640874664505065
5923,8,9,5,3,Token 5,Token 3,0.0939546799114796,0.0882748187726858
5924,8,9,5,4,Token 5,Token 4,0.229233455726713,0.525479772244108
5925,8,9,5,5,Token 5,Token 5,0.0523742570903271,0.0274306280576367
5926,8,9,5,6,Token 5,Token 6,-0.219330619772714,0.481059207698827
5927,8,9,5,7,Token 5,.,0.59984070050549,3.59808865982917
5928,8,9,5,8,Token 5,[SEP],-0.360718892174367,1.30118119171503
5929,8,9,6,1,Token 6,[CLS],0.25241005585378,0.637108362961082
5930,8,9,6,2,Token 6,Token 2,-0.0314625104645019,0.0098988956472889
5931,8,9,6,3,Token 6,Token 3,0.0673304906762036,0.0453339497469835
5932,8,9,6,4,Token 6,Token 4,0.551397652610862,3.04039371304768
5933,8,9,6,5,Token 6,Token 5,0.295533400886766,0.873399910396979
5934,8,9,6,6,Token 6,Token 6,-0.0359489331582587,0.0129232579521695
5935,8,9,6,7,Token 6,.,0.547734452226181,3.00013030155515
5936,8,9,6,8,Token 6,[SEP],-0.628376985904393,3.9485763641429
5937,8,9,7,1,.,[CLS],-0.171395771449835,0.29376510470884
5938,8,9,7,2,.,Token 2,0.180500647949996,0.325804839103683
5939,8,9,7,3,.,Token 3,0.132299721723532,0.175032163681239
5940,8,9,7,4,.,Token 4,0.430255040733933,1.85119400076958
5941,8,9,7,5,.,Token 5,0.451441779683066,2.03799680443414
5942,8,9,7,6,.,Token 6,0.271982866230447,0.739746795229292
5943,8,9,7,7,.,.,-0.462631708458762,2.14028097671473
5944,8,9,7,8,.,[SEP],0.218055614406628,0.47548250974252
5945,8,9,8,1,[SEP],[CLS],-0.36916886264845,1.3628564914915
5946,8,9,8,2,[SEP],Token 2,-0.113643165620842,0.129147690923262
5947,8,9,8,3,[SEP],Token 3,-0.0540824847731291,0.0292491515923574
5948,8,9,8,4,[SEP],Token 4,0.112869204565316,0.127394573392072
5949,8,9,8,5,[SEP],Token 5,0.30523110398064,0.931660268372401
5950,8,9,8,6,[SEP],Token 6,0.0805661168912188,0.0649089919092952
5951,8,9,8,7,[SEP],.,-0.493201357083054,2.43247578628566
5952,8,9,8,8,[SEP],[SEP],0.242432114056277,0.587733299257955
5953,8,10,1,1,[CLS],[CLS],0.654220084720773,4.28003919252056
5954,8,10,1,2,[CLS],Token 2,0.413201795712505,1.70735723980039
5955,8,10,1,3,[CLS],Token 3,0.0161229122269626,0.00259948298678341
5956,8,10,1,4,[CLS],Token 4,0.627257235688458,3.93451639723526
5957,8,10,1,5,[CLS],Token 5,0.41187124554723,1.69637922908627
5958,8,10,1,6,[CLS],Token 6,-0.243528450145218,0.593061060301321
5959,8,10,1,7,[CLS],.,0.590282773862708,3.48433753119052
5960,8,10,1,8,[CLS],[SEP],-0.468270585923493,2.19277341641132
5961,8,10,2,1,Token 2,[CLS],0.201836015882495,0.407377773073187
5962,8,10,2,2,Token 2,Token 2,0.0909436106034509,0.0827074030959211
5963,8,10,2,3,Token 2,Token 3,-0.153495519860453,0.235608746172308
5964,8,10,2,4,Token 2,Token 4,0.124691242783308,0.155479060268458
5965,8,10,2,5,Token 2,Token 5,-0.11140319597375,0.124106720731658
5966,8,10,2,6,Token 2,Token 6,-0.482602084265768,2.32904771737664
5967,8,10,2,7,Token 2,.,0.107617746491403,0.115815793598878
5968,8,10,2,8,Token 2,[SEP],0.216998674834346,0.47088424879862
5969,8,10,3,1,Token 3,[CLS],-0.112707033555752,0.127028754129375
5970,8,10,3,2,Token 3,Token 2,0.158558309682871,0.251407375694892
5971,8,10,3,3,Token 3,Token 3,0.221728759259749,0.491636426828679
5972,8,10,3,4,Token 3,Token 4,0.115364648277491,0.133090020721892
5973,8,10,3,5,Token 3,Token 5,-0.0677070665763035,0.04584246864368
5974,8,10,3,6,Token 3,Token 6,-0.328630198182256,1.07997807157309
5975,8,10,3,7,Token 3,.,0.089834517045808,0.0807024045285356
5976,8,10,3,8,Token 3,[SEP],0.0746060975770633,0.0556606979567828
5977,8,10,4,1,Token 4,[CLS],0.637972979047522,4.0700952199477
5978,8,10,4,2,Token 4,Token 2,0.0372816693703728,0.013899228710418
5979,8,10,4,3,Token 4,Token 3,-0.0255332293008816,0.00651945798531399
5980,8,10,4,4,Token 4,Token 4,0.29312371584024,0.859215127879894
5981,8,10,4,5,Token 4,Token 5,0.426319066602884,1.81747946549154
5982,8,10,4,6,Token 4,Token 6,0.423325895864173,1.79204814109205
5983,8,10,4,7,Token 4,.,0.720677192019251,5.19375615096752
5984,8,10,4,8,Token 4,[SEP],-0.157574555787615,0.248297406316641
5985,8,10,5,1,Token 5,[CLS],-0.0898361765207772,0.0807053861187224
5986,8,10,5,2,Token 5,Token 2,0.0205857010531431,0.00423771087849377
5987,8,10,5,3,Token 5,Token 3,-0.131945792885285,0.174096922601266
5988,8,10,5,4,Token 5,Token 4,0.298572470661725,0.891455202370467
5989,8,10,5,5,Token 5,Token 5,0.356487056307707,1.27083021314934
5990,8,10,5,6,Token 5,Token 6,0.104913030884643,0.11006744049402
5991,8,10,5,7,Token 5,.,0.156387904813764,0.244571767720389
5992,8,10,5,8,Token 5,[SEP],-0.191257731977418,0.36579520041146
5993,8,10,6,1,Token 6,[CLS],0.152093400323281,0.231324024218979
5994,8,10,6,2,Token 6,Token 2,0.0630675279267558,0.0397751307879213
5995,8,10,6,3,Token 6,Token 3,-0.00348132105149741,0.00012119596263599
5996,8,10,6,4,Token 6,Token 4,0.371067913852408,1.37691396690778
5997,8,10,6,5,Token 6,Token 5,0.284536967189898,0.80961285697625
5998,8,10,6,6,Token 6,Token 6,0.165610929519351,0.274269799762635
5999,8,10,6,7,Token 6,.,0.202492444812386,0.410031902060972
6000,8,10,6,8,Token 6,[SEP],-0.494333739312032,2.44365845822216
6001,8,10,7,1,.,[CLS],0.734556473591672,5.39573212895433
6002,8,10,7,2,.,Token 2,0.461966922727456,2.13413437694275
6003,8,10,7,3,.,Token 3,0.186302166422999,0.347084972139027
6004,8,10,7,4,.,Token 4,0.674651034180867,4.55154017921314
6005,8,10,7,5,.,Token 5,0.49630970497151,2.46323323248907
6006,8,10,7,6,.,Token 6,0.206751488840846,0.427461781379063
6007,8,10,7,7,.,.,0.590311708517803,3.48467913213208
6008,8,10,7,8,.,[SEP],-1.02051963489071,10.4146032519747
6009,8,10,8,1,[SEP],[CLS],0.00390856995898804,0.000152769191243038
6010,8,10,8,2,[SEP],Token 2,0.00615777149409515,0.000379181497734908
6011,8,10,8,3,[SEP],Token 3,-0.181196620180679,0.328322151649012
6012,8,10,8,4,[SEP],Token 4,-0.0375635164136253,0.014110177653567
6013,8,10,8,5,[SEP],Token 5,0.220781003876972,0.487442516729235
6014,8,10,8,6,[SEP],Token 6,-0.236438272998661,0.559030569385892
6015,8,10,8,7,[SEP],.,-0.256735326395212,0.659130278192559
6016,8,10,8,8,[SEP],[SEP],0.213604487243323,0.456268769704829
6017,8,11,1,1,[CLS],[CLS],-0.511435656987933,2.61566431238679
6018,8,11,1,2,[CLS],Token 2,-0.107209687237688,0.114939170376029
6019,8,11,1,3,[CLS],Token 3,0.386416921980221,1.49318037592668
6020,8,11,1,4,[CLS],Token 4,0.059145960326779,0.0349824462297692
6021,8,11,1,5,[CLS],Token 5,0.309392249249218,0.957235638954899
6022,8,11,1,6,[CLS],Token 6,0.651651890804407,4.24650186788959
6023,8,11,1,7,[CLS],.,-0.453021579963436,2.05228551912568
6024,8,11,1,8,[CLS],[SEP],-0.828768123103304,6.86856601872173
6025,8,11,2,1,Token 2,[CLS],-0.0209042632988598,0.00436988224068057
6026,8,11,2,2,Token 2,Token 2,-0.17454911049113,0.304673919732447
6027,8,11,2,3,Token 2,Token 3,0.0669209600630536,0.0447841489576081
6028,8,11,2,4,Token 2,Token 4,-0.0777554645020549,0.0604591225993033
6029,8,11,2,5,Token 2,Token 5,-0.0180741693376956,0.00326675597247694
6030,8,11,2,6,Token 2,Token 6,0.0314153322773612,0.00986923102097012
6031,8,11,2,7,Token 2,.,-0.051969542206383,0.0270083331714103
6032,8,11,2,8,Token 2,[SEP],-0.335610500468816,1.12634408024929
6033,8,11,3,1,Token 3,[CLS],0.172184568990204,0.296475257983424
6034,8,11,3,2,Token 3,Token 2,0.321545278744316,1.0339136628276
6035,8,11,3,3,Token 3,Token 3,-0.0639287110023545,0.0408688009042257
6036,8,11,3,4,Token 3,Token 4,-0.034655097601565,0.01200975789774
6037,8,11,3,5,Token 3,Token 5,0.247050309969104,0.610338556558303
6038,8,11,3,6,Token 3,Token 6,0.0301591585359441,0.00909574843596209
6039,8,11,3,7,Token 3,.,0.173719344021578,0.301784104872874
6040,8,11,3,8,Token 3,[SEP],-0.0791322122243849,0.0626190701152508
6041,8,11,4,1,Token 4,[CLS],-0.0650927527462248,0.0423706646008115
6042,8,11,4,2,Token 4,Token 2,-0.0563285637949637,0.0317290709920329
6043,8,11,4,3,Token 4,Token 3,0.350734973499441,1.23015021635654
6044,8,11,4,4,Token 4,Token 4,0.0993579399755026,0.0987200023617557
6045,8,11,4,5,Token 4,Token 5,0.173124132026419,0.299719650899008
6046,8,11,4,6,Token 4,Token 6,0.174584364284896,0.304797002527614
6047,8,11,4,7,Token 4,.,0.0377059384921071,0.0142173779757056
6048,8,11,4,8,Token 4,[SEP],-0.612996880233847,3.75765175176429
6049,8,11,5,1,Token 5,[CLS],0.115748361533179,0.133976831976154
6050,8,11,5,2,Token 5,Token 2,0.328273212929261,1.077633023269
6051,8,11,5,3,Token 5,Token 3,-0.0169701545845395,0.00287986146623169
6052,8,11,5,4,Token 5,Token 4,0.151585672129388,0.229782159949181
6053,8,11,5,5,Token 5,Token 5,0.0532021475376247,0.0283046850261519
6054,8,11,5,6,Token 5,Token 6,0.222311609069398,0.49422451527025
6055,8,11,5,7,Token 5,.,0.190933468411138,0.364555893595072
6056,8,11,5,8,Token 5,[SEP],-0.289677375406831,0.839129818225901
6057,8,11,6,1,Token 6,[CLS],-0.158333503444442,0.250694983129912
6058,8,11,6,2,Token 6,Token 2,0.257690169202223,0.664042233034703
6059,8,11,6,3,Token 6,Token 3,0.378174848080542,1.43016215720741
6060,8,11,6,4,Token 6,Token 4,0.166328890239342,0.276652997282509
6061,8,11,6,5,Token 6,Token 5,0.249825825772764,0.624129432230437
6062,8,11,6,6,Token 6,Token 6,0.146290409981601,0.214008840525848
6063,8,11,6,7,Token 6,.,0.210990422903531,0.445169585570107
6064,8,11,6,8,Token 6,[SEP],-0.518657852497451,2.69005967957268
6065,8,11,7,1,.,[CLS],-0.470589310205863,2.2145429888003
6066,8,11,7,2,.,Token 2,-0.103363933148036,0.106841026758316
6067,8,11,7,3,.,Token 3,0.430646821268365,1.85456684668547
6068,8,11,7,4,.,Token 4,0.326267281057989,1.06450338688973
6069,8,11,7,5,.,Token 5,0.604591002845095,3.65530280721238
6070,8,11,7,6,.,Token 6,0.727694577835651,5.29539398611406
6071,8,11,7,7,.,.,-0.44308766906028,1.96326682473273
6072,8,11,7,8,.,[SEP],-0.937785552676835,8.79441742809397
6073,8,11,8,1,[SEP],[CLS],-0.817918192333262,6.68990169349711
6074,8,11,8,2,[SEP],Token 2,-0.219889951270248,0.483515906696321
6075,8,11,8,3,[SEP],Token 3,0.113944423280951,0.129833315968284
6076,8,11,8,4,[SEP],Token 4,-0.162542991893892,0.264202242138178
6077,8,11,8,5,[SEP],Token 5,0.078261750651276,0.061249016150025
6078,8,11,8,6,[SEP],Token 6,0.342487841918514,1.17297921862001
6079,8,11,8,7,[SEP],.,-0.554233095555784,3.07174324209347
6080,8,11,8,8,[SEP],[SEP],0.373407943515779,1.39433492280683
6081,8,12,1,1,[CLS],[CLS],0.913434398235031,8.34362399878994
6082,8,12,1,2,[CLS],Token 2,0.422056886283691,1.78132015259485
6083,8,12,1,3,[CLS],Token 3,-0.0545069356491198,0.0297100603385729
6084,8,12,1,4,[CLS],Token 4,0.0866528934241684,0.075087239387803
6085,8,12,1,5,[CLS],Token 5,0.740484633184168,5.48317491981892
6086,8,12,1,6,[CLS],Token 6,0.306635684430241,0.940254429660024
6087,8,12,1,7,[CLS],.,-0.324561655376794,1.05340268140925
6088,8,12,1,8,[CLS],[SEP],0.156293075503677,0.244275254503982
6089,8,12,2,1,Token 2,[CLS],-0.297370381431125,0.884291437524928
6090,8,12,2,2,Token 2,Token 2,-0.149832250250356,0.224497032150854
6091,8,12,2,3,Token 2,Token 3,0.0950379574398484,0.0903221335433844
6092,8,12,2,4,Token 2,Token 4,0.0351685768212906,0.0123682879563502
6093,8,12,2,5,Token 2,Token 5,0.380414295098423,1.4471503591523
6094,8,12,2,6,Token 2,Token 6,0.265338886397675,0.704047246347582
6095,8,12,2,7,Token 2,.,-0.508104041771188,2.58169717264217
6096,8,12,2,8,Token 2,[SEP],0.0244863249514761,0.00599580109629281
6097,8,12,3,1,Token 3,[CLS],0.251018077414386,0.630100751888145
6098,8,12,3,2,Token 3,Token 2,0.0315292666836214,0.00994094657606917
6099,8,12,3,3,Token 3,Token 3,0.136395217146641,0.186036552604792
6100,8,12,3,4,Token 3,Token 4,0.205819481854814,0.423616591109843
6101,8,12,3,5,Token 3,Token 5,0.144542745432452,0.208926052571505
6102,8,12,3,6,Token 3,Token 6,-0.0389775651734752,0.015192505868525
6103,8,12,3,7,Token 3,.,-0.0247771651587121,0.00613907913302098
6104,8,12,3,8,Token 3,[SEP],-0.05890282331932,0.0346954259498703
6105,8,12,4,1,Token 4,[CLS],0.371299284586045,1.37863158734109
6106,8,12,4,2,Token 4,Token 2,-0.124028785734303,0.153831396907258
6107,8,12,4,3,Token 4,Token 3,0.107876624275327,0.1163736606504
6108,8,12,4,4,Token 4,Token 4,-0.0017902084779724,3.20484639460427e-05
6109,8,12,4,5,Token 4,Token 5,-0.271721381433688,0.738325091282318
6110,8,12,4,6,Token 4,Token 6,0.570689109414349,3.25686059604143
6111,8,12,4,7,Token 4,.,-0.0958469391010297,0.0918663573503649
6112,8,12,4,8,Token 4,[SEP],0.00542597678097097,0.000294412240276361
6113,8,12,5,1,Token 5,[CLS],0.523604941983322,2.74162135269358
6114,8,12,5,2,Token 5,Token 2,0.0867562309538368,0.0752664360931546
6115,8,12,5,3,Token 5,Token 3,0.424829094807171,1.8047975979468
6116,8,12,5,4,Token 5,Token 4,0.296021205772604,0.876285542670664
6117,8,12,5,5,Token 5,Token 5,0.495662533083988,2.45681346703235
6118,8,12,5,6,Token 5,Token 6,0.600808006061742,3.60970260147886
6119,8,12,5,7,Token 5,.,-0.245088550900936,0.600683977827208
6120,8,12,5,8,Token 5,[SEP],-0.503814259058277,2.53828807630441
6121,8,12,6,1,Token 6,[CLS],0.225901633801706,0.5103154815428
6122,8,12,6,2,Token 6,Token 2,0.230397516853841,0.530830157724158
6123,8,12,6,3,Token 6,Token 3,0.71887492110994,5.16781152200822
6124,8,12,6,4,Token 6,Token 4,0.342904501509052,1.17583497155172
6125,8,12,6,5,Token 6,Token 5,0.736677843217314,5.42694244687313
6126,8,12,6,6,Token 6,Token 6,0.578567335715418,3.34740161956837
6127,8,12,6,7,Token 6,.,-0.165356269938535,0.273426960079855
6128,8,12,6,8,Token 6,[SEP],-0.696913934212558,4.85689031699626
6129,8,12,7,1,.,[CLS],0.654681182265481,4.28607450412528
6130,8,12,7,2,.,Token 2,0.532786847758951,2.83861825144919
6131,8,12,7,3,.,Token 3,0.174763289851296,0.305422074796481
6132,8,12,7,4,.,Token 4,0.631083338988657,3.98266180749072
6133,8,12,7,5,.,Token 5,0.855524670829521,7.31922462397961
6134,8,12,7,6,.,Token 6,0.459635962981101,2.11265218465564
6135,8,12,7,7,.,.,-0.702335642906701,4.93275355297169
6136,8,12,7,8,.,[SEP],-0.217645805987866,0.473696968641078
6137,8,12,8,1,[SEP],[CLS],-0.107167430945243,0.114848582554034
6138,8,12,8,2,[SEP],Token 2,0.220278909477153,0.485227979604436
6139,8,12,8,3,[SEP],Token 3,-0.00616712546312652,0.000380334364779434
6140,8,12,8,4,[SEP],Token 4,0.2318509411325,0.53754858904026
6141,8,12,8,5,[SEP],Token 5,0.433460641699868,1.87888127902862
6142,8,12,8,6,[SEP],Token 6,0.110402511410229,0.121887145256857
6143,8,12,8,7,[SEP],.,-0.952758906993427,9.07749534855309
6144,8,12,8,8,[SEP],[SEP],0.606278737406745,3.67573907431517
6145,9,1,1,1,[CLS],[CLS],-0.848661882465391,7.20226990749701
6146,9,1,1,2,[CLS],Token 2,-0.0931069515350594,0.0866890442415191
6147,9,1,1,3,[CLS],Token 3,-0.189867122798898,0.360495243199316
6148,9,1,1,4,[CLS],Token 4,-0.111457395084793,0.124227509190876
6149,9,1,1,5,[CLS],Token 5,0.254819320917667,0.64932886312941
6150,9,1,1,6,[CLS],Token 6,-0.172874856789365,0.298857161099433
6151,9,1,1,7,[CLS],.,-0.15060900358413,0.226830719606046
6152,9,1,1,8,[CLS],[SEP],0.452122996269523,2.04415203755731
6153,9,1,2,1,Token 2,[CLS],0.141038007524587,0.198917195665055
6154,9,1,2,2,Token 2,Token 2,-0.0847115938473263,0.0717605413215438
6155,9,1,2,3,Token 2,Token 3,-0.3313028541684,1.09761581180128
6156,9,1,2,4,Token 2,Token 4,0.187029225047218,0.349799310217628
6157,9,1,2,5,Token 2,Token 5,0.164439520565653,0.270403559238618
6158,9,1,2,6,Token 2,Token 6,0.102059015763665,0.104160426986481
6159,9,1,2,7,Token 2,.,0.426029802160721,1.81501392329103
6160,9,1,2,8,Token 2,[SEP],-0.19800762282413,0.392070186964627
6161,9,1,3,1,Token 3,[CLS],0.172997392178313,0.299280977004969
6162,9,1,3,2,Token 3,Token 2,-0.0165745899586646,0.00274717032297866
6163,9,1,3,3,Token 3,Token 3,0.000471558120751026,2.2236706124624e-06
6164,9,1,3,4,Token 3,Token 4,0.261903465382183,0.685934251791966
6165,9,1,3,5,Token 3,Token 5,0.141888511288434,0.201323496356479
6166,9,1,3,6,Token 3,Token 6,0.107736671142413,0.116071903088485
6167,9,1,3,7,Token 3,.,0.0219276452939605,0.00480821628137747
6168,9,1,3,8,Token 3,[SEP],-0.17560472617653,0.308370198555341
6169,9,1,4,1,Token 4,[CLS],-0.0303840776107126,0.00923192172253808
6170,9,1,4,2,Token 4,Token 2,-0.0607960945790565,0.0369616511606558
6171,9,1,4,3,Token 4,Token 3,0.324438120968617,1.05260094337647
6172,9,1,4,4,Token 4,Token 4,0.101795085883418,0.103622395100124
6173,9,1,4,5,Token 4,Token 5,-0.108948692603495,0.118698176200108
6174,9,1,4,6,Token 4,Token 6,-0.0330236054812577,0.0109055851898175
6175,9,1,4,7,Token 4,.,0.068255473907609,0.046588097183523
6176,9,1,4,8,Token 4,[SEP],-0.00948283451222609,0.000899241503862662
6177,9,1,5,1,Token 5,[CLS],-0.0180276051634862,0.00324994547930555
6178,9,1,5,2,Token 5,Token 2,0.0844842508069892,0.0713758863441824
6179,9,1,5,3,Token 5,Token 3,0.15414415207673,0.237604196194539
6180,9,1,5,4,Token 5,Token 4,0.0348343693140613,0.0121343328550842
6181,9,1,5,5,Token 5,Token 5,0.0473503305055167,0.0224205379898167
6182,9,1,5,6,Token 5,Token 6,0.0978266237056926,0.0957004830565518
6183,9,1,5,7,Token 5,.,0.0472320375936877,0.0223086537525152
6184,9,1,5,8,Token 5,[SEP],-0.161389042421899,0.260464230138573
6185,9,1,6,1,Token 6,[CLS],-0.16655944003795,0.277420470657554
6186,9,1,6,2,Token 6,Token 2,0.245329078954647,0.601863569807355
6187,9,1,6,3,Token 6,Token 3,0.303650283787957,0.922034948445071
6188,9,1,6,4,Token 6,Token 4,0.329761076150716,1.08742367344079
6189,9,1,6,5,Token 6,Token 5,0.275315236162255,0.757984792630782
6190,9,1,6,6,Token 6,Token 6,-0.149772069163179,0.2243167270142
6191,9,1,6,7,Token 6,.,-0.401244994302281,1.60997545452638
6192,9,1,6,8,Token 6,[SEP],-0.0659759389487617,0.0435282452017073
6193,9,1,7,1,.,[CLS],-0.86213770354972,7.43281419881985
6194,9,1,7,2,.,Token 2,-0.239813122556633,0.575103337503628
6195,9,1,7,3,.,Token 3,-0.0504383172418419,0.0254402384618868
6196,9,1,7,4,.,Token 4,0.185372120755693,0.343628231534632
6197,9,1,7,5,.,Token 5,0.139605886163065,0.194898034513747
6198,9,1,7,6,.,Token 6,-0.103055580326547,0.106204526364413
6199,9,1,7,7,.,.,-0.421027198812441,1.7726390213985
6200,9,1,7,8,.,[SEP],0.461921080512596,2.13371084621924
6201,9,1,8,1,[SEP],[CLS],-0.70512459760654,4.97200698149784
6202,9,1,8,2,[SEP],Token 2,-0.220497935141668,0.486193394017394
6203,9,1,8,3,[SEP],Token 3,-0.144762262735909,0.209561127124204
6204,9,1,8,4,[SEP],Token 4,-0.212740739337643,0.452586221739268
6205,9,1,8,5,[SEP],Token 5,-0.000402958568983398,1.62375608317148e-06
6206,9,1,8,6,[SEP],Token 6,-0.0384113536793743,0.0147543209148198
6207,9,1,8,7,[SEP],.,-0.941585614225063,8.86583468915589
6208,9,1,8,8,[SEP],[SEP],0.572299489458381,3.27526705634324
6209,9,2,1,1,[CLS],[CLS],-1.01980835233081,10.4000907548367
6210,9,2,1,2,[CLS],Token 2,-0.242388183975747,0.587520317310607
6211,9,2,1,3,[CLS],Token 3,-0.238965193156433,0.571043635402914
6212,9,2,1,4,[CLS],Token 4,-0.380676216745508,1.44914381995673
6213,9,2,1,5,[CLS],Token 5,0.232785780942592,0.541892198090525
6214,9,2,1,6,[CLS],Token 6,-0.0843090507216333,0.0710801603358293
6215,9,2,1,7,[CLS],.,-0.474038077753514,2.24712099160247
6216,9,2,1,8,[CLS],[SEP],0.684269502864681,4.68224752550678
6217,9,2,2,1,Token 2,[CLS],-0.430522865570051,1.85349937778648
6218,9,2,2,2,Token 2,Token 2,-0.212661448439551,0.452248916524076
6219,9,2,2,3,Token 2,Token 3,-0.114337744809101,0.130731198880312
6220,9,2,2,4,Token 2,Token 4,-0.239957962990097,0.575798240023568
6221,9,2,2,5,Token 2,Token 5,0.183798396289095,0.337818504784431
6222,9,2,2,6,Token 2,Token 6,0.439902734049481,1.93514415424208
6223,9,2,2,7,Token 2,.,-0.695393267843806,4.83571796962488
6224,9,2,2,8,Token 2,[SEP],0.93034843374352,8.65548208169021
6225,9,2,3,1,Token 3,[CLS],-0.382597835876561,1.46381104017427
6226,9,2,3,2,Token 3,Token 2,0.0972540461401974,0.0945834949063967
6227,9,2,3,3,Token 3,Token 3,-0.0245346698679537,0.00601950025529477
6228,9,2,3,4,Token 3,Token 4,-0.0243394997951313,0.00592411250277195
6229,9,2,3,5,Token 3,Token 5,0.39756202568065,1.58055564263302
6230,9,2,3,6,Token 3,Token 6,0.333608133732897,1.11294386892747
6231,9,2,3,7,Token 3,.,-0.521577009301232,2.72042576631617
6232,9,2,3,8,Token 3,[SEP],0.0534357789834089,0.0285538247556372
6233,9,2,4,1,Token 4,[CLS],-0.165315306671856,0.273291506200098
6234,9,2,4,2,Token 4,Token 2,-0.887628859673886,7.87884992525964
6235,9,2,4,3,Token 4,Token 3,-0.036853291009213,0.0135816505820974
6236,9,2,4,4,Token 4,Token 4,-0.0726422373295331,0.0527689464424021
6237,9,2,4,5,Token 4,Token 5,-0.0182234841439253,0.00332095374343895
6238,9,2,4,6,Token 4,Token 6,0.33143376606119,1.09848341285504
6239,9,2,4,7,Token 4,.,-0.495861689920127,2.45878815530444
6240,9,2,4,8,Token 4,[SEP],0.385450173786697,1.48571836472195
6241,9,2,5,1,Token 5,[CLS],-0.432429596908492,1.86995356282441
6242,9,2,5,2,Token 5,Token 2,-0.559013326139438,3.12495898801477
6243,9,2,5,3,Token 5,Token 3,0.00205751965227765,4.23338711950873e-05
6244,9,2,5,4,Token 5,Token 4,-0.251463350303622,0.632338165459223
6245,9,2,5,5,Token 5,Token 5,0.101372305694205,0.102763443617593
6246,9,2,5,6,Token 5,Token 6,-0.280621811355952,0.787486010086956
6247,9,2,5,7,Token 5,.,-0.508170658229861,2.5823741788577
6248,9,2,5,8,Token 5,[SEP],0.439020035512292,1.92738591581214
6249,9,2,6,1,Token 6,[CLS],-0.432128838426087,1.86735332999479
6250,9,2,6,2,Token 6,Token 2,-0.21368637117364,0.456618652253587
6251,9,2,6,3,Token 6,Token 3,0.277815702842607,0.771815647459316
6252,9,2,6,4,Token 6,Token 4,0.291928558199628,0.852222830925138
6253,9,2,6,5,Token 6,Token 5,0.166646986166528,0.277712179983869
6254,9,2,6,6,Token 6,Token 6,-0.134394371103696,0.180618469843579
6255,9,2,6,7,Token 6,.,-0.573640885461904,3.29063865473518
6256,9,2,6,8,Token 6,[SEP],0.117452358087113,0.137950564202234
6257,9,2,7,1,.,[CLS],-1.14256198751915,13.054478953237
6258,9,2,7,2,.,Token 2,-0.623290675830763,3.88491266577569
6259,9,2,7,3,.,Token 3,-0.359058580011401,1.28923063879804
6260,9,2,7,4,.,Token 4,-0.43232757703271,1.86907133862974
6261,9,2,7,5,.,Token 5,0.0241235911854144,0.00581947651681001
6262,9,2,7,6,.,Token 6,-0.0092917358637449,0.000863363553616032
6263,9,2,7,7,.,.,-0.991478093584661,9.83028810058273
6264,9,2,7,8,.,[SEP],1.32765679806009,17.6267257343518
6265,9,2,8,1,[SEP],[CLS],0.242922243285382,0.590112162828023
6266,9,2,8,2,[SEP],Token 2,-0.171176808911018,0.293014999089591
6267,9,2,8,3,[SEP],Token 3,0.096130012671397,0.0924097933620294
6268,9,2,8,4,[SEP],Token 4,0.597631327659239,3.57163203799745
6269,9,2,8,5,[SEP],Token 5,0.50752842322451,2.57585100380758
6270,9,2,8,6,[SEP],Token 6,0.50219286521197,2.52197673869808
6271,9,2,8,7,[SEP],.,-0.0880819090831779,0.0775842270773722
6272,9,2,8,8,[SEP],[SEP],-0.496694201778593,2.46705130080473
6273,9,3,1,1,[CLS],[CLS],0.477825673971691,2.28317374706501
6274,9,3,1,2,[CLS],Token 2,-0.0308163417300464,0.00949646917622997
6275,9,3,1,3,[CLS],Token 3,-0.417815197252201,1.74569539054896
6276,9,3,1,4,[CLS],Token 4,-0.26481161378716,0.701251907965602
6277,9,3,1,5,[CLS],Token 5,-0.0608891541728056,0.0370748909587969
6278,9,3,1,6,[CLS],Token 6,-0.554371738141518,3.07328024050047
6279,9,3,1,7,[CLS],.,0.870863050828878,7.58402453298981
6280,9,3,1,8,[CLS],[SEP],0.272487108096404,0.742492240787415
6281,9,3,2,1,Token 2,[CLS],-0.426440533516551,1.81851528625881
6282,9,3,2,2,Token 2,Token 2,0.441564749602138,1.94979428091199
6283,9,3,2,3,Token 2,Token 3,0.0265773875145653,0.00706357527099372
6284,9,3,2,4,Token 2,Token 4,0.0325465836027606,0.0105928010421149
6285,9,3,2,5,Token 2,Token 5,-0.0420166081665827,0.0176539536182414
6286,9,3,2,6,Token 2,Token 6,-0.0374552614825213,0.0140289661272404
6287,9,3,2,7,Token 2,.,-0.252184171994276,0.635968566044387
6288,9,3,2,8,Token 2,[SEP],-0.119773087895458,0.14345592584013
6289,9,3,3,1,Token 3,[CLS],-0.00390687619182576,0.00015263681578255
6290,9,3,3,2,Token 3,Token 2,0.494604995833197,2.44634101903156
6291,9,3,3,3,Token 3,Token 3,0.1902902308066,0.36210371940429
6292,9,3,3,4,Token 3,Token 4,0.39772095664364,1.58181959353532
6293,9,3,3,5,Token 3,Token 5,0.0919715805399295,0.0845877162701274
6294,9,3,3,6,Token 3,Token 6,0.0268695518305219,0.007219728155731
6295,9,3,3,7,Token 3,.,0.237936669380374,0.566138586358253
6296,9,3,3,8,Token 3,[SEP],-0.433685238807155,1.88082886359219
6297,9,3,4,1,Token 4,[CLS],0.201612290232631,0.406475155728465
6298,9,3,4,2,Token 4,Token 2,0.801689920074532,6.4270672794911
6299,9,3,4,3,Token 4,Token 3,0.221433600349421,0.49032839363707
6300,9,3,4,4,Token 4,Token 4,0.25073898546164,0.628700388303325
6301,9,3,4,5,Token 4,Token 5,0.561061988579253,3.14790555028506
6302,9,3,4,6,Token 4,Token 6,-0.300777339858381,0.904670081722839
6303,9,3,4,7,Token 4,.,0.347877827376421,1.21018982780139
6304,9,3,4,8,Token 4,[SEP],-0.472345481223517,2.23110253632276
6305,9,3,5,1,Token 5,[CLS],-0.496921411076655,2.46930888786414
6306,9,3,5,2,Token 5,Token 2,0.218179846615838,0.476024454693105
6307,9,3,5,3,Token 5,Token 3,0.145520224951557,0.211761358699517
6308,9,3,5,4,Token 5,Token 4,0.0634388730344662,0.0402449061188312
6309,9,3,5,5,Token 5,Token 5,-0.383544405692188,1.47106311137773
6310,9,3,5,6,Token 5,Token 6,0.0107828996597237,0.00116270925071668
6311,9,3,5,7,Token 5,.,-0.33438427573756,1.11812843860533
6312,9,3,5,8,Token 5,[SEP],0.103671275076697,0.107477332760281
6313,9,3,6,1,Token 6,[CLS],-0.658329515707225,4.3339775125131
6314,9,3,6,2,Token 6,Token 2,0.160845937738115,0.258714156868535
6315,9,3,6,3,Token 6,Token 3,-0.0105998031999135,0.00112355827876897
6316,9,3,6,4,Token 6,Token 4,0.275701990475608,0.76011587552212
6317,9,3,6,5,Token 6,Token 5,-0.00021694059097533,4.70632200127253e-07
6318,9,3,6,6,Token 6,Token 6,-0.3818425461833,1.45803730075746
6319,9,3,6,7,Token 6,.,-0.394092576611512,1.553089589403
6320,9,3,6,8,Token 6,[SEP],0.249272594102095,0.62136826170388
6321,9,3,7,1,.,[CLS],-0.637886681604562,4.0689941856848
6322,9,3,7,2,.,Token 2,0.337531276824305,1.13927362834646
6323,9,3,7,3,.,Token 3,-0.174919861268493,0.305969578661888
6324,9,3,7,4,.,Token 4,-0.199726457430268,0.398906577976448
6325,9,3,7,5,.,Token 5,-0.228775065966098,0.523380308077923
6326,9,3,7,6,.,Token 6,-0.668485247065199,4.46872525543819
6327,9,3,7,7,.,.,0.317855198887019,1.01031927459507
6328,9,3,7,8,.,[SEP],-0.157012217383748,0.246528364077614
6329,9,3,8,1,[SEP],[CLS],0.360043343210572,1.29631208990246
6330,9,3,8,2,[SEP],Token 2,0.606775904484533,3.68176998263023
6331,9,3,8,3,[SEP],Token 3,-0.0974921634379808,0.0950472193181795
6332,9,3,8,4,[SEP],Token 4,0.748771074456703,5.60658121943046
6333,9,3,8,5,[SEP],Token 5,0.142344873379126,0.202620629773194
6334,9,3,8,6,[SEP],Token 6,-0.265089720657177,0.702725599981002
6335,9,3,8,7,[SEP],.,-0.186594102988922,0.348173592702405
6336,9,3,8,8,[SEP],[SEP],-0.425756612637699,1.81268693204728
6337,9,4,1,1,[CLS],[CLS],-0.306315927683708,0.938294475527304
6338,9,4,1,2,[CLS],Token 2,-0.52847896110526,2.79290012330895
6339,9,4,1,3,[CLS],Token 3,-0.608564861657406,3.70351190844097
6340,9,4,1,4,[CLS],Token 4,-0.4174109659183,1.74231914468848
6341,9,4,1,5,[CLS],Token 5,-0.621436882775881,3.86183799274205
6342,9,4,1,6,[CLS],Token 6,-0.779525775964402,6.07660435392902
6343,9,4,1,7,[CLS],.,0.0244590295859517,0.00598244128286459
6344,9,4,1,8,[CLS],[SEP],0.821267652145261,6.74480556460189
6345,9,4,2,1,Token 2,[CLS],0.134943397487698,0.182097205255228
6346,9,4,2,2,Token 2,Token 2,-0.551769413500974,3.04449485675209
6347,9,4,2,3,Token 2,Token 3,-0.480456404896317,2.30838357005894
6348,9,4,2,4,Token 2,Token 4,-0.293257772924855,0.860001213808457
6349,9,4,2,5,Token 2,Token 5,0.298374861988125,0.890275582664328
6350,9,4,2,6,Token 2,Token 6,0.214271955773561,0.459124710310269
6351,9,4,2,7,Token 2,.,0.112007876194258,0.125457643295482
6352,9,4,2,8,Token 2,[SEP],0.226996744554782,0.515275220384689
6353,9,4,3,1,Token 3,[CLS],0.175290603079433,0.307267955279513
6354,9,4,3,2,Token 3,Token 2,-0.538497037429302,2.89979059320135
6355,9,4,3,3,Token 3,Token 3,-0.208223857138294,0.433571746815489
6356,9,4,3,4,Token 3,Token 4,-0.412146003585756,1.6986432827171
6357,9,4,3,5,Token 3,Token 5,-0.0897710080372867,0.0805883388403059
6358,9,4,3,6,Token 3,Token 6,-0.0033712420293885,0.000113652728207155
6359,9,4,3,7,Token 3,.,0.0648734265431706,0.0420856147145216
6360,9,4,3,8,Token 3,[SEP],0.279216524005205,0.779618672775491
6361,9,4,4,1,Token 4,[CLS],0.503101958739065,2.53111580887084
6362,9,4,4,2,Token 4,Token 2,-1.06306256479782,11.3010201667451
6363,9,4,4,3,Token 4,Token 3,-0.384168849582779,1.47585704989756
6364,9,4,4,4,Token 4,Token 4,0.0982129940622929,0.0964579220267999
6365,9,4,4,5,Token 4,Token 5,-0.134458758960907,0.180791578613072
6366,9,4,4,6,Token 4,Token 6,0.150449756381088,0.226351291951286
6367,9,4,4,7,Token 4,.,0.702443648610705,4.9342707947352
6368,9,4,4,8,Token 4,[SEP],0.265006636491714,0.702285173846513
6369,9,4,5,1,Token 5,[CLS],-0.211321872174151,0.446569336591881
6370,9,4,5,2,Token 5,Token 2,-0.553612454034408,3.06486749261999
6371,9,4,5,3,Token 5,Token 3,-0.389349686746683,1.5159317856974
6372,9,4,5,4,Token 5,Token 4,-0.184751342925525,0.341330587127848
6373,9,4,5,5,Token 5,Token 5,0.00271311314636029,7.36098294495301e-05
6374,9,4,5,6,Token 5,Token 6,-0.237859816667791,0.565772923852351
6375,9,4,5,7,Token 5,.,-0.0348084860262944,0.0121163069944273
6376,9,4,5,8,Token 5,[SEP],0.349173125451968,1.21921871537896
6377,9,4,6,1,Token 6,[CLS],-0.165446400671413,0.273725114951258
6378,9,4,6,2,Token 6,Token 2,-0.0487922363702555,0.0238068233001088
6379,9,4,6,3,Token 6,Token 3,-0.249884397477287,0.624422121025869
6380,9,4,6,4,Token 6,Token 4,-0.00897108562112303,0.000804803772215204
6381,9,4,6,5,Token 6,Token 5,0.46935503198918,2.20294146053564
6382,9,4,6,6,Token 6,Token 6,0.392905898729584,1.54375045256502
6383,9,4,6,7,Token 6,.,-0.0276777163848305,0.00766055984279115
6384,9,4,6,8,Token 6,[SEP],-0.0844072986935493,0.0712459207274204
6385,9,4,7,1,.,[CLS],0.361639647669511,1.30783234766528
6386,9,4,7,2,.,Token 2,-0.458268519516716,2.10010035980042
6387,9,4,7,3,.,Token 3,-0.204965578368006,0.420108883157311
6388,9,4,7,4,.,Token 4,-0.200195227308028,0.400781290369128
6389,9,4,7,5,.,Token 5,-0.0381252329736827,0.0145353338929758
6390,9,4,7,6,.,Token 6,0.0191320081700191,0.0036603373661768
6391,9,4,7,7,.,.,0.252535821505715,0.637743411435664
6392,9,4,7,8,.,[SEP],0.209351801677511,0.438281768656199
6393,9,4,8,1,[SEP],[CLS],-1.17816316358091,13.8806844001898
6394,9,4,8,2,[SEP],Token 2,-0.249822602473735,0.624113327067499
6395,9,4,8,3,[SEP],Token 3,-0.116143322920685,0.134892714590585
6396,9,4,8,4,[SEP],Token 4,0.0105358908748169,0.00111004996526051
6397,9,4,8,5,[SEP],Token 5,0.39152919049317,1.53295107008237
6398,9,4,8,6,[SEP],Token 6,0.275883884703747,0.761119178392303
6399,9,4,8,7,[SEP],.,-1.28195086729566,16.433980261601
6400,9,4,8,8,[SEP],[SEP],0.356844823242426,1.27338227874918
6401,9,5,1,1,[CLS],[CLS],-1.11612411688819,12.4573304429945
6402,9,5,1,2,[CLS],Token 2,-0.0340256137601837,0.011577423917572
6403,9,5,1,3,[CLS],Token 3,-0.122532153259787,0.150141285824799
6404,9,5,1,4,[CLS],Token 4,-0.249900060629492,0.624500403026235
6405,9,5,1,5,[CLS],Token 5,0.271608877175473,0.737713821605211
6406,9,5,1,6,[CLS],Token 6,0.293641473931477,0.862253152126505
6407,9,5,1,7,[CLS],.,-1.16302128485694,13.5261850903029
6408,9,5,1,8,[CLS],[SEP],-0.538150486473685,2.89605946091864
6409,9,5,2,1,Token 2,[CLS],-0.170738699155303,0.291517033892449
6410,9,5,2,2,Token 2,Token 2,-0.105502770509109,0.111308345850978
6411,9,5,2,3,Token 2,Token 3,0.271654415206084,0.737961213009595
6412,9,5,2,4,Token 2,Token 4,-0.338932782428457,1.14875431004696
6413,9,5,2,5,Token 2,Token 5,-0.0138408873934743,0.00191570163838837
6414,9,5,2,6,Token 2,Token 6,0.21139579674012,0.446881828793901
6415,9,5,2,7,Token 2,.,-0.391547552823795,1.53309486122303
6416,9,5,2,8,Token 2,[SEP],0.0951354171855343,0.0905074760306566
6417,9,5,3,1,Token 3,[CLS],-0.0193885157414614,0.00375914542656897
6418,9,5,3,2,Token 3,Token 2,-0.0350894542214917,0.0123126979756216
6419,9,5,3,3,Token 3,Token 3,0.132902243502795,0.176630063280762
6420,9,5,3,4,Token 3,Token 4,0.104464574675084,0.109128473620462
6421,9,5,3,5,Token 3,Token 5,0.330645314550043,1.09326324033897
6422,9,5,3,6,Token 3,Token 6,0.247334207510283,0.6117421020474
6423,9,5,3,7,Token 3,.,-0.144158724085595,0.207817377299867
6424,9,5,3,8,Token 3,[SEP],-0.0534230392495192,0.0285402112265566
6425,9,5,4,1,Token 4,[CLS],0.278694442122312,0.776705920698668
6426,9,5,4,2,Token 4,Token 2,0.41873361544648,1.75337840704881
6427,9,5,4,3,Token 4,Token 3,0.328437187754296,1.07870986299951
6428,9,5,4,4,Token 4,Token 4,0.0696899659973357,0.048566913607098
6429,9,5,4,5,Token 4,Token 5,0.227279451456303,0.516559490542779
6430,9,5,4,6,Token 4,Token 6,0.972466027831264,9.45690175285917
6431,9,5,4,7,Token 4,.,0.0121904876461057,0.00148607989049856
6432,9,5,4,8,Token 4,[SEP],-0.560780167933312,3.14474396747313
6433,9,5,5,1,Token 5,[CLS],0.231647164793393,0.536604089568176
6434,9,5,5,2,Token 5,Token 2,0.473101802245968,2.23825315288383
6435,9,5,5,3,Token 5,Token 3,0.627136410190352,3.93300076986442
6436,9,5,5,4,Token 5,Token 4,0.24985211592138,0.624260798303909
6437,9,5,5,5,Token 5,Token 5,0.249642244570595,0.62321250274245
6438,9,5,5,6,Token 5,Token 6,0.427554895817132,1.82803188937199
6439,9,5,5,7,Token 5,.,-0.226160500027237,0.511485717725699
6440,9,5,5,8,Token 5,[SEP],-0.449542555746653,2.02088509427233
6441,9,5,6,1,Token 6,[CLS],0.423353360389075,1.79228067752722
6442,9,5,6,2,Token 6,Token 2,0.365614663390275,1.33674082085984
6443,9,5,6,3,Token 6,Token 3,0.301865298796272,0.911226586173627
6444,9,5,6,4,Token 6,Token 4,0.215577187011842,0.464735235599385
6445,9,5,6,5,Token 6,Token 5,0.426624870143653,1.82008779825089
6446,9,5,6,6,Token 6,Token 6,0.43426232454334,1.88583766517785
6447,9,5,6,7,Token 6,.,0.127818891915207,0.163376691304315
6448,9,5,6,8,Token 6,[SEP],-0.46182843578215,2.13285504096988
6449,9,5,7,1,.,[CLS],-0.559140843444363,3.12638482807673
6450,9,5,7,2,.,Token 2,-0.279189884795265,0.779469917719936
6451,9,5,7,3,.,Token 3,-0.11138688065371,0.124070371817638
6452,9,5,7,4,.,Token 4,-0.336816167036916,1.1344513037744
6453,9,5,7,5,.,Token 5,0.243546780430075,0.59315034257855
6454,9,5,7,6,.,Token 6,0.456509771352026,2.08401171339879
6455,9,5,7,7,.,.,-0.840738192764292,7.06840708772568
6456,9,5,7,8,.,[SEP],-0.170038381391909,0.289130511463802
6457,9,5,8,1,[SEP],[CLS],-0.497524482069423,2.47530610258447
6458,9,5,8,2,[SEP],Token 2,0.357494622503531,1.27802405118942
6459,9,5,8,3,[SEP],Token 3,0.295091140759818,0.870787813549305
6460,9,5,8,4,[SEP],Token 4,0.0380066866809557,0.0144450823246434
6461,9,5,8,5,[SEP],Token 5,0.415049292715959,1.72265915384018
6462,9,5,8,6,[SEP],Token 6,0.349396310734932,1.22077781955181
6463,9,5,8,7,[SEP],.,-0.48264571906803,2.32946890134696
6464,9,5,8,8,[SEP],[SEP],-0.219116198291261,0.480119083536153
6465,9,6,1,1,[CLS],[CLS],-0.772561979092917,5.96852011539965
6466,9,6,1,2,[CLS],Token 2,0.813758303877737,6.62202577129971
6467,9,6,1,3,[CLS],Token 3,0.260543949874805,0.678831498163648
6468,9,6,1,4,[CLS],Token 4,0.707236778158718,5.00183860380323
6469,9,6,1,5,[CLS],Token 5,0.859804843899327,7.39264369592746
6470,9,6,1,6,[CLS],Token 6,0.765273092370396,5.85642905906148
6471,9,6,1,7,[CLS],.,-0.221430282009683,0.490313697908876
6472,9,6,1,8,[CLS],[SEP],-1.48048118621578,21.9182454273889
6473,9,6,2,1,Token 2,[CLS],0.404440698981556,1.6357227899269
6474,9,6,2,2,Token 2,Token 2,0.653774724989772,4.27421391035452
6475,9,6,2,3,Token 2,Token 3,0.14601078149629,0.213191483131575
6476,9,6,2,4,Token 2,Token 4,0.440134696301813,1.9371855088869
6477,9,6,2,5,Token 2,Token 5,0.619433718796568,3.83698131982145
6478,9,6,2,6,Token 2,Token 6,0.592457863558909,3.51006320092788
6479,9,6,2,7,Token 2,.,0.481198966908562,2.31552445753868
6480,9,6,2,8,Token 2,[SEP],-0.548286065149769,3.00617609237417
6481,9,6,3,1,Token 3,[CLS],-0.0543076031711824,0.0294931576219862
6482,9,6,3,2,Token 3,Token 2,0.265133499275631,0.702957724381409
6483,9,6,3,3,Token 3,Token 3,0.494546447225049,2.44576188462918
6484,9,6,3,4,Token 3,Token 4,0.231970404844375,0.53810268723663
6485,9,6,3,5,Token 3,Token 5,0.201027184124178,0.404119287568963
6486,9,6,3,6,Token 3,Token 6,0.363910717122953,1.32431010036942
6487,9,6,3,7,Token 3,.,0.214392074657859,0.459639616761009
6488,9,6,3,8,Token 3,[SEP],-0.385606277309096,1.4869220110018
6489,9,6,4,1,Token 4,[CLS],0.130066012686708,0.169171676562189
6490,9,6,4,2,Token 4,Token 2,0.588622957544633,3.46476986148591
6491,9,6,4,3,Token 4,Token 3,0.447649303013582,2.00389898488545
6492,9,6,4,4,Token 4,Token 4,0.55998700183512,3.13585442224287
6493,9,6,4,5,Token 4,Token 5,0.23577325040875,0.555890256083073
6494,9,6,4,6,Token 4,Token 6,0.398936558707385,1.59150377873291
6495,9,6,4,7,Token 4,.,0.291237789380067,0.848194499629881
6496,9,6,4,8,Token 4,[SEP],-0.795165701924814,6.32288493517582
6497,9,6,5,1,Token 5,[CLS],-0.442454998334087,1.95766425550817
6498,9,6,5,2,Token 5,Token 2,0.251208937645522,0.631059303529919
6499,9,6,5,3,Token 5,Token 3,0.284523631635856,0.809536969592564
6500,9,6,5,4,Token 5,Token 4,0.669285068736967,4.47942503234247
6501,9,6,5,5,Token 5,Token 5,0.328442059548722,1.07874186480606
6502,9,6,5,6,Token 5,Token 6,0.355634026645662,1.26475560908207
6503,9,6,5,7,Token 5,.,0.253414609115631,0.642189641132278
6504,9,6,5,8,Token 5,[SEP],-0.850987233113527,7.24179270922217
6505,9,6,6,1,Token 6,[CLS],-0.522820211483879,2.73340973536048
6506,9,6,6,2,Token 6,Token 2,0.458920201748199,2.10607751572607
6507,9,6,6,3,Token 6,Token 3,0.284337762341303,0.808479630932596
6508,9,6,6,4,Token 6,Token 4,0.513196187962028,2.63370327338757
6509,9,6,6,5,Token 6,Token 5,0.0942279704104358,0.0887891040766997
6510,9,6,6,6,Token 6,Token 6,0.225409589005353,0.508094828155623
6511,9,6,6,7,Token 6,.,0.00467162472086444,0.000218240775325917
6512,9,6,6,8,Token 6,[SEP],-0.694673773011562,4.82571650910119
6513,9,6,7,1,.,[CLS],-1.15145474378847,13.2584802699298
6514,9,6,7,2,.,Token 2,0.568985030720519,3.2374396518403
6515,9,6,7,3,.,Token 3,0.196826816292666,0.38740795611907
6516,9,6,7,4,.,Token 4,0.192228150479385,0.36951661836725
6517,9,6,7,5,.,Token 5,0.537466120180033,2.88869830341378
6518,9,6,7,6,.,Token 6,0.614185028726704,3.77223249512022
6519,9,6,7,7,.,.,-0.745908136580333,5.56378948216744
6520,9,6,7,8,.,[SEP],-1.51433119078369,22.9319895538033
6521,9,6,8,1,[SEP],[CLS],-0.15480817812212,0.2396557201349
6522,9,6,8,2,[SEP],Token 2,0.337356767423823,1.13809588526651
6523,9,6,8,3,[SEP],Token 3,0.169686347339038,0.287934564732647
6524,9,6,8,4,[SEP],Token 4,0.918701676652684,8.44012770684454
6525,9,6,8,5,[SEP],Token 5,0.731386549920771,5.34926285405009
6526,9,6,8,6,[SEP],Token 6,0.660258901663244,4.35941817225554
6527,9,6,8,7,[SEP],.,-0.358650887255846,1.28630458929405
6528,9,6,8,8,[SEP],[SEP],-0.930815835723813,8.66418120034219
6529,9,7,1,1,[CLS],[CLS],-0.0712786866321282,0.0508065116800113
6530,9,7,1,2,[CLS],Token 2,0.466033855688235,2.17187554647643
6531,9,7,1,3,[CLS],Token 3,0.461488960822213,2.12972060960766
6532,9,7,1,4,[CLS],Token 4,0.59698198508593,3.56387490517138
6533,9,7,1,5,[CLS],Token 5,0.747751101713229,5.59131710113348
6534,9,7,1,6,[CLS],Token 6,0.384457623270593,1.47807664090873
6535,9,7,1,7,[CLS],.,0.645722220016989,4.16957185423669
6536,9,7,1,8,[CLS],[SEP],-1.0504675225327,11.03482015896
6537,9,7,2,1,Token 2,[CLS],-0.104642290139971,0.10950008885738
6538,9,7,2,2,Token 2,Token 2,-0.045739745077277,0.0209212427973428
6539,9,7,2,3,Token 2,Token 3,0.168715271313709,0.284648427744583
6540,9,7,2,4,Token 2,Token 4,0.558357680234878,3.11763299077274
6541,9,7,2,5,Token 2,Token 5,-0.0860881294624463,0.0741116603434291
6542,9,7,2,6,Token 2,Token 6,0.16032722513732,0.257048191202328
6543,9,7,2,7,Token 2,.,0.396293239444732,1.570483316296
6544,9,7,2,8,Token 2,[SEP],-0.225093331493595,0.506670078828853
6545,9,7,3,1,Token 3,[CLS],0.13199738996953,0.174233109587681
6546,9,7,3,2,Token 3,Token 2,0.267471896019709,0.715412151603781
6547,9,7,3,3,Token 3,Token 3,0.337518044010843,1.13918430032905
6548,9,7,3,4,Token 3,Token 4,0.34935571947735,1.22049418731536
6549,9,7,3,5,Token 3,Token 5,0.204753316135155,0.419239204683429
6550,9,7,3,6,Token 3,Token 6,0.535811029147215,2.87093458955798
6551,9,7,3,7,Token 3,.,0.896773266873849,8.04202292179596
6552,9,7,3,8,Token 3,[SEP],-0.440548366523176,1.94082863246239
6553,9,7,4,1,Token 4,[CLS],0.296634586225339,0.879920777450778
6554,9,7,4,2,Token 4,Token 2,-0.0911259936192783,0.0830394671310075
6555,9,7,4,3,Token 4,Token 3,0.304293456028933,0.925945073820325
6556,9,7,4,4,Token 4,Token 4,0.376764610272961,1.41951571554136
6557,9,7,4,5,Token 4,Token 5,0.0071525814367098,0.000511594212087656
6558,9,7,4,6,Token 4,Token 6,0.618538603244462,3.82590003703609
6559,9,7,4,7,Token 4,.,1.0470856655734,10.9638839104928
6560,9,7,4,8,Token 4,[SEP],-0.305973168564877,0.936195798816306
6561,9,7,5,1,Token 5,[CLS],0.236130608194382,0.557576641262488
6562,9,7,5,2,Token 5,Token 2,0.466156889336178,2.17302245475582
6563,9,7,5,3,Token 5,Token 3,0.311011182241867,0.967279554794835
6564,9,7,5,4,Token 5,Token 4,0.556005940817613,3.0914260622448
6565,9,7,5,5,Token 5,Token 5,0.542016288352128,2.93781656839018
6566,9,7,5,6,Token 5,Token 6,0.532962707411344,2.8404924749123
6567,9,7,5,7,Token 5,.,0.819250132312559,6.71170779294147
6568,9,7,5,8,Token 5,[SEP],-0.808545728105435,6.53746194437548
6569,9,7,6,1,Token 6,[CLS],-0.0983834538114265,0.0967930398386508
6570,9,7,6,2,Token 6,Token 2,0.777692644219938,6.04805848873799
6571,9,7,6,3,Token 6,Token 3,0.265068814382532,0.702614763581609
6572,9,7,6,4,Token 6,Token 4,0.59832118986102,3.57988246236706
6573,9,7,6,5,Token 6,Token 5,0.56872584376665,3.23449085368088
6574,9,7,6,6,Token 6,Token 6,0.0541670057310113,0.0293406450986341
6575,9,7,6,7,Token 6,.,0.423575162487534,1.79415918276341
6576,9,7,6,8,Token 6,[SEP],-0.797461881654007,6.3594545269115
6577,9,7,7,1,.,[CLS],-0.507858895288789,2.57920657523949
6578,9,7,7,2,.,Token 2,0.440628273724673,1.94153275605586
6579,9,7,7,3,.,Token 3,0.20849716997644,0.434710698881846
6580,9,7,7,4,.,Token 4,0.816940888285144,6.67392414952121
6581,9,7,7,5,.,Token 5,0.730832972280103,5.34116833371769
6582,9,7,7,6,.,Token 6,0.331446324829532,1.09856666243004
6583,9,7,7,7,.,.,0.217885794319362,0.474742193661791
6584,9,7,7,8,.,[SEP],-0.755582327150394,5.70904653102005
6585,9,7,8,1,[SEP],[CLS],0.616734651190954,3.80361629979628
6586,9,7,8,2,[SEP],Token 2,0.241415195110756,0.582812964303643
6587,9,7,8,3,[SEP],Token 3,0.178128253656395,0.317296747506769
6588,9,7,8,4,[SEP],Token 4,0.750734101234432,5.63601690756271
6589,9,7,8,5,[SEP],Token 5,1.08116984553859,11.6892823490193
6590,9,7,8,6,[SEP],Token 6,0.450472581472213,2.0292554665824
6591,9,7,8,7,[SEP],.,0.507236910049869,2.57289282916939
6592,9,7,8,8,[SEP],[SEP],-0.943131826546925,8.89497642245739
6593,9,8,1,1,[CLS],[CLS],-0.790692507077077,6.25194640747833
6594,9,8,1,2,[CLS],Token 2,-0.678568802544408,4.60455619786552
6595,9,8,1,3,[CLS],Token 3,-0.146051378559216,0.213310051790475
6596,9,8,1,4,[CLS],Token 4,-0.331759255289483,1.10064203470232
6597,9,8,1,5,[CLS],Token 5,-0.298447693894059,0.890710259906818
6598,9,8,1,6,[CLS],Token 6,-0.21659165400632,0.469119445851935
6599,9,8,1,7,[CLS],.,-0.808749023543204,6.54074983082086
6600,9,8,1,8,[CLS],[SEP],1.34163940397547,17.9999629029965
6601,9,8,2,1,Token 2,[CLS],-0.159656670385354,0.254902523985376
6602,9,8,2,2,Token 2,Token 2,-0.546079252451704,2.98202549958212
6603,9,8,2,3,Token 2,Token 3,-0.117072830751441,0.137060477001555
6604,9,8,2,4,Token 2,Token 4,-0.226915141661053,0.514904815150559
6605,9,8,2,5,Token 2,Token 5,-0.0476885350163557,0.0227419637200619
6606,9,8,2,6,Token 2,Token 6,0.00832325057820179,0.000692765001875364
6607,9,8,2,7,Token 2,.,-0.419825597196392,1.76253532061307
6608,9,8,2,8,Token 2,[SEP],0.660756652819176,4.36599354244801
6609,9,8,3,1,Token 3,[CLS],-0.603256453387227,3.63918348553336
6610,9,8,3,2,Token 3,Token 2,-0.272515084926493,0.742644715124935
6611,9,8,3,3,Token 3,Token 3,-0.287989893200559,0.829381785856693
6612,9,8,3,4,Token 3,Token 4,-0.0466212831951398,0.0217354404676143
6613,9,8,3,5,Token 3,Token 5,0.267762647886081,0.716968356029657
6614,9,8,3,6,Token 3,Token 6,0.202963122808484,0.411940292201718
6615,9,8,3,7,Token 3,.,-0.674767130742781,4.55310680730845
6616,9,8,3,8,Token 3,[SEP],0.287155185246786,0.824581004141157
6617,9,8,4,1,Token 4,[CLS],-0.654557795034759,4.28445907040766
6618,9,8,4,2,Token 4,Token 2,-0.72249018371385,5.21992065562873
6619,9,8,4,3,Token 4,Token 3,-0.102128599659795,0.104302508684706
6620,9,8,4,4,Token 4,Token 4,-0.300386389691677,0.902319831119999
6621,9,8,4,5,Token 4,Token 5,-0.119679821642558,0.143232597083945
6622,9,8,4,6,Token 4,Token 6,0.166656090611689,0.277742525379715
6623,9,8,4,7,Token 4,.,-0.851899527276033,7.2573280457313
6624,9,8,4,8,Token 4,[SEP],0.902570034791317,8.14632667703198
6625,9,8,5,1,Token 5,[CLS],-0.551677875296991,3.04348478092203
6626,9,8,5,2,Token 5,Token 2,-0.328345452841254,1.07810736401528
6627,9,8,5,3,Token 5,Token 3,0.0320741219542894,0.0102874929913863
6628,9,8,5,4,Token 5,Token 4,-0.021470403937652,0.00460978245245942
6629,9,8,5,5,Token 5,Token 5,-0.16664805585002,0.277715745185913
6630,9,8,5,6,Token 5,Token 6,0.233335578822853,0.54445492344596
6631,9,8,5,7,Token 5,.,-0.925302965815133,8.56185578546281
6632,9,8,5,8,Token 5,[SEP],0.476185857777414,2.26752971147212
6633,9,8,6,1,Token 6,[CLS],-0.714774532320778,5.10902632054387
6634,9,8,6,2,Token 6,Token 2,0.0817519399309857,0.066833796824795
6635,9,8,6,3,Token 6,Token 3,0.371442893773308,1.37969823334689
6636,9,8,6,4,Token 6,Token 4,0.320407454397656,1.02660936833586
6637,9,8,6,5,Token 6,Token 5,0.169905022390202,0.288677166334149
6638,9,8,6,6,Token 6,Token 6,0.25155143331644,0.632781236035554
6639,9,8,6,7,Token 6,.,-0.84681870681817,7.17101922217199
6640,9,8,6,8,Token 6,[SEP],-0.173811495271172,0.302104358884005
6641,9,8,7,1,.,[CLS],-1.16534287943967,13.5802402666074
6642,9,8,7,2,.,Token 2,-0.164267008435441,0.269836500603292
6643,9,8,7,3,.,Token 3,-0.360135078551534,1.2969727480332
6644,9,8,7,4,.,Token 4,-0.104219315843679,0.108616657949244
6645,9,8,7,5,.,Token 5,-0.150548203791846,0.226647616649511
6646,9,8,7,6,.,Token 6,0.181443631637567,0.329217914618292
6647,9,8,7,7,.,.,-0.940896146572699,8.85285558635353
6648,9,8,7,8,.,[SEP],0.889519066179372,7.91244169096623
6649,9,8,8,1,[SEP],[CLS],-0.90584210471415,8.20549918672962
6650,9,8,8,2,[SEP],Token 2,-0.0471629650956701,0.022243452766154
6651,9,8,8,3,[SEP],Token 3,0.162972842268129,0.265601473169526
6652,9,8,8,4,[SEP],Token 4,0.160590795644199,0.257894036456368
6653,9,8,8,5,[SEP],Token 5,0.313874248953691,0.985170441562437
6654,9,8,8,6,[SEP],Token 6,0.574612191693968,3.30179170843346
6655,9,8,8,7,[SEP],.,-1.42916693411165,20.425181255581
6656,9,8,8,8,[SEP],[SEP],-0.246578424152911,0.60800919257733
6657,9,9,1,1,[CLS],[CLS],-0.554982400727062,3.08005465116773
6658,9,9,1,2,[CLS],Token 2,0.66497321833564,4.42189381103658
6659,9,9,1,3,[CLS],Token 3,-0.124003252767539,0.153768066969302
6660,9,9,1,4,[CLS],Token 4,-0.0920681508776944,0.084765444060379
6661,9,9,1,5,[CLS],Token 5,-0.242878866920372,0.589901439965238
6662,9,9,1,6,[CLS],Token 6,-0.530377521219091,2.81300315014507
6663,9,9,1,7,[CLS],.,0.457377847745869,2.09194495608643
6664,9,9,1,8,[CLS],[SEP],0.824057421492656,6.79070633917125
6665,9,9,2,1,Token 2,[CLS],-0.16283322945155,0.265146606136211
6666,9,9,2,2,Token 2,Token 2,0.0804520397242137,0.0647253069578645
6667,9,9,2,3,Token 2,Token 3,-0.277640222584854,0.770840931969675
6668,9,9,2,4,Token 2,Token 4,-0.325612890580111,1.06023754511935
6669,9,9,2,5,Token 2,Token 5,-0.299041665206977,0.894259175297618
6670,9,9,2,6,Token 2,Token 6,0.0735860551699299,0.0541490751547197
6671,9,9,2,7,Token 2,.,-0.00576836307549487,0.000332740125707327
6672,9,9,2,8,Token 2,[SEP],0.622358292715183,3.87329844511358
6673,9,9,3,1,Token 3,[CLS],-0.302591165649116,0.915614135288907
6674,9,9,3,2,Token 3,Token 2,-0.0836939975566866,0.0700468522701864
6675,9,9,3,3,Token 3,Token 3,-0.0454526670189725,0.0206594493913759
6676,9,9,3,4,Token 3,Token 4,-0.713555015851957,5.09160760647486
6677,9,9,3,5,Token 3,Token 5,-0.38451819980934,1.47854245984615
6678,9,9,3,6,Token 3,Token 6,0.014704948801885,0.0021623551926606
6679,9,9,3,7,Token 3,.,-0.247413334884763,0.612133582787996
6680,9,9,3,8,Token 3,[SEP],0.524823430999493,2.7543963372608
6681,9,9,4,1,Token 4,[CLS],-0.247498277421013,0.612553973263687
6682,9,9,4,2,Token 4,Token 2,0.253155004050457,0.640874560757869
6683,9,9,4,3,Token 4,Token 3,-0.195125018098626,0.38073772687989
6684,9,9,4,4,Token 4,Token 4,-0.390994285484932,1.52876531281873
6685,9,9,4,5,Token 4,Token 5,-0.464074294038598,2.15364950387423
6686,9,9,4,6,Token 4,Token 6,0.0562496225355731,0.0316402003539445
6687,9,9,4,7,Token 4,.,0.24622654373605,0.60627510840201
6688,9,9,4,8,Token 4,[SEP],0.377128782733557,1.42226118766095
6689,9,9,5,1,Token 5,[CLS],-0.209448028242278,0.438684765345782
6690,9,9,5,2,Token 5,Token 2,0.25852993268804,0.668377260956823
6691,9,9,5,3,Token 5,Token 3,0.00515258865839062,0.000265491698825757
6692,9,9,5,4,Token 5,Token 4,-0.0191486558757896,0.0036667102184941
6693,9,9,5,5,Token 5,Token 5,-0.310059122944537,0.961366597211359
6694,9,9,5,6,Token 5,Token 6,-0.0347934230059362,0.0121058228447001
6695,9,9,5,7,Token 5,.,0.409215257006716,1.67457126567073
6696,9,9,5,8,Token 5,[SEP],0.0742784785605861,0.0551729237727544
6697,9,9,6,1,Token 6,[CLS],-0.0522994100587268,0.0273522829249086
6698,9,9,6,2,Token 6,Token 2,0.544152147984558,2.96101560156208
6699,9,9,6,3,Token 6,Token 3,0.0277570618920499,0.00770454484879089
6700,9,9,6,4,Token 6,Token 4,0.172217085144645,0.296587244157179
6701,9,9,6,5,Token 6,Token 5,0.262606760411831,0.689623106139968
6702,9,9,6,6,Token 6,Token 6,-0.19907822271572,0.396321387596497
6703,9,9,6,7,Token 6,.,0.444715558019727,1.97771927544798
6704,9,9,6,8,Token 6,[SEP],-0.157526065639898,0.248144613559856
6705,9,9,7,1,.,[CLS],-0.541246068672974,2.9294730685395
6706,9,9,7,2,.,Token 2,0.776775507921352,6.03380189706475
6707,9,9,7,3,.,Token 3,-0.00247171065813278,6.1093535775272e-05
6708,9,9,7,4,.,Token 4,0.0455575379673398,0.0207548926564561
6709,9,9,7,5,.,Token 5,-0.47681786249671,2.27355273995931
6710,9,9,7,6,.,Token 6,-0.432788773472139,1.87306122443518
6711,9,9,7,7,.,.,0.262860811244515,0.690958060881243
6712,9,9,7,8,.,[SEP],0.0867392436042854,0.0752369638104357
6713,9,9,8,1,[SEP],[CLS],-0.873757964877285,7.63452981186493
6714,9,9,8,2,[SEP],Token 2,-0.276574864296215,0.7649365556047
6715,9,9,8,3,[SEP],Token 3,-0.250982157643256,0.629920434552642
6716,9,9,8,4,[SEP],Token 4,-0.423448835729453,1.7930891648063
6717,9,9,8,5,[SEP],Token 5,-0.31525278745002,0.993843199950075
6718,9,9,8,6,[SEP],Token 6,-0.873888275337659,7.63680717772627
6719,9,9,8,7,[SEP],.,-0.766177163272467,5.87027445520245
6720,9,9,8,8,[SEP],[SEP],1.11876757567763,12.5164088838761
6721,9,10,1,1,[CLS],[CLS],-0.906593158932446,8.21911155823112
6722,9,10,1,2,[CLS],Token 2,0.204606644951115,0.418638791581516
6723,9,10,1,3,[CLS],Token 3,0.00334917458513095,0.00011216970401687
6724,9,10,1,4,[CLS],Token 4,0.0579112817831824,0.0335371655777114
6725,9,10,1,5,[CLS],Token 5,0.0395329620434143,0.0156285508792604
6726,9,10,1,6,[CLS],Token 6,-0.177851674187588,0.316312180113279
6727,9,10,1,7,[CLS],.,-0.496739938808828,2.46750566807798
6728,9,10,1,8,[CLS],[SEP],0.207370022378119,0.430023261811017
6729,9,10,2,1,Token 2,[CLS],0.186165687128924,0.346576630641845
6730,9,10,2,2,Token 2,Token 2,-0.315514809851709,0.9954959523576
6731,9,10,2,3,Token 2,Token 3,-0.285901743983366,0.817398072127302
6732,9,10,2,4,Token 2,Token 4,-0.0629406985326946,0.0396153153178354
6733,9,10,2,5,Token 2,Token 5,0.02456401887064,0.00603391023077159
6734,9,10,2,6,Token 2,Token 6,0.0364440466096508,0.013281685332864
6735,9,10,2,7,Token 2,.,0.0450847085669299,0.0203263094656501
6736,9,10,2,8,Token 2,[SEP],0.202549011156259,0.410261019203785
6737,9,10,3,1,Token 3,[CLS],0.178192133932076,0.31752436595267
6738,9,10,3,2,Token 3,Token 2,-0.0286603349849401,0.00821414801448979
6739,9,10,3,3,Token 3,Token 3,0.123141737065136,0.15163887407419
6740,9,10,3,4,Token 3,Token 4,0.0762002320514823,0.0580647536469975
6741,9,10,3,5,Token 3,Token 5,-0.0784504615603871,0.0615447491903778
6742,9,10,3,6,Token 3,Token 6,-0.0903966654944252,0.08171557132511
6743,9,10,3,7,Token 3,.,0.0813634998027475,0.0662001910015169
6744,9,10,3,8,Token 3,[SEP],0.063936423286438,0.0408786622266258
6745,9,10,4,1,Token 4,[CLS],0.114787102950293,0.131760790037212
6746,9,10,4,2,Token 4,Token 2,-0.150557802390279,0.226676518605902
6747,9,10,4,3,Token 4,Token 3,-0.118100703442685,0.13947776153657
6748,9,10,4,4,Token 4,Token 4,-0.023767481948269,0.00564893198161291
6749,9,10,4,5,Token 4,Token 5,0.215539556506562,0.464573004190454
6750,9,10,4,6,Token 4,Token 6,-0.205161312529258,0.420911641587279
6751,9,10,4,7,Token 4,.,-0.0443855705519894,0.0197007887322563
6752,9,10,4,8,Token 4,[SEP],0.405305853638047,1.64272834993266
6753,9,10,5,1,Token 5,[CLS],-0.00945714498800164,0.000894375913240847
6754,9,10,5,2,Token 5,Token 2,-0.0727682357857305,0.0529521613936767
6755,9,10,5,3,Token 5,Token 3,-0.255785163528294,0.65426049881196
6756,9,10,5,4,Token 5,Token 4,0.387987997417248,1.50534686139847
6757,9,10,5,5,Token 5,Token 5,0.696413757537474,4.84992121687464
6758,9,10,5,6,Token 5,Token 6,-0.170744190800917,0.2915357869226
6759,9,10,5,7,Token 5,.,0.0731675954362848,0.0535349702192784
6760,9,10,5,8,Token 5,[SEP],-0.136505540070927,0.186337624700555
6761,9,10,6,1,Token 6,[CLS],-0.431456040161169,1.86154314591557
6762,9,10,6,2,Token 6,Token 2,-0.116987691370418,0.136861199321803
6763,9,10,6,3,Token 6,Token 3,-0.00787388630838362,0.00061998085597351
6764,9,10,6,4,Token 6,Token 4,0.450716975525659,2.03145792026997
6765,9,10,6,5,Token 6,Token 5,0.0889589071888813,0.0791368716824
6766,9,10,6,6,Token 6,Token 6,0.239859832097603,0.575327390538906
6767,9,10,6,7,Token 6,.,-0.299007267005098,0.894053457218579
6768,9,10,6,8,Token 6,[SEP],0.107345978316877,0.115231590608074
6769,9,10,7,1,.,[CLS],-0.986146993752099,9.72485893286302
6770,9,10,7,2,.,Token 2,-0.15596583758115,0.243253424923896
6771,9,10,7,3,.,Token 3,0.17486112044523,0.305764114433613
6772,9,10,7,4,.,Token 4,0.103781978506721,0.107706990627695
6773,9,10,7,5,.,Token 5,0.112108824592341,0.125683885514764
6774,9,10,7,6,.,Token 6,-0.024054433722416,0.00578615781706104
6775,9,10,7,7,.,.,-0.85799781527529,7.36160251017171
6776,9,10,7,8,.,[SEP],-0.0511775584587295,0.0261914248979667
6777,9,10,8,1,[SEP],[CLS],-0.242671779589469,0.588895926091197
6778,9,10,8,2,[SEP],Token 2,-0.125331979329985,0.157081050427719
6779,9,10,8,3,[SEP],Token 3,-0.0754247880077561,0.0568889864601494
6780,9,10,8,4,[SEP],Token 4,0.0930012085988343,0.0864922480084388
6781,9,10,8,5,[SEP],Token 5,0.151871637224558,0.230649941932677
6782,9,10,8,6,[SEP],Token 6,-0.21477900375798,0.461300204552704
6783,9,10,8,7,[SEP],.,-0.518491470840263,2.68833405334099
6784,9,10,8,8,[SEP],[SEP],0.238217987226485,0.56747809438238
6785,9,11,1,1,[CLS],[CLS],-1.32012775358946,17.4273728579716
6786,9,11,1,2,[CLS],Token 2,-0.50859219427081,2.58666020073197
6787,9,11,1,3,[CLS],Token 3,-0.104525000133906,0.10925475652993
6788,9,11,1,4,[CLS],Token 4,0.0230466886567975,0.0053114985804336
6789,9,11,1,5,[CLS],Token 5,0.381987842890977,1.45914712116501
6790,9,11,1,6,[CLS],Token 6,-0.00888577559568956,0.00078957007936952
6791,9,11,1,7,[CLS],.,-0.948339456087367,8.99347723972082
6792,9,11,1,8,[CLS],[SEP],0.194704598526577,0.379098806873955
6793,9,11,2,1,Token 2,[CLS],0.0732366879668426,0.0536361246435266
6794,9,11,2,2,Token 2,Token 2,0.0430283084139793,0.0185143532496852
6795,9,11,2,3,Token 2,Token 3,-0.133561567540587,0.178386923238988
6796,9,11,2,4,Token 2,Token 4,0.183476454903599,0.336636095039922
6797,9,11,2,5,Token 2,Token 5,0.343649695612787,1.18095113294761
6798,9,11,2,6,Token 2,Token 6,0.220654358349751,0.486883458587402
6799,9,11,2,7,Token 2,.,-0.0954400424215498,0.0910880169742722
6800,9,11,2,8,Token 2,[SEP],0.0122671823777028,0.00150483763487822
6801,9,11,3,1,Token 3,[CLS],-0.139752556156933,0.195307769523967
6802,9,11,3,2,Token 3,Token 2,-0.112989082891718,0.127665328527116
6803,9,11,3,3,Token 3,Token 3,-0.262678528043011,0.690000090948429
6804,9,11,3,4,Token 3,Token 4,0.232877121512796,0.542317537240857
6805,9,11,3,5,Token 3,Token 5,0.35279422256086,1.24463763472321
6806,9,11,3,6,Token 3,Token 6,0.200618221493788,0.402476707953306
6807,9,11,3,7,Token 3,.,-0.190008060211119,0.361030629451922
6808,9,11,3,8,Token 3,[SEP],-0.145212327363348,0.210866200182803
6809,9,11,4,1,Token 4,[CLS],-0.35234862579374,1.24149554098737
6810,9,11,4,2,Token 4,Token 2,0.282068411113129,0.795625885478854
6811,9,11,4,3,Token 4,Token 3,-0.159330221478591,0.253861194764169
6812,9,11,4,4,Token 4,Token 4,-0.0701443992060613,0.049202367399793
6813,9,11,4,5,Token 4,Token 5,-0.0413735328117803,0.0171176921732746
6814,9,11,4,6,Token 4,Token 6,0.0489604345117958,0.0239712414758384
6815,9,11,4,7,Token 4,.,-0.312101042863671,0.974070609565908
6816,9,11,4,8,Token 4,[SEP],0.0584600217931157,0.0341757414805157
6817,9,11,5,1,Token 5,[CLS],-0.237500595030557,0.564065326398688
6818,9,11,5,2,Token 5,Token 2,0.149816615224001,0.224450181971762
6819,9,11,5,3,Token 5,Token 3,-0.148866559145073,0.221612524316934
6820,9,11,5,4,Token 5,Token 4,0.0408196042030726,0.016662400872955
6821,9,11,5,5,Token 5,Token 5,-0.00805695556181018,0.000649145329249838
6822,9,11,5,6,Token 5,Token 6,0.383208047342224,1.4684840754784
6823,9,11,5,7,Token 5,.,-0.149443770678995,0.223334405947561
6824,9,11,5,8,Token 5,[SEP],-0.00662824367609647,0.000439336142297128
6825,9,11,6,1,Token 6,[CLS],-0.476112928446224,2.26683520633639
6826,9,11,6,2,Token 6,Token 2,0.243925648991219,0.594997222357875
6827,9,11,6,3,Token 6,Token 3,0.00890230073221696,0.000792509583268306
6828,9,11,6,4,Token 6,Token 4,0.229110338449739,0.52491547184554
6829,9,11,6,5,Token 6,Token 5,0.133680496092413,0.178704750355136
6830,9,11,6,6,Token 6,Token 6,0.409051585399798,1.67323199518088
6831,9,11,6,7,Token 6,.,-0.491966407405202,2.42030946015182
6832,9,11,6,8,Token 6,[SEP],-0.314742047676737,0.990625565757456
6833,9,11,7,1,.,[CLS],-0.863911960992788,7.46343876346405
6834,9,11,7,2,.,Token 2,-0.216594389532022,0.469131295767495
6835,9,11,7,3,.,Token 3,-0.151213013872058,0.228653755642711
6836,9,11,7,4,.,Token 4,-0.0207258262650123,0.00429559874367475
6837,9,11,7,5,.,Token 5,0.199047146740199,0.396197666254143
6838,9,11,7,6,.,Token 6,-0.0542813863777746,0.0294646890709325
6839,9,11,7,7,.,.,-0.712982620458689,5.0834421707614
6840,9,11,7,8,.,[SEP],0.121530491304952,0.14769660316823
6841,9,11,8,1,[SEP],[CLS],-0.851517513610782,7.25082075985888
6842,9,11,8,2,[SEP],Token 2,-0.210283297566978,0.442190652356424
6843,9,11,8,3,[SEP],Token 3,0.0372936666376435,0.0139081757127969
6844,9,11,8,4,[SEP],Token 4,-0.0461083727100005,0.0212598203396432
6845,9,11,8,5,[SEP],Token 5,0.115877471181257,0.134275883273631
6846,9,11,8,6,[SEP],Token 6,0.128266946004921,0.164524094374292
6847,9,11,8,7,[SEP],.,-0.452493708196796,2.04750555957688
6848,9,11,8,8,[SEP],[SEP],-0.0110245400029305,0.00121540482276214
6849,9,12,1,1,[CLS],[CLS],-1.14376902792272,13.0820758923528
6850,9,12,1,2,[CLS],Token 2,0.206613986909884,0.426893395867977
6851,9,12,1,3,[CLS],Token 3,-0.040873096699515,0.016706100338079
6852,9,12,1,4,[CLS],Token 4,0.0103011325565223,0.00106113331947043
6853,9,12,1,5,[CLS],Token 5,-0.305027856325046,0.93041993134253
6854,9,12,1,6,[CLS],Token 6,-0.257715160605132,0.664171040057289
6855,9,12,1,7,[CLS],.,-1.31629320166588,17.326277927518
6856,9,12,1,8,[CLS],[SEP],0.827477653038848,6.8471926627868
6857,9,12,2,1,Token 2,[CLS],-0.36338314086912,1.32047307067906
6858,9,12,2,2,Token 2,Token 2,-0.0796135351123206,0.0633831497308071
6859,9,12,2,3,Token 2,Token 3,-0.332418437611454,1.1050201766404
6860,9,12,2,4,Token 2,Token 4,-0.0384636570743664,0.0147945291553446
6861,9,12,2,5,Token 2,Token 5,-0.17721020711751,0.314034575066309
6862,9,12,2,6,Token 2,Token 6,-0.182520371603644,0.333136860503324
6863,9,12,2,7,Token 2,.,-0.107503848955902,0.115570775403333
6864,9,12,2,8,Token 2,[SEP],0.305203211582707,0.931490003603983
6865,9,12,3,1,Token 3,[CLS],-0.477387601618738,2.27898922179291
6866,9,12,3,2,Token 3,Token 2,0.104722311535196,0.109667625332746
6867,9,12,3,3,Token 3,Token 3,-0.13689938328586,0.187414411440488
6868,9,12,3,4,Token 3,Token 4,-0.0469466518408668,0.0220398811906756
6869,9,12,3,5,Token 3,Token 5,0.0551795406189406,0.0304478170291732
6870,9,12,3,6,Token 3,Token 6,0.285520446154809,0.815219251724409
6871,9,12,3,7,Token 3,.,-0.176498799371637,0.311518261796292
6872,9,12,3,8,Token 3,[SEP],0.0741549037111888,0.0549894974441569
6873,9,12,4,1,Token 4,[CLS],-0.452390892678266,2.04657519778238
6874,9,12,4,2,Token 4,Token 2,0.575425505179501,3.31114512011084
6875,9,12,4,3,Token 4,Token 3,-0.0458522052460751,0.021024247259282
6876,9,12,4,4,Token 4,Token 4,-0.34305231820292,1.17684893024398
6877,9,12,4,5,Token 4,Token 5,-0.234810406197369,0.551359268585733
6878,9,12,4,6,Token 4,Token 6,0.0573231237806129,0.0328594051996746
6879,9,12,4,7,Token 4,.,-0.221932985688982,0.492542501368257
6880,9,12,4,8,Token 4,[SEP],0.405149748805637,1.64146318957271
6881,9,12,5,1,Token 5,[CLS],-0.170084306868739,0.289286714430193
6882,9,12,5,2,Token 5,Token 2,0.232291517418008,0.539593490643609
6883,9,12,5,3,Token 5,Token 3,0.0349995756826102,0.0122497029796276
6884,9,12,5,4,Token 5,Token 4,-0.107282653119865,0.115095676604373
6885,9,12,5,5,Token 5,Token 5,-0.301181236204839,0.907101370418751
6886,9,12,5,6,Token 5,Token 6,0.337983884863561,1.14233106427465
6887,9,12,5,7,Token 5,.,0.21104104053407,0.445383207897032
6888,9,12,5,8,Token 5,[SEP],-0.134856074944579,0.181861609494579
6889,9,12,6,1,Token 6,[CLS],-0.362483512217686,1.31394296629669
6890,9,12,6,2,Token 6,Token 2,0.380568219671828,1.44832169824184
6891,9,12,6,3,Token 6,Token 3,0.160744724744528,0.258388665331941
6892,9,12,6,4,Token 6,Token 4,-0.168034497702703,0.282355924181995
6893,9,12,6,5,Token 6,Token 5,-0.0155742883937466,0.00242558458971589
6894,9,12,6,6,Token 6,Token 6,0.237635641392791,0.564706980601632
6895,9,12,6,7,Token 6,.,-0.230783207760636,0.532608889842891
6896,9,12,6,8,Token 6,[SEP],-0.0847211122546662,0.0717766686166776
6897,9,12,7,1,.,[CLS],-1.19220116659724,14.2134362163583
6898,9,12,7,2,.,Token 2,0.166367518378264,0.27678151171342
6899,9,12,7,3,.,Token 3,-0.180132466561745,0.324477055096183
6900,9,12,7,4,.,Token 4,0.180502142744389,0.325810235353159
6901,9,12,7,5,.,Token 5,-0.344414391124487,1.18621272813651
6902,9,12,7,6,.,Token 6,-0.475838259252976,2.26422048968902
6903,9,12,7,7,.,.,-1.24789673178964,15.5724625321126
6904,9,12,7,8,.,[SEP],0.620117030368702,3.84545131353297
6905,9,12,8,1,[SEP],[CLS],-0.305673837280743,0.934364947979343
6906,9,12,8,2,[SEP],Token 2,0.240399460047077,0.577919003909262
6907,9,12,8,3,[SEP],Token 3,-0.0306900124742204,0.00941876865667803
6908,9,12,8,4,[SEP],Token 4,0.231485508966888,0.535855408616594
6909,9,12,8,5,[SEP],Token 5,-0.0289667330874806,0.00839071625761346
6910,9,12,8,6,[SEP],Token 6,-0.203137154683526,0.412647036129186
6911,9,12,8,7,[SEP],.,-0.513718638353412,2.63906839391684
6912,9,12,8,8,[SEP],[SEP],0.124788745314794,0.155722309572405
6913,10,1,1,1,[CLS],[CLS],1.50648603594604,22.6950017650042
6914,10,1,1,2,[CLS],Token 2,0.820555952516279,6.73312071209899
6915,10,1,1,3,[CLS],Token 3,-0.0373799497393895,0.0139726064251928
6916,10,1,1,4,[CLS],Token 4,-0.0308883122599233,0.00954087834266526
6917,10,1,1,5,[CLS],Token 5,-0.00926652895854225,0.000858685589395021
6918,10,1,1,6,[CLS],Token 6,-0.165685579423007,0.274517112287375
6919,10,1,1,7,[CLS],.,1.18482411537761,14.0380818438034
6920,10,1,1,8,[CLS],[SEP],-0.296894968718525,0.88146622450374
6921,10,1,2,1,Token 2,[CLS],0.410123543231292,1.68201320712589
6922,10,1,2,2,Token 2,Token 2,0.14750139899501,0.217566627054851
6923,10,1,2,3,Token 2,Token 3,0.0756970377763286,0.0573004152811091
6924,10,1,2,4,Token 2,Token 4,0.611889943497084,3.74409302952865
6925,10,1,2,5,Token 2,Token 5,0.0576380192026761,0.0332214125760806
6926,10,1,2,6,Token 2,Token 6,0.0677453766748,0.0458943606081053
6927,10,1,2,7,Token 2,.,-0.597195887746831,3.56642928341725
6928,10,1,2,8,Token 2,[SEP],-0.356480872621191,1.27078612544765
6929,10,1,3,1,Token 3,[CLS],1.07754530611196,11.6110388672392
6930,10,1,3,2,Token 3,Token 2,0.25919438603342,0.671817297512415
6931,10,1,3,3,Token 3,Token 3,0.164687529533552,0.271219823838647
6932,10,1,3,4,Token 3,Token 4,0.566570053106705,3.21001625077335
6933,10,1,3,5,Token 3,Token 5,0.181690096034666,0.330112909970863
6934,10,1,3,6,Token 3,Token 6,0.152251633678599,0.231805599578021
6935,10,1,3,7,Token 3,.,-0.504006884772741,2.54022939898324
6936,10,1,3,8,Token 3,[SEP],-0.370057785774684,1.36942764812462
6937,10,1,4,1,Token 4,[CLS],0.201962598621741,0.407888912420464
6938,10,1,4,2,Token 4,Token 2,0.118095779236639,0.139466130735089
6939,10,1,4,3,Token 4,Token 3,0.0760772430818655,0.0578774691493727
6940,10,1,4,4,Token 4,Token 4,0.178452703516066,0.318453673921931
6941,10,1,4,5,Token 4,Token 5,0.190534050013577,0.363032242145762
6942,10,1,4,6,Token 4,Token 6,-0.108113851423481,0.116886048696186
6943,10,1,4,7,Token 4,.,-0.515459058864902,2.6569804136589
6944,10,1,4,8,Token 4,[SEP],-0.423497737039029,1.79350333277178
6945,10,1,5,1,Token 5,[CLS],0.568485192047533,3.23175413577321
6946,10,1,5,2,Token 5,Token 2,0.332780731353694,1.107430151603
6947,10,1,5,3,Token 5,Token 3,-0.173038113909101,0.299421888652189
6948,10,1,5,4,Token 5,Token 4,-0.0622603094886944,0.0387634613762801
6949,10,1,5,5,Token 5,Token 5,0.383248240907291,1.46879214158533
6950,10,1,5,6,Token 5,Token 6,-0.212373003843613,0.451022927615592
6951,10,1,5,7,Token 5,.,-0.307987125416398,0.948560694222561
6952,10,1,5,8,Token 5,[SEP],-0.198328248984958,0.393340943454394
6953,10,1,6,1,Token 6,[CLS],0.500298499753391,2.50298588855494
6954,10,1,6,2,Token 6,Token 2,-0.208647511210011,0.435337839341319
6955,10,1,6,3,Token 6,Token 3,-0.136139864920487,0.185340628205685
6956,10,1,6,4,Token 6,Token 4,0.148058654469434,0.219213651632994
6957,10,1,6,5,Token 6,Token 5,0.20947055964108,0.438779153563471
6958,10,1,6,6,Token 6,Token 6,0.117151265656749,0.137244190449782
6959,10,1,6,7,Token 6,.,-0.47909338094414,2.29530467664487
6960,10,1,6,8,Token 6,[SEP],-0.291305862116705,0.848591053035567
6961,10,1,7,1,.,[CLS],1.22279694778391,14.9523237550965
6962,10,1,7,2,.,Token 2,0.713214192424742,5.08674484276078
6963,10,1,7,3,.,Token 3,0.0372620237633324,0.0138845841493915
6964,10,1,7,4,.,Token 4,0.526622700011784,2.77331468167702
6965,10,1,7,5,.,Token 5,0.712642733293407,5.07859665315898
6966,10,1,7,6,.,Token 6,0.481475245649573,2.31818412173316
6967,10,1,7,7,.,.,0.970845583881955,9.42541147743093
6968,10,1,7,8,.,[SEP],-0.772845115187582,5.97289572069307
6969,10,1,8,1,[SEP],[CLS],0.323618200273874,1.04728739548501
6970,10,1,8,2,[SEP],Token 2,-0.453396123046342,2.05568044393454
6971,10,1,8,3,[SEP],Token 3,-0.572294971161376,3.275215340166
6972,10,1,8,4,[SEP],Token 4,-0.696511750425426,4.85128618480691
6973,10,1,8,5,[SEP],Token 5,-0.316049100183495,0.998870337267971
6974,10,1,8,6,[SEP],Token 6,-0.470533971410281,2.21402218251131
6975,10,1,8,7,[SEP],.,0.162588478469588,0.264350133310558
6976,10,1,8,8,[SEP],[SEP],0.989165546124909,9.7844847764059
6977,10,2,1,1,[CLS],[CLS],1.20476337496708,14.5145478966207
6978,10,2,1,2,[CLS],Token 2,-0.0645079856319493,0.0416128021029178
6979,10,2,1,3,[CLS],Token 3,-0.373001182908163,1.39129882450888
6980,10,2,1,4,[CLS],Token 4,0.73092271658247,5.34248017616297
6981,10,2,1,5,[CLS],Token 5,0.158849574658282,0.252331873691172
6982,10,2,1,6,[CLS],Token 6,0.199390959343187,0.397567546677963
6983,10,2,1,7,[CLS],.,0.1061462561897,0.112670277030894
6984,10,2,1,8,[CLS],[SEP],-1.09022318654967,11.8858659649052
6985,10,2,2,1,Token 2,[CLS],0.212790713224701,0.452798876346769
6986,10,2,2,2,Token 2,Token 2,0.0361216090400427,0.013047706396417
6987,10,2,2,3,Token 2,Token 3,-0.621455554136451,3.86207005767043
6988,10,2,2,4,Token 2,Token 4,0.516404567223446,2.66673677049235
6989,10,2,2,5,Token 2,Token 5,-0.0521645887528836,0.0272114431975747
6990,10,2,2,6,Token 2,Token 6,-0.174294295227,0.303785013486767
6991,10,2,2,7,Token 2,.,-0.406327140045455,1.65101744737519
6992,10,2,2,8,Token 2,[SEP],0.66236898780564,4.38732676006669
6993,10,2,3,1,Token 3,[CLS],-0.765252180131657,5.85610899196254
6994,10,2,3,2,Token 3,Token 2,0.035559879813289,0.0126450505233556
6995,10,2,3,3,Token 3,Token 3,-0.0960057343690865,0.092171010317476
6996,10,2,3,4,Token 3,Token 4,0.157667830572982,0.248591447975904
6997,10,2,3,5,Token 3,Token 5,-0.156071021713463,0.243581638186843
6998,10,2,3,6,Token 3,Token 6,-0.13282574150441,0.176426776061963
6999,10,2,3,7,Token 3,.,-0.378137026934016,1.42987611138497
7000,10,2,3,8,Token 3,[SEP],0.0890038450050771,0.0792168442568779
7001,10,2,4,1,Token 4,[CLS],0.486484789918876,2.36667450822413
7002,10,2,4,2,Token 4,Token 2,0.000260529746968696,6.78757490555729e-07
7003,10,2,4,3,Token 4,Token 3,-0.543224571411416,2.95092934985117
7004,10,2,4,4,Token 4,Token 4,0.448952136754967,2.01558021096851
7005,10,2,4,5,Token 4,Token 5,-0.175130894463786,0.306708301956856
7006,10,2,4,6,Token 4,Token 6,-0.134668771005273,0.181356778840707
7007,10,2,4,7,Token 4,.,-0.0119090195193475,0.00141824745912199
7008,10,2,4,8,Token 4,[SEP],0.739711861008758,5.47173637317041
7009,10,2,5,1,Token 5,[CLS],-0.136136713516677,0.185332047671217
7010,10,2,5,2,Token 5,Token 2,-0.199401681885057,0.397610307385895
7011,10,2,5,3,Token 5,Token 3,-0.596774630483205,3.56139959588367
7012,10,2,5,4,Token 5,Token 4,0.674246878166505,4.54608852717279
7013,10,2,5,5,Token 5,Token 5,-0.0244079471923135,0.00595747886142764
7014,10,2,5,6,Token 5,Token 6,-0.374976734724344,1.40607551584531
7015,10,2,5,7,Token 5,.,-0.140911653285569,0.198560940316725
7016,10,2,5,8,Token 5,[SEP],0.607323235092734,3.68841511883505
7017,10,2,6,1,Token 6,[CLS],0.158652385951268,0.2517057956803
7018,10,2,6,2,Token 6,Token 2,-0.157454954379964,0.247920626587967
7019,10,2,6,3,Token 6,Token 3,-0.845707925171464,7.1522189469782
7020,10,2,6,4,Token 6,Token 4,0.0349928580240031,0.0122450011268804
7021,10,2,6,5,Token 6,Token 5,-0.260350923532734,0.677826033843476
7022,10,2,6,6,Token 6,Token 6,-0.165076057607885,0.272501047953618
7023,10,2,6,7,Token 6,.,0.0626233115024129,0.0392167914352824
7024,10,2,6,8,Token 6,[SEP],0.899213258473872,8.08584484215199
7025,10,2,7,1,.,[CLS],1.31118074678581,17.1919495074179
7026,10,2,7,2,.,Token 2,0.109395982457472,0.119674809778356
7027,10,2,7,3,.,Token 3,0.0457043349183874,0.0208888623033213
7028,10,2,7,4,.,Token 4,0.401285830057358,1.61030317404823
7029,10,2,7,5,.,Token 5,0.710697289740233,5.05090637644113
7030,10,2,7,6,.,Token 6,0.55312877013685,3.05951436353105
7031,10,2,7,7,.,.,1.14035800654958,13.0041638310173
7032,10,2,7,8,.,[SEP],-1.20072063092987,14.4173003354063
7033,10,2,8,1,[SEP],[CLS],-0.53365528715139,2.84787965504632
7034,10,2,8,2,[SEP],Token 2,0.382523131078592,1.4632394581017
7035,10,2,8,3,[SEP],Token 3,-0.09867325490477,0.0973641123350172
7036,10,2,8,4,[SEP],Token 4,0.34472380752835,1.18834503476843
7037,10,2,8,5,[SEP],Token 5,0.119537031758745,0.142891019616913
7038,10,2,8,6,[SEP],Token 6,-0.247846250106378,0.614277636917935
7039,10,2,8,7,[SEP],.,-0.640548793045455,4.10302756271989
7040,10,2,8,8,[SEP],[SEP],0.0506719840505913,0.0256764996762338
7041,10,3,1,1,[CLS],[CLS],0.580659401330505,3.37165340353501
7042,10,3,1,2,[CLS],Token 2,0.532417115009403,2.83467984354935
7043,10,3,1,3,[CLS],Token 3,-0.140751907348486,0.198110994222367
7044,10,3,1,4,[CLS],Token 4,-0.0154729416956452,0.00239411924716836
7045,10,3,1,5,[CLS],Token 5,0.377914059247127,1.42819036176641
7046,10,3,1,6,[CLS],Token 6,0.238962290807014,0.571029764277358
7047,10,3,1,7,[CLS],.,0.337660209380451,1.1401441699885
7048,10,3,1,8,[CLS],[SEP],-0.615758426833132,3.79158440216013
7049,10,3,2,1,Token 2,[CLS],-0.245940017482354,0.604864921992208
7050,10,3,2,2,Token 2,Token 2,0.019101463189499,0.00364865895979784
7051,10,3,2,3,Token 2,Token 3,-0.11983606120331,0.143606815647234
7052,10,3,2,4,Token 2,Token 4,0.0277228073606762,0.00768554047957165
7053,10,3,2,5,Token 2,Token 5,-0.0137155030466457,0.00188115023822549
7054,10,3,2,6,Token 2,Token 6,-0.0206082482746167,0.00424699896948242
7055,10,3,2,7,Token 2,.,0.548707664076394,3.01080100616174
7056,10,3,2,8,Token 2,[SEP],0.198237982241182,0.392982976030551
7057,10,3,3,1,Token 3,[CLS],-0.0729324375374089,0.0531914044514805
7058,10,3,3,2,Token 3,Token 2,-0.138068881636845,0.19063016076449
7059,10,3,3,3,Token 3,Token 3,-0.229798764782945,0.528074722957672
7060,10,3,3,4,Token 3,Token 4,0.227106388865164,0.515773118633751
7061,10,3,3,5,Token 3,Token 5,0.28499993709107,0.81224964141914
7062,10,3,3,6,Token 3,Token 6,0.0237536422503718,0.00564235520158648
7063,10,3,3,7,Token 3,.,0.160168750994231,0.25654028795052
7064,10,3,3,8,Token 3,[SEP],-0.0517834031774594,0.0268152084463932
7065,10,3,4,1,Token 4,[CLS],-0.146916942489142,0.215845879903578
7066,10,3,4,2,Token 4,Token 2,0.0306147024202329,0.00937260004279412
7067,10,3,4,3,Token 4,Token 3,-0.0811946927082252,0.0659257812398312
7068,10,3,4,4,Token 4,Token 4,0.153134267239546,0.234501038029926
7069,10,3,4,5,Token 4,Token 5,-0.221883344711685,0.492322186604444
7070,10,3,4,6,Token 4,Token 6,-0.0301027627216297,0.00906176323474741
7071,10,3,4,7,Token 4,.,0.458453931020735,2.10180006868364
7072,10,3,4,8,Token 4,[SEP],0.568475373676682,3.23164250476843
7073,10,3,5,1,Token 5,[CLS],-0.0285277267100929,0.00813831191245749
7074,10,3,5,2,Token 5,Token 2,0.108975430627349,0.118756444804161
7075,10,3,5,3,Token 5,Token 3,-0.0570270652090254,0.0325208616635443
7076,10,3,5,4,Token 5,Token 4,-0.209246286889877,0.437840085772006
7077,10,3,5,5,Token 5,Token 5,-0.199519125399759,0.398078814002847
7078,10,3,5,6,Token 5,Token 6,0.0672820441870832,0.0452687346999262
7079,10,3,5,7,Token 5,.,0.542850982709335,2.9468718942849
7080,10,3,5,8,Token 5,[SEP],0.239593123930475,0.574048650347638
7081,10,3,6,1,Token 6,[CLS],0.0750507745665538,0.0563261876303967
7082,10,3,6,2,Token 6,Token 2,0.162878980597289,0.265295623204119
7083,10,3,6,3,Token 6,Token 3,0.00651295955517944,0.000424186421674032
7084,10,3,6,4,Token 6,Token 4,0.083255254251875,0.0693143736054435
7085,10,3,6,5,Token 6,Token 5,-0.139805709013382,0.195456362727344
7086,10,3,6,6,Token 6,Token 6,-0.298911872621406,0.893483075940353
7087,10,3,6,7,Token 6,.,0.292811186757034,0.857383910900623
7088,10,3,6,8,Token 6,[SEP],-0.0061941325896157,0.000383672785377393
7089,10,3,7,1,.,[CLS],1.16411296934563,13.551590053987
7090,10,3,7,2,.,Token 2,0.522562091208379,2.73071139168075
7091,10,3,7,3,.,Token 3,0.288165560283882,0.830393901337234
7092,10,3,7,4,.,Token 4,0.871171051088691,7.58939000254976
7093,10,3,7,5,.,Token 5,1.1077900378469,12.2719876795284
7094,10,3,7,6,.,Token 6,0.732293003326945,5.36253042721597
7095,10,3,7,7,.,.,0.754296307028809,5.68962918797299
7096,10,3,7,8,.,[SEP],-0.983258139833849,9.6679656954952
7097,10,3,8,1,[SEP],[CLS],-0.109643076314501,0.120216041837074
7098,10,3,8,2,[SEP],Token 2,0.166498099513654,0.277216171416585
7099,10,3,8,3,[SEP],Token 3,-0.160459012505458,0.257470946942268
7100,10,3,8,4,[SEP],Token 4,-0.00928819578587094,0.000862705809566707
7101,10,3,8,5,[SEP],Token 5,-0.0856047967491315,0.0732818122646012
7102,10,3,8,6,[SEP],Token 6,-0.50130197686712,2.51303672010883
7103,10,3,8,7,[SEP],.,0.584857626724238,3.42058443537509
7104,10,3,8,8,[SEP],[SEP],0.477705192748993,2.28202251179352
7105,10,4,1,1,[CLS],[CLS],-1.19177377201398,14.2032472366044
7106,10,4,1,2,[CLS],Token 2,-0.135459334918129,0.183492314164619
7107,10,4,1,3,[CLS],Token 3,0.259053456391014,0.67108693268131
7108,10,4,1,4,[CLS],Token 4,-0.0917647052848553,0.0842076113601634
7109,10,4,1,5,[CLS],Token 5,0.594282462735743,3.5317164551526
7110,10,4,1,6,[CLS],Token 6,0.922936221127826,8.51811268269711
7111,10,4,1,7,[CLS],.,-0.53996564790549,2.91562900917995
7112,10,4,1,8,[CLS],[SEP],-0.740718693496457,5.48664182895099
7113,10,4,2,1,Token 2,[CLS],-0.350451958684136,1.22816575345547
7114,10,4,2,2,Token 2,Token 2,0.343542298554895,1.1802131089638
7115,10,4,2,3,Token 2,Token 3,0.144673716518095,0.20930484251158
7116,10,4,2,4,Token 2,Token 4,0.121024570689428,0.146469467105603
7117,10,4,2,5,Token 2,Token 5,-0.0013237387927566,1.75228439144869e-05
7118,10,4,2,6,Token 2,Token 6,0.324540971284515,1.05326842042296
7119,10,4,2,7,Token 2,.,-0.182738450943541,0.33393341453245
7120,10,4,2,8,Token 2,[SEP],-0.20570170112775,0.4231318984685
7121,10,4,3,1,Token 3,[CLS],-0.602659459612332,3.63198424260228
7122,10,4,3,2,Token 3,Token 2,0.144649562874641,0.209234960398246
7123,10,4,3,3,Token 3,Token 3,0.428520365246813,1.83629703431262
7124,10,4,3,4,Token 3,Token 4,-0.00578321064083963,0.000334455253163208
7125,10,4,3,5,Token 3,Token 5,0.0460004617591707,0.0211604248205693
7126,10,4,3,6,Token 3,Token 6,0.179704989928847,0.32293883405327
7127,10,4,3,7,Token 3,.,-0.283057728935054,0.801216779098706
7128,10,4,3,8,Token 3,[SEP],-0.150288975340529,0.225867761089061
7129,10,4,4,1,Token 4,[CLS],-0.713014035300386,5.08389014535339
7130,10,4,4,2,Token 4,Token 2,0.749393158312237,5.6159010572519
7131,10,4,4,3,Token 4,Token 3,0.275418849397998,0.758555426037173
7132,10,4,4,4,Token 4,Token 4,0.736201668621961,5.4199289688176
7133,10,4,4,5,Token 4,Token 5,0.663327321480594,4.4000313542262
7134,10,4,4,6,Token 4,Token 6,0.61657547606777,3.80165317688197
7135,10,4,4,7,Token 4,.,-0.271971944401326,0.739687385414377
7136,10,4,4,8,Token 4,[SEP],-0.834278766612217,6.96021060420002
7137,10,4,5,1,Token 5,[CLS],-0.326287721422226,1.06463677150908
7138,10,4,5,2,Token 5,Token 2,0.633558741084171,4.0139667840416
7139,10,4,5,3,Token 5,Token 3,0.211078333263508,0.445540627733004
7140,10,4,5,4,Token 5,Token 4,0.572564606523815,3.27830228643771
7141,10,4,5,5,Token 5,Token 5,0.91880284783342,8.44198673186803
7142,10,4,5,6,Token 5,Token 6,0.755800576983597,5.71234512168739
7143,10,4,5,7,Token 5,.,-0.678777967879475,4.6073952967859
7144,10,4,5,8,Token 5,[SEP],-0.627265486408053,3.93461990438732
7145,10,4,6,1,Token 6,[CLS],-0.552880035225104,3.05676333350512
7146,10,4,6,2,Token 6,Token 2,0.143950862152569,0.207218507144678
7147,10,4,6,3,Token 6,Token 3,0.163542071747611,0.267460092315008
7148,10,4,6,4,Token 6,Token 4,0.424310753746311,1.80039615744763
7149,10,4,6,5,Token 6,Token 5,0.247848583057274,0.614289201234984
7150,10,4,6,6,Token 6,Token 6,0.908368248243079,8.25132874416199
7151,10,4,6,7,Token 6,.,-0.643050161062868,4.13513509642981
7152,10,4,6,8,Token 6,[SEP],-0.30496907405995,0.930061361329835
7153,10,4,7,1,.,[CLS],-0.483768103296072,2.34031577766679
7154,10,4,7,2,.,Token 2,0.487228826252398,2.3739192913129
7155,10,4,7,3,.,Token 3,0.152583156355675,0.232816196034604
7156,10,4,7,4,.,Token 4,0.855555004903007,7.31974366414586
7157,10,4,7,5,.,Token 5,0.600172772769465,3.60207357173787
7158,10,4,7,6,.,Token 6,0.767368261082085,5.88854048116143
7159,10,4,7,7,.,.,-0.164323185302638,0.27002109228005
7160,10,4,7,8,.,[SEP],-0.793333612463214,6.29378220663933
7161,10,4,8,1,[SEP],[CLS],-0.871472477228139,7.59464278566149
7162,10,4,8,2,[SEP],Token 2,0.493003798802527,2.43052745633723
7163,10,4,8,3,[SEP],Token 3,0.0582626812585208,0.0339454002743199
7164,10,4,8,4,[SEP],Token 4,0.285245789792883,0.813651605945656
7165,10,4,8,5,[SEP],Token 5,0.234948285355097,0.552006967913001
7166,10,4,8,6,[SEP],Token 6,-0.440063894923803,1.93656231615508
7167,10,4,8,7,[SEP],.,-0.816130117706972,6.66068369028395
7168,10,4,8,8,[SEP],[SEP],0.694403682652394,4.82196474481206
7169,10,5,1,1,[CLS],[CLS],-0.708250211741231,5.01618362431499
7170,10,5,1,2,[CLS],Token 2,-0.135356223896863,0.183213073476177
7171,10,5,1,3,[CLS],Token 3,-0.491942727322627,2.42007646965624
7172,10,5,1,4,[CLS],Token 4,-0.45410379997362,2.06210261150481
7173,10,5,1,5,[CLS],Token 5,-0.666242778920939,4.43879440464297
7174,10,5,1,6,[CLS],Token 6,-1.01251991442119,10.2519657709949
7175,10,5,1,7,[CLS],.,0.493616423644936,2.43657173692017
7176,10,5,1,8,[CLS],[SEP],1.48616860095577,22.0869711046684
7177,10,5,2,1,Token 2,[CLS],-0.0313412581142235,0.00982274460182381
7178,10,5,2,2,Token 2,Token 2,0.257076271912563,0.660882095804619
7179,10,5,2,3,Token 2,Token 3,-0.367838550529644,1.35305199255749
7180,10,5,2,4,Token 2,Token 4,-0.186861583267041,0.349172513010654
7181,10,5,2,5,Token 2,Token 5,-0.119411903919789,0.14259202797749
7182,10,5,2,6,Token 2,Token 6,-0.0249701959441839,0.0062351068549094
7183,10,5,2,7,Token 2,.,0.502576168521275,2.52582805165525
7184,10,5,2,8,Token 2,[SEP],0.579957550954538,3.36350760909186
7185,10,5,3,1,Token 3,[CLS],-0.477260832128657,2.27777901884138
7186,10,5,3,2,Token 3,Token 2,-0.217734119959247,0.474081469944277
7187,10,5,3,3,Token 3,Token 3,0.0337040564675816,0.0113596342236993
7188,10,5,3,4,Token 3,Token 4,-0.245129145427635,0.600882979380828
7189,10,5,3,5,Token 3,Token 5,-0.179909616031173,0.323674699404843
7190,10,5,3,6,Token 3,Token 6,-0.146731057504143,0.215300032362841
7191,10,5,3,7,Token 3,.,0.171495677609016,0.294107674385755
7192,10,5,3,8,Token 3,[SEP],0.323780874499743,1.04834054691819
7193,10,5,4,1,Token 4,[CLS],-0.290911937742465,0.846297555210756
7194,10,5,4,2,Token 4,Token 2,0.0883166902269509,0.077998377726432
7195,10,5,4,3,Token 4,Token 3,-0.222593105119766,0.495476904468591
7196,10,5,4,4,Token 4,Token 4,-0.0509310626677709,0.0259397314446841
7197,10,5,4,5,Token 4,Token 5,-0.0701845034110895,0.0492586451906123
7198,10,5,4,6,Token 4,Token 6,0.0526598944109842,0.02773064479376
7199,10,5,4,7,Token 4,.,0.321403375956984,1.03300130076546
7200,10,5,4,8,Token 4,[SEP],0.0989449726600499,0.0979010761469802
7201,10,5,5,1,Token 5,[CLS],-0.588069980131145,3.45826301531446
7202,10,5,5,2,Token 5,Token 2,-0.194067575847565,0.376622239953504
7203,10,5,5,3,Token 5,Token 3,-0.307044062327248,0.942760562104188
7204,10,5,5,4,Token 5,Token 4,-0.079075782675019,0.0625297940566683
7205,10,5,5,5,Token 5,Token 5,-0.233912086992873,0.547148644413616
7206,10,5,5,6,Token 5,Token 6,0.0042931269421021,0.000184309389410029
7207,10,5,5,7,Token 5,.,0.20297077331539,0.411971348202474
7208,10,5,5,8,Token 5,[SEP],0.44046336716905,1.94007977817897
7209,10,5,6,1,Token 6,[CLS],-0.351189101837162,1.23333785249192
7210,10,5,6,2,Token 6,Token 2,-0.211992250902108,0.449407144425424
7211,10,5,6,3,Token 6,Token 3,-0.0941050951200657,0.0885576892755661
7212,10,5,6,4,Token 6,Token 4,-0.0287011023780725,0.00823753277716599
7213,10,5,6,5,Token 6,Token 5,-0.238263006945334,0.567692604786321
7214,10,5,6,6,Token 6,Token 6,-0.0268293340517512,0.00719813165660454
7215,10,5,6,7,Token 6,.,-0.0402447464469463,0.0161963961657899
7216,10,5,6,8,Token 6,[SEP],0.359131521762643,1.28975449923552
7217,10,5,7,1,.,[CLS],0.00850705350718653,0.000723699593741346
7218,10,5,7,2,.,Token 2,0.400434911973461,1.60348118727193
7219,10,5,7,3,.,Token 3,-0.0698397768438983,0.0487759442960551
7220,10,5,7,4,.,Token 4,0.274215369848946,0.751940690613945
7221,10,5,7,5,.,Token 5,0.227820672119942,0.519022586451821
7222,10,5,7,6,.,Token 6,0.113576585976555,0.128996408820898
7223,10,5,7,7,.,.,0.112518559236865,0.126604261727399
7224,10,5,7,8,.,[SEP],-0.275234555960113,0.757540607945608
7225,10,5,8,1,[SEP],[CLS],-0.939453801901471,8.82573445907128
7226,10,5,8,2,[SEP],Token 2,-0.656896743622298,4.31513331781578
7227,10,5,8,3,[SEP],Token 3,-0.618396800887672,3.82414603348107
7228,10,5,8,4,[SEP],Token 4,-0.282515888663963,0.798152273475887
7229,10,5,8,5,[SEP],Token 5,-0.249014599094104,0.620082705619975
7230,10,5,8,6,[SEP],Token 6,-0.414633050459681,1.71920566533501
7231,10,5,8,7,[SEP],.,-0.219630865823316,0.482377172222992
7232,10,5,8,8,[SEP],[SEP],1.15820635261257,13.4144195523212
7233,10,6,1,1,[CLS],[CLS],-0.448323034218783,2.00993543011137
7234,10,6,1,2,[CLS],Token 2,0.00507809415867755,0.000257870402843951
7235,10,6,1,3,[CLS],Token 3,-0.167836923868635,0.281692330136861
7236,10,6,1,4,[CLS],Token 4,-0.0444094612594455,0.0197220024935419
7237,10,6,1,5,[CLS],Token 5,-0.267050196443239,0.713158074203726
7238,10,6,1,6,[CLS],Token 6,-0.566484999619456,3.20905254793855
7239,10,6,1,7,[CLS],.,-0.279780954291793,0.782773823844266
7240,10,6,1,8,[CLS],[SEP],1.51857773737733,23.0607834445804
7241,10,6,2,1,Token 2,[CLS],0.170119180119185,0.289405354444236
7242,10,6,2,2,Token 2,Token 2,-0.373545531611605,1.39536264186997
7243,10,6,2,3,Token 2,Token 3,-0.0031082021705229,9.66092073284325e-05
7244,10,6,2,4,Token 2,Token 4,0.216386670226131,0.468231910515525
7245,10,6,2,5,Token 2,Token 5,-0.221793876143617,0.491925234948099
7246,10,6,2,6,Token 2,Token 6,-0.44610005764463,1.99005261430542
7247,10,6,2,7,Token 2,.,0.103169981128886,0.106440450061347
7248,10,6,2,8,Token 2,[SEP],0.647506761792633,4.19265006567182
7249,10,6,3,1,Token 3,[CLS],-0.358175127368684,1.28289421865572
7250,10,6,3,2,Token 3,Token 2,-0.259652058386507,0.674191914243503
7251,10,6,3,3,Token 3,Token 3,0.0912722220487145,0.0833061851770985
7252,10,6,3,4,Token 3,Token 4,-0.245995751775467,0.60513909891577
7253,10,6,3,5,Token 3,Token 5,0.345612901909524,1.19448277966322
7254,10,6,3,6,Token 3,Token 6,-0.325252258616702,1.05789031735266
7255,10,6,3,7,Token 3,.,-0.505645544815012,2.55677416991271
7256,10,6,3,8,Token 3,[SEP],0.272093179243263,0.740346981907066
7257,10,6,4,1,Token 4,[CLS],-0.117635864016379,0.138381965028799
7258,10,6,4,2,Token 4,Token 2,-0.283305613018474,0.802620703677733
7259,10,6,4,3,Token 4,Token 3,0.0802492007241901,0.0643993421687136
7260,10,6,4,4,Token 4,Token 4,-0.129040623285431,0.166514824578924
7261,10,6,4,5,Token 4,Token 5,-0.152428613204995,0.23234482123598
7262,10,6,4,6,Token 4,Token 6,-0.179371769172638,0.321742315761221
7263,10,6,4,7,Token 4,.,0.22050240424286,0.486213102768817
7264,10,6,4,8,Token 4,[SEP],1.00998914225899,10.2007806748105
7265,10,6,5,1,Token 5,[CLS],-0.333275209151514,1.11072365034985
7266,10,6,5,2,Token 5,Token 2,0.0160682456570328,0.00258188518494752
7267,10,6,5,3,Token 5,Token 3,0.145833029808505,0.212672725831282
7268,10,6,5,4,Token 5,Token 4,0.0142116749820917,0.00201971705796611
7269,10,6,5,5,Token 5,Token 5,-0.0532347356849687,0.0283393708344849
7270,10,6,5,6,Token 5,Token 6,-0.468876400935903,2.19845079354606
7271,10,6,5,7,Token 5,.,-0.363666597481711,1.32253394123925
7272,10,6,5,8,Token 5,[SEP],0.495422687978696,2.45443639764036
7273,10,6,6,1,Token 6,[CLS],-0.745228299038919,5.55365217688441
7274,10,6,6,2,Token 6,Token 2,-0.41819784018366,1.74889433534278
7275,10,6,6,3,Token 6,Token 3,0.0848740294124792,0.0720360086871038
7276,10,6,6,4,Token 6,Token 4,0.0977024901995043,0.0954577659118423
7277,10,6,6,5,Token 6,Token 5,-0.184684301716017,0.341082913003327
7278,10,6,6,6,Token 6,Token 6,-0.337692979039957,1.14036548092881
7279,10,6,6,7,Token 6,.,-0.430118370803507,1.85001812902663
7280,10,6,6,8,Token 6,[SEP],0.709138123421377,5.02876878089592
7281,10,6,7,1,.,[CLS],-0.00109071140256476,1.18965136368478e-05
7282,10,6,7,2,.,Token 2,0.365393424810472,1.33512354894727
7283,10,6,7,3,.,Token 3,-0.225238109789538,0.507322061015642
7284,10,6,7,4,.,Token 4,0.429032411867273,1.8406881043265
7285,10,6,7,5,.,Token 5,0.527983781424029,2.78766873446816
7286,10,6,7,6,.,Token 6,0.148074080564022,0.219259333348805
7287,10,6,7,7,.,.,-0.334418684332725,1.1183585643083
7288,10,6,7,8,.,[SEP],-0.276954569478237,0.767038335548756
7289,10,6,8,1,[SEP],[CLS],0.791388958195709,6.26296483154089
7290,10,6,8,2,[SEP],Token 2,0.249108481621654,0.620550356158458
7291,10,6,8,3,[SEP],Token 3,-0.236119249331655,0.557522999049442
7292,10,6,8,4,[SEP],Token 4,0.341359232444384,1.16526125575019
7293,10,6,8,5,[SEP],Token 5,0.107908046963696,0.116441465995191
7294,10,6,8,6,[SEP],Token 6,-0.61380281767633,3.76753898987402
7295,10,6,8,7,[SEP],.,0.752304951269114,5.65962739704024
7296,10,6,8,8,[SEP],[SEP],-0.189371549832553,0.35861583885983
7297,10,7,1,1,[CLS],[CLS],1.34680193070059,18.1387544053882
7298,10,7,1,2,[CLS],Token 2,0.707178539036033,5.00101486073138
7299,10,7,1,3,[CLS],Token 3,0.430527957604228,1.85354322278868
7300,10,7,1,4,[CLS],Token 4,0.977603426825733,9.55708460141416
7301,10,7,1,5,[CLS],Token 5,0.247327870807116,0.611710756779815
7302,10,7,1,6,[CLS],Token 6,0.623824098233138,3.89156505536388
7303,10,7,1,7,[CLS],.,0.808266460358793,6.53294670940933
7304,10,7,1,8,[CLS],[SEP],-1.32594476890654,17.5812953019061
7305,10,7,2,1,Token 2,[CLS],0.622484073654536,3.87486421953545
7306,10,7,2,2,Token 2,Token 2,1.00392615926351,10.0786773325358
7307,10,7,2,3,Token 2,Token 3,0.610711304042066,3.7296829688476
7308,10,7,2,4,Token 2,Token 4,0.974440565178602,9.49534415065593
7309,10,7,2,5,Token 2,Token 5,0.775709514312478,6.01725250594901
7310,10,7,2,6,Token 2,Token 6,0.467912698765763,2.1894229366626
7311,10,7,2,7,Token 2,.,-0.421578009777693,1.7772801832812
7312,10,7,2,8,Token 2,[SEP],-1.10621470870042,12.2371098174516
7313,10,7,3,1,Token 3,[CLS],0.210113738812315,0.441477832376898
7314,10,7,3,2,Token 3,Token 2,0.517100483526536,2.67392910063378
7315,10,7,3,3,Token 3,Token 3,0.393704926686825,1.55003569297478
7316,10,7,3,4,Token 3,Token 4,0.716487803927575,5.13354773176959
7317,10,7,3,5,Token 3,Token 5,0.475988407608822,2.26564964177982
7318,10,7,3,6,Token 3,Token 6,0.578170988261616,3.34281691667414
7319,10,7,3,7,Token 3,.,-0.0911789174061648,0.0831359497936022
7320,10,7,3,8,Token 3,[SEP],-0.6272995481456,3.93504723103674
7321,10,7,4,1,Token 4,[CLS],0.705688385217089,4.97996097030302
7322,10,7,4,2,Token 4,Token 2,0.846071584126978,7.15837125467133
7323,10,7,4,3,Token 4,Token 3,1.09034503352916,11.888522921417
7324,10,7,4,4,Token 4,Token 4,1.35748007226848,18.4275214660604
7325,10,7,4,5,Token 4,Token 5,0.127478908257501,0.162508720505243
7326,10,7,4,6,Token 4,Token 6,0.838462935828489,7.0302009475813
7327,10,7,4,7,Token 4,.,-0.120560543624308,0.145348446789888
7328,10,7,4,8,Token 4,[SEP],-1.41229418261713,19.945748582542
7329,10,7,5,1,Token 5,[CLS],0.310218737836436,0.962356653048317
7330,10,7,5,2,Token 5,Token 2,0.745286487692525,5.55451948737062
7331,10,7,5,3,Token 5,Token 3,0.623741468261231,3.89053419228676
7332,10,7,5,4,Token 5,Token 4,0.915580423488554,8.38287511875481
7333,10,7,5,5,Token 5,Token 5,0.687666329452762,4.72884980663034
7334,10,7,5,6,Token 5,Token 6,0.706687923810923,4.99407821660193
7335,10,7,5,7,Token 5,.,-0.153275302818553,0.234933184541193
7336,10,7,5,8,Token 5,[SEP],-0.836923833118823,7.00441502442303
7337,10,7,6,1,Token 6,[CLS],0.333890101138929,1.11482599638564
7338,10,7,6,2,Token 6,Token 2,0.179422711300954,0.321925093305856
7339,10,7,6,3,Token 6,Token 3,-0.172439209899805,0.29735281110869
7340,10,7,6,4,Token 6,Token 4,0.00773873979902781,0.000598880936770571
7341,10,7,6,5,Token 6,Token 5,0.30273226939882,0.916468269353597
7342,10,7,6,6,Token 6,Token 6,0.902872433145528,8.15178630534127
7343,10,7,6,7,Token 6,.,0.0140286264833942,0.0019680236101059
7344,10,7,6,8,Token 6,[SEP],-0.893538833276302,7.98411646572776
7345,10,7,7,1,.,[CLS],1.32280688677498,17.4981805969932
7346,10,7,7,2,.,Token 2,0.264033854564095,0.697138763559737
7347,10,7,7,3,.,Token 3,0.246545601957522,0.607847338445969
7348,10,7,7,4,.,Token 4,1.07597927617552,11.5773140275919
7349,10,7,7,5,.,Token 5,0.56013498646019,3.13751203056757
7350,10,7,7,6,.,Token 6,0.57373027629372,3.29166429936068
7351,10,7,7,7,.,.,0.84269637918811,7.10137187496752
7352,10,7,7,8,.,[SEP],-1.33988678614641,17.9529659968975
7353,10,7,8,1,[SEP],[CLS],0.994013857942199,9.88063549781134
7354,10,7,8,2,[SEP],Token 2,0.260264491896921,0.677376057423625
7355,10,7,8,3,[SEP],Token 3,0.329987407877876,1.0889168935796
7356,10,7,8,4,[SEP],Token 4,0.477174507815021,2.27695510908507
7357,10,7,8,5,[SEP],Token 5,0.297627265701685,0.885819892890614
7358,10,7,8,6,[SEP],Token 6,0.493376392632011,2.43420264806576
7359,10,7,8,7,[SEP],.,-0.601436336524794,3.61725666892365
7360,10,7,8,8,[SEP],[SEP],-0.733529000276226,5.3806479424624
7361,10,8,1,1,[CLS],[CLS],0.888697365063273,7.89783006670404
7362,10,8,1,2,[CLS],Token 2,1.47292662248821,21.6951283523453
7363,10,8,1,3,[CLS],Token 3,0.0268643931864526,0.00721695621276317
7364,10,8,1,4,[CLS],Token 4,0.509189286728143,2.59273729718714
7365,10,8,1,5,[CLS],Token 5,-0.0122809800848484,0.00150822471844442
7366,10,8,1,6,[CLS],Token 6,-0.26093294903812,0.6808600389373
7367,10,8,1,7,[CLS],.,0.836652947196874,6.99988154053216
7368,10,8,1,8,[CLS],[SEP],0.647338638275403,4.19047312604253
7369,10,8,2,1,Token 2,[CLS],0.352667900125893,1.24374647779207
7370,10,8,2,2,Token 2,Token 2,0.36322039632763,1.31929056308401
7371,10,8,2,3,Token 2,Token 3,0.107018788659558,0.114530211261591
7372,10,8,2,4,Token 2,Token 4,-0.26165980955704,0.684658559374262
7373,10,8,2,5,Token 2,Token 5,0.0239721270793516,0.00574662876708585
7374,10,8,2,6,Token 2,Token 6,0.130164964643521,0.169429180206491
7375,10,8,2,7,Token 2,.,0.104680746354891,0.10958058657417
7376,10,8,2,8,Token 2,[SEP],-0.405981041481281,1.64820606042225
7377,10,8,3,1,Token 3,[CLS],0.0376764909317531,0.0141951796893047
7378,10,8,3,2,Token 3,Token 2,0.545934489199121,2.98044466497105
7379,10,8,3,3,Token 3,Token 3,0.184745714965989,0.341309791982944
7380,10,8,3,4,Token 3,Token 4,-0.0342571633776619,0.0117355324268382
7381,10,8,3,5,Token 3,Token 5,0.302225292083268,0.913401271748167
7382,10,8,3,6,Token 3,Token 6,0.286661364017695,0.821747376204855
7383,10,8,3,7,Token 3,.,-0.144699392860506,0.20937914294199
7384,10,8,3,8,Token 3,[SEP],-0.57580960646123,3.31556702893037
7385,10,8,4,1,Token 4,[CLS],0.308820269517366,0.953699588647784
7386,10,8,4,2,Token 4,Token 2,0.47817683643031,2.28653086898499
7387,10,8,4,3,Token 4,Token 3,0.345210654676871,1.19170396102434
7388,10,8,4,4,Token 4,Token 4,-0.375927066049098,1.41321158988283
7389,10,8,4,5,Token 4,Token 5,0.0464230956538235,0.0215510381008405
7390,10,8,4,6,Token 4,Token 6,-0.0195452113219008,0.0038201528561776
7391,10,8,4,7,Token 4,.,0.300929600389949,0.905586243908547
7392,10,8,4,8,Token 4,[SEP],-0.477740968219849,2.28236432715638
7393,10,8,5,1,Token 5,[CLS],0.326126323973408,1.06358379188408
7394,10,8,5,2,Token 5,Token 2,0.168454886790101,0.283770488834658
7395,10,8,5,3,Token 5,Token 3,0.504997260906375,2.55022233522941
7396,10,8,5,4,Token 5,Token 4,-0.278612441206079,0.776248923948106
7397,10,8,5,5,Token 5,Token 5,0.21535202190328,0.463764933378306
7398,10,8,5,6,Token 5,Token 6,0.0503518419921373,0.0253530799200116
7399,10,8,5,7,Token 5,.,0.0713480575051753,0.050905453097618
7400,10,8,5,8,Token 5,[SEP],-0.408760447563081,1.6708510349197
7401,10,8,6,1,Token 6,[CLS],-0.154077178606894,0.237397769674606
7402,10,8,6,2,Token 6,Token 2,-0.19774489668441,0.391030441647281
7403,10,8,6,3,Token 6,Token 3,0.0464209927989321,0.021549085724385
7404,10,8,6,4,Token 6,Token 4,-0.239115098866026,0.571760305057096
7405,10,8,6,5,Token 6,Token 5,0.143333772725493,0.205445704037233
7406,10,8,6,6,Token 6,Token 6,0.427846254711674,1.83052417670807
7407,10,8,6,7,Token 6,.,-0.0273765389993315,0.00749474887581918
7408,10,8,6,8,Token 6,[SEP],-0.643282062858618,4.13811812395639
7409,10,8,7,1,.,[CLS],1.23061321304923,15.1440888013136
7410,10,8,7,2,.,Token 2,0.636955811433536,4.05712705718954
7411,10,8,7,3,.,Token 3,-0.0240000431639711,0.00576002071872475
7412,10,8,7,4,.,Token 4,0.739455174841822,5.4679395560035
7413,10,8,7,5,.,Token 5,0.630089908579498,3.9701329289372
7414,10,8,7,6,.,Token 6,0.38012839847336,1.44497599325922
7415,10,8,7,7,.,.,1.04574071641731,10.9357364597299
7416,10,8,7,8,.,[SEP],-0.786270583945969,6.18221431178736
7417,10,8,8,1,[SEP],[CLS],0.617254075525322,3.81002593752621
7418,10,8,8,2,[SEP],Token 2,0.694007965623364,4.81647056348681
7419,10,8,8,3,[SEP],Token 3,-0.0317114966080498,0.0100561901712235
7420,10,8,8,4,[SEP],Token 4,0.466134499028964,2.17281371184984
7421,10,8,8,5,[SEP],Token 5,0.420833334137934,1.7710069512165
7422,10,8,8,6,[SEP],Token 6,0.125430059422831,0.15732699806815
7423,10,8,8,7,[SEP],.,-0.514100453921053,2.64299276721833
7424,10,8,8,8,[SEP],[SEP],-0.689788316411807,4.75807921458234
7425,10,9,1,1,[CLS],[CLS],0.389016847039449,1.51334107280514
7426,10,9,1,2,[CLS],Token 2,-0.74027690402374,5.48009894630973
7427,10,9,1,3,[CLS],Token 3,-0.0208151122232544,0.00433268896866677
7428,10,9,1,4,[CLS],Token 4,0.217933378817201,0.474949576026816
7429,10,9,1,5,[CLS],Token 5,0.0701013055083957,0.0491419303398144
7430,10,9,1,6,[CLS],Token 6,-0.69606398605387,4.84505072681202
7431,10,9,1,7,[CLS],.,1.05804594756525,11.1946122715924
7432,10,9,1,8,[CLS],[SEP],0.831829813290133,6.91940838278298
7433,10,9,2,1,Token 2,[CLS],-0.270015965589881,0.729086216734355
7434,10,9,2,2,Token 2,Token 2,-0.470906383767914,2.21752822273374
7435,10,9,2,3,Token 2,Token 3,0.39952957158869,1.59623878573843
7436,10,9,2,4,Token 2,Token 4,0.49191649853221,2.4198184152819
7437,10,9,2,5,Token 2,Token 5,0.218725062581592,0.478406530013213
7438,10,9,2,6,Token 2,Token 6,-0.0891096163268839,0.0794052372192446
7439,10,9,2,7,Token 2,.,-0.260829940718892,0.680322579754206
7440,10,9,2,8,Token 2,[SEP],0.0424815440712573,0.0180468158667817
7441,10,9,3,1,Token 3,[CLS],-0.737686454062249,5.44181304506934
7442,10,9,3,2,Token 3,Token 2,-0.349539747043288,1.22178034763086
7443,10,9,3,3,Token 3,Token 3,0.56272865963723,3.16663544377113
7444,10,9,3,4,Token 3,Token 4,-0.105228746235859,0.110730890343709
7445,10,9,3,5,Token 3,Token 5,0.0303623206824393,0.00921870517223283
7446,10,9,3,6,Token 3,Token 6,0.147124259234716,0.216455476553639
7447,10,9,3,7,Token 3,.,-0.783125100033862,6.13284922303046
7448,10,9,3,8,Token 3,[SEP],-0.132720534294075,0.176147402233048
7449,10,9,4,1,Token 4,[CLS],-0.743913261079417,5.53406940009812
7450,10,9,4,2,Token 4,Token 2,-0.241303713266803,0.582274820363475
7451,10,9,4,3,Token 4,Token 3,0.637363659372369,4.06232434288538
7452,10,9,4,4,Token 4,Token 4,0.68983071302314,4.75866412630014
7453,10,9,4,5,Token 4,Token 5,0.196662778278016,0.386762483600281
7454,10,9,4,6,Token 4,Token 6,-0.44156418407727,1.94978928659825
7455,10,9,4,7,Token 4,.,-0.424864525338862,1.80509864891416
7456,10,9,4,8,Token 4,[SEP],-0.200103072095906,0.400412394622195
7457,10,9,5,1,Token 5,[CLS],-0.92638347810477,8.58186348505491
7458,10,9,5,2,Token 5,Token 2,-0.518131539455769,2.68460292178805
7459,10,9,5,3,Token 5,Token 3,-0.0556942340360285,0.0310184770485991
7460,10,9,5,4,Token 5,Token 4,0.52108301958705,2.71527513301958
7461,10,9,5,5,Token 5,Token 5,0.574616687352736,3.30184337384232
7462,10,9,5,6,Token 5,Token 6,0.188327999977493,0.354674355755227
7463,10,9,5,7,Token 5,.,-0.722010874474014,5.21299702858731
7464,10,9,5,8,Token 5,[SEP],-0.517863031395221,2.68182119285848
7465,10,9,6,1,Token 6,[CLS],-0.686105530124544,4.70740798467482
7466,10,9,6,2,Token 6,Token 2,-0.365554067406031,1.33629776197093
7467,10,9,6,3,Token 6,Token 3,0.226112791945476,0.511269946813782
7468,10,9,6,4,Token 6,Token 4,0.7971789574092,6.35494290136019
7469,10,9,6,5,Token 6,Token 5,0.449154221048069,2.01739514285297
7470,10,9,6,6,Token 6,Token 6,-0.513239267651591,2.63414545859542
7471,10,9,6,7,Token 6,.,0.187822293138595,0.352772137998404
7472,10,9,6,8,Token 6,[SEP],0.0299504547049742,0.00897029737034709
7473,10,9,7,1,.,[CLS],-0.585423256047598,3.42720388721371
7474,10,9,7,2,.,Token 2,-1.00950267647384,10.1909565380784
7475,10,9,7,3,.,Token 3,-0.391285180504916,1.53104092482764
7476,10,9,7,4,.,Token 4,-0.648011671436003,4.19919126317282
7477,10,9,7,5,.,Token 5,-0.136418596594087,0.186100334967001
7478,10,9,7,6,.,Token 6,-0.633577551279011,4.01420513484707
7479,10,9,7,7,.,.,0.514412735681925,2.64620462631762
7480,10,9,7,8,.,[SEP],1.30865119932352,17.125679614909
7481,10,9,8,1,[SEP],[CLS],0.518557317614038,2.68901691651066
7482,10,9,8,2,[SEP],Token 2,0.566457508741459,3.2087410920958
7483,10,9,8,3,[SEP],Token 3,-0.198336439641006,0.393373432894704
7484,10,9,8,4,[SEP],Token 4,0.0583276443486644,0.0340211409526428
7485,10,9,8,5,[SEP],Token 5,0.232879553604761,0.542328864871526
7486,10,9,8,6,[SEP],Token 6,0.14247473083374,0.202990489261468
7487,10,9,8,7,[SEP],.,-0.663247407911001,4.39897124100662
7488,10,9,8,8,[SEP],[SEP],-0.321537067581708,1.03386085829044
7489,10,10,1,1,[CLS],[CLS],1.15559464945342,13.3539899384538
7490,10,10,1,2,[CLS],Token 2,1.15701472490888,13.3868307365597
7491,10,10,1,3,[CLS],Token 3,0.444513614502211,1.97592353477821
7492,10,10,1,4,[CLS],Token 4,0.997903442226847,9.9581128000819
7493,10,10,1,5,[CLS],Token 5,0.946508697045417,8.95878713582612
7494,10,10,1,6,[CLS],Token 6,0.556312225912416,3.09483292699626
7495,10,10,1,7,[CLS],.,-0.0570586377627012,0.0325568814333516
7496,10,10,1,8,[CLS],[SEP],-1.30478837150433,17.0247269441293
7497,10,10,2,1,Token 2,[CLS],1.2547813412666,15.7447621439081
7498,10,10,2,2,Token 2,Token 2,-0.191632378697259,0.367229685651697
7499,10,10,2,3,Token 2,Token 3,0.493804822063529,2.43843202293194
7500,10,10,2,4,Token 2,Token 4,0.721085976738882,5.19964985849468
7501,10,10,2,5,Token 2,Token 5,0.719863232880577,5.18203074053276
7502,10,10,2,6,Token 2,Token 6,0.625437126150476,3.91171598767366
7503,10,10,2,7,Token 2,.,0.765031430248672,5.85273089268328
7504,10,10,2,8,Token 2,[SEP],-1.13725098854117,12.9333981093787
7505,10,10,3,1,Token 3,[CLS],1.01630534857307,10.3287656153824
7506,10,10,3,2,Token 3,Token 2,0.709090853483792,5.02809838494373
7507,10,10,3,3,Token 3,Token 3,0.368376198600117,1.35701023695073
7508,10,10,3,4,Token 3,Token 4,0.954956764071925,9.11942421246722
7509,10,10,3,5,Token 3,Token 5,0.678198349272073,4.59953000955364
7510,10,10,3,6,Token 3,Token 6,0.572022737736969,3.27210012488097
7511,10,10,3,7,Token 3,.,-0.147275913219686,0.216901946146926
7512,10,10,3,8,Token 3,[SEP],-1.30473971676795,17.023457285117
7513,10,10,4,1,Token 4,[CLS],1.26740451459769,16.063142036226
7514,10,10,4,2,Token 4,Token 2,0.794015323453471,6.3046033387892
7515,10,10,4,3,Token 4,Token 3,0.668532048114033,4.46935099355544
7516,10,10,4,4,Token 4,Token 4,0.681845454490878,4.64913223809873
7517,10,10,4,5,Token 4,Token 5,1.04959736766375,11.0165463420668
7518,10,10,4,6,Token 4,Token 6,0.797948388842368,6.3672163125613
7519,10,10,4,7,Token 4,.,0.414629791664891,1.71917864136071
7520,10,10,4,8,Token 4,[SEP],-1.5958926358483,25.4687330515483
7521,10,10,5,1,Token 5,[CLS],1.2276070208388,15.070189976127
7522,10,10,5,2,Token 5,Token 2,-0.0226795829880381,0.00514363484511305
7523,10,10,5,3,Token 5,Token 3,-0.0770259584774541,0.0593299827937049
7524,10,10,5,4,Token 5,Token 4,0.750498192957945,5.6324753763314
7525,10,10,5,5,Token 5,Token 5,0.846583955857124,7.16704394314697
7526,10,10,5,6,Token 5,Token 6,0.646703187819991,4.18225013136539
7527,10,10,5,7,Token 5,.,0.115061932848295,0.132392483907855
7528,10,10,5,8,Token 5,[SEP],-1.20231528662588,14.4556204845427
7529,10,10,6,1,Token 6,[CLS],0.834435207637153,6.96282115744459
7530,10,10,6,2,Token 6,Token 2,0.496440606393169,2.46453275676018
7531,10,10,6,3,Token 6,Token 3,0.226804053024919,0.514400784685302
7532,10,10,6,4,Token 6,Token 4,0.48948126698797,2.39591910732148
7533,10,10,6,5,Token 6,Token 5,0.928014553947303,8.61211012338013
7534,10,10,6,6,Token 6,Token 6,0.881291130943706,7.76674057480037
7535,10,10,6,7,Token 6,.,-0.102392048891275,0.104841316761533
7536,10,10,6,8,Token 6,[SEP],-1.21201124711375,14.6897126313022
7537,10,10,7,1,.,[CLS],1.12217999178542,12.5928793396352
7538,10,10,7,2,.,Token 2,0.800293581205531,6.40469816118774
7539,10,10,7,3,.,Token 3,0.0905688343465827,0.0820271375489873
7540,10,10,7,4,.,Token 4,0.786323578702475,6.18304770423468
7541,10,10,7,5,.,Token 5,1.09898509165123,12.0776823167166
7542,10,10,7,6,.,Token 6,0.806134860058418,6.49853412601406
7543,10,10,7,7,.,.,-0.0681015376761392,0.0463781943385461
7544,10,10,7,8,.,[SEP],-1.21128690094886,14.6721595641028
7545,10,10,8,1,[SEP],[CLS],1.5065251980474,22.6961817235175
7546,10,10,8,2,[SEP],Token 2,1.23255399387781,15.1918934782414
7547,10,10,8,3,[SEP],Token 3,0.583715765610062,3.40724095021741
7548,10,10,8,4,[SEP],Token 4,1.11345854775464,12.3978993756787
7549,10,10,8,5,[SEP],Token 5,0.890993073792523,7.93868657546248
7550,10,10,8,6,[SEP],Token 6,0.540414567959747,2.9204790526312
7551,10,10,8,7,[SEP],.,-0.208717029737597,0.43562798502485
7552,10,10,8,8,[SEP],[SEP],-1.49408693026601,22.322957551917
7553,10,11,1,1,[CLS],[CLS],0.714504253226736,5.10516327879096
7554,10,11,1,2,[CLS],Token 2,0.139413769667951,0.194361991730286
7555,10,11,1,3,[CLS],Token 3,-0.0242691712591866,0.0058899267360773
7556,10,11,1,4,[CLS],Token 4,0.12018650351374,0.144447956268583
7557,10,11,1,5,[CLS],Token 5,-0.100015689245059,0.100031380951643
7558,10,11,1,6,[CLS],Token 6,-0.156563922012517,0.245122616759416
7559,10,11,1,7,[CLS],.,-0.3448853292887,1.18945890358575
7560,10,11,1,8,[CLS],[SEP],0.0479657681817622,0.0230071491726655
7561,10,11,2,1,Token 2,[CLS],0.00879847991503105,0.000774132488152048
7562,10,11,2,2,Token 2,Token 2,-0.206298515175362,0.425590773635591
7563,10,11,2,3,Token 2,Token 3,-0.562148328004576,3.1601074267834
7564,10,11,2,4,Token 2,Token 4,0.68266638760612,4.6603339676719
7565,10,11,2,5,Token 2,Token 5,-0.0418201704423358,0.0174892665582602
7566,10,11,2,6,Token 2,Token 6,0.639355771218257,4.08775802190092
7567,10,11,2,7,Token 2,.,0.295708419549411,0.874434693924102
7568,10,11,2,8,Token 2,[SEP],-0.577769415844436,3.33817497885221
7569,10,11,3,1,Token 3,[CLS],0.0589779247696114,0.0347839561012994
7570,10,11,3,2,Token 3,Token 2,-0.100914281678309,0.101836922466491
7571,10,11,3,3,Token 3,Token 3,-0.103456674000629,0.107032833952723
7572,10,11,3,4,Token 3,Token 4,0.55937114066085,3.1289607300422
7573,10,11,3,5,Token 3,Token 5,0.16986607907411,0.288544848200117
7574,10,11,3,6,Token 3,Token 6,0.642296582523171,4.12544899920945
7575,10,11,3,7,Token 3,.,0.132980547722612,0.176838260726059
7576,10,11,3,8,Token 3,[SEP],-0.435535643361551,1.8969129663836
7577,10,11,4,1,Token 4,[CLS],-0.197211563478742,0.388924007697298
7578,10,11,4,2,Token 4,Token 2,-0.147593496704736,0.21783840269531
7579,10,11,4,3,Token 4,Token 3,-0.0126999601463768,0.00161288987719559
7580,10,11,4,4,Token 4,Token 4,0.83707859470713,7.00700573716865
7581,10,11,4,5,Token 4,Token 5,-0.441029634327868,1.94507138355373
7582,10,11,4,6,Token 4,Token 6,0.380473290208612,1.44759924562167
7583,10,11,4,7,Token 4,.,0.673900513930828,4.54141902676234
7584,10,11,4,8,Token 4,[SEP],-0.0618772505507825,0.0382879413572432
7585,10,11,5,1,Token 5,[CLS],0.442787483344282,1.96060755406363
7586,10,11,5,2,Token 5,Token 2,-0.196460395843097,0.385966871348262
7587,10,11,5,3,Token 5,Token 3,-0.23140174205238,0.535467662248761
7588,10,11,5,4,Token 5,Token 4,0.395984815597622,1.56803974183883
7589,10,11,5,5,Token 5,Token 5,-0.50039130141832,2.50391454535119
7590,10,11,5,6,Token 5,Token 6,0.169882667651257,0.288601207683075
7591,10,11,5,7,Token 5,.,0.70125917065096,4.91764424422073
7592,10,11,5,8,Token 5,[SEP],-0.0696017257976461,0.0484440023401072
7593,10,11,6,1,Token 6,[CLS],-0.455630012340412,2.07598708145324
7594,10,11,6,2,Token 6,Token 2,-0.359671660603659,1.29363703441394
7595,10,11,6,3,Token 6,Token 3,-0.353210257246713,1.24757485824289
7596,10,11,6,4,Token 6,Token 4,0.340586347533056,1.15999060125907
7597,10,11,6,5,Token 6,Token 5,0.0652359414700446,0.0425572805948308
7598,10,11,6,6,Token 6,Token 6,0.375055412795505,1.40666562667207
7599,10,11,6,7,Token 6,.,0.525846293413559,2.76514324296779
7600,10,11,6,8,Token 6,[SEP],-0.0232207330239174,0.00539202442168047
7601,10,11,7,1,.,[CLS],0.539529231303655,2.91091791431114
7602,10,11,7,2,.,Token 2,0.619284638459009,3.83513463431305
7603,10,11,7,3,.,Token 3,0.152034070084822,0.231143584665565
7604,10,11,7,4,.,Token 4,0.678619806671673,4.605248420071
7605,10,11,7,5,.,Token 5,0.527869445397222,2.78646151383971
7606,10,11,7,6,.,Token 6,0.41497670504933,1.72205665733599
7607,10,11,7,7,.,.,-0.0759709419290584,0.0577158401758837
7608,10,11,7,8,.,[SEP],-0.575206456363304,3.30862467442029
7609,10,11,8,1,[SEP],[CLS],0.577813164085919,3.33868052590981
7610,10,11,8,2,[SEP],Token 2,-0.0170133272836229,0.00289453305259667
7611,10,11,8,3,[SEP],Token 3,-0.0997658810930923,0.0995323103028102
7612,10,11,8,4,[SEP],Token 4,0.426040781629958,1.81510747611866
7613,10,11,8,5,[SEP],Token 5,-0.100848184466487,0.101703563101865
7614,10,11,8,6,[SEP],Token 6,-0.0929486515464806,0.0863945182430908
7615,10,11,8,7,[SEP],.,0.527725806960888,2.7849452733252
7616,10,11,8,8,[SEP],[SEP],-0.334538231712101,1.1191582847706
7617,10,12,1,1,[CLS],[CLS],1.5556509794109,24.200499697421
7618,10,12,1,2,[CLS],Token 2,0.527991524180458,2.78775049606403
7619,10,12,1,3,[CLS],Token 3,1.14174893399071,13.0359062826893
7620,10,12,1,4,[CLS],Token 4,1.38429931988668,19.1628460703872
7621,10,12,1,5,[CLS],Token 5,1.02357372459869,10.4770316968884
7622,10,12,1,6,[CLS],Token 6,0.727853380713748,5.29770543816433
7623,10,12,1,7,[CLS],.,-1.29223411723113,16.6986901373611
7624,10,12,1,8,[CLS],[SEP],-1.58133491829458,25.0062012381773
7625,10,12,2,1,Token 2,[CLS],1.1537089411283,13.3104432083938
7626,10,12,2,2,Token 2,Token 2,0.341108461118895,1.16354982246901
7627,10,12,2,3,Token 2,Token 3,0.261175181378262,0.682124753679679
7628,10,12,2,4,Token 2,Token 4,0.532766781333388,2.83840443292338
7629,10,12,2,5,Token 2,Token 5,0.48781822792161,2.3796662349258
7630,10,12,2,6,Token 2,Token 6,0.143661700921878,0.206386843117671
7631,10,12,2,7,Token 2,.,-0.461326091330943,2.12821762542685
7632,10,12,2,8,Token 2,[SEP],-0.913567657612086,8.34605865034834
7633,10,12,3,1,Token 3,[CLS],1.47718420152119,21.8207316522381
7634,10,12,3,2,Token 3,Token 2,0.427885318654296,1.83085845919889
7635,10,12,3,3,Token 3,Token 3,0.039955316767419,0.015964273379848
7636,10,12,3,4,Token 3,Token 4,0.194056484309954,0.376579191027393
7637,10,12,3,5,Token 3,Token 5,0.696324701833728,4.8486809038383
7638,10,12,3,6,Token 3,Token 6,0.143582204365851,0.206158494105569
7639,10,12,3,7,Token 3,.,-0.275983931530567,0.761671304630687
7640,10,12,3,8,Token 3,[SEP],-1.00970103361006,10.1949617727323
7641,10,12,4,1,Token 4,[CLS],1.44378796780173,20.8452369596906
7642,10,12,4,2,Token 4,Token 2,0.431000262594557,1.85761226356577
7643,10,12,4,3,Token 4,Token 3,0.134900668783636,0.181981904382724
7644,10,12,4,4,Token 4,Token 4,0.484209922894073,2.34459249429084
7645,10,12,4,5,Token 4,Token 5,-0.122883441046069,0.151003400833227
7646,10,12,4,6,Token 4,Token 6,0.1870856310101,0.350010333304472
7647,10,12,4,7,Token 4,.,-0.255984411928345,0.655280191503005
7648,10,12,4,8,Token 4,[SEP],-1.09235198393062,11.9323285679715
7649,10,12,5,1,Token 5,[CLS],1.28431815586958,16.4947312549624
7650,10,12,5,2,Token 5,Token 2,0.290107981893934,0.841626411585712
7651,10,12,5,3,Token 5,Token 3,0.656577389425886,4.31093868305312
7652,10,12,5,4,Token 5,Token 4,-0.122790503808286,0.150775078254928
7653,10,12,5,5,Token 5,Token 5,0.305845815082796,0.935416626036599
7654,10,12,5,6,Token 5,Token 6,-0.0204830780678852,0.0041955648713508
7655,10,12,5,7,Token 5,.,-0.456021497810903,2.07955606465699
7656,10,12,5,8,Token 5,[SEP],-1.03358124689514,10.6829019393331
7657,10,12,6,1,Token 6,[CLS],1.58355027845983,25.0763148441021
7658,10,12,6,2,Token 6,Token 2,0.200074992289773,0.400300025397527
7659,10,12,6,3,Token 6,Token 3,0.00575215211979124,0.000330872540092189
7660,10,12,6,4,Token 6,Token 4,0.797458930465899,6.35940745779815
7661,10,12,6,5,Token 6,Token 5,-0.0770793706506066,0.0594122937989359
7662,10,12,6,6,Token 6,Token 6,0.678546526880883,4.60425389142109
7663,10,12,6,7,Token 6,.,-0.161707927127015,0.261494536957161
7664,10,12,6,8,Token 6,[SEP],-0.975060217917445,9.50742428565216
7665,10,12,7,1,.,[CLS],1.27570264541278,16.2741723951316
7666,10,12,7,2,.,Token 2,0.577063459154775,3.33002235891675
7667,10,12,7,3,.,Token 3,0.255976501248438,0.655239691913915
7668,10,12,7,4,.,Token 4,0.491368915125792,2.41443410751898
7669,10,12,7,5,.,Token 5,0.309319907312732,0.956788050599569
7670,10,12,7,6,.,Token 6,0.758756336978438,5.75711178904938
7671,10,12,7,7,.,.,-1.25759765217286,15.815518547507
7672,10,12,7,8,.,[SEP],-0.0724656879603691,0.052512759315696
7673,10,12,8,1,[SEP],[CLS],-0.11356269577132,0.128964858708493
7674,10,12,8,2,[SEP],Token 2,-0.340805476897115,1.1614837308307
7675,10,12,8,3,[SEP],Token 3,-0.302453587125442,0.914781723650474
7676,10,12,8,4,[SEP],Token 4,-0.149979651985505,0.224938960096931
7677,10,12,8,5,[SEP],Token 5,-0.465210643904344,2.16420943201894
7678,10,12,8,6,[SEP],Token 6,-0.588832212165423,3.46723374083625
7679,10,12,8,7,[SEP],.,1.33488707436309,17.8192350130166
7680,10,12,8,8,[SEP],[SEP],0.927386648713149,8.60045996211404
7681,11,1,1,1,[CLS],[CLS],-1.04760768929065,10.9748187066089
7682,11,1,1,2,[CLS],Token 2,0.668751848902234,4.47229035410157
7683,11,1,1,3,[CLS],Token 3,-0.000283567004641579,8.04102461213974e-07
7684,11,1,1,4,[CLS],Token 4,0.48537774317392,2.35591553568607
7685,11,1,1,5,[CLS],Token 5,0.0164682129743107,0.00271202038567254
7686,11,1,1,6,[CLS],Token 6,-0.259990218133612,0.675949135251633
7687,11,1,1,7,[CLS],.,0.190336973084516,0.362281633229756
7688,11,1,1,8,[CLS],[SEP],-0.669489170944196,4.48215750011548
7689,11,1,2,1,Token 2,[CLS],-0.895165181754642,8.01320702625822
7690,11,1,2,2,Token 2,Token 2,0.243026714092084,0.590619837623953
7691,11,1,2,3,Token 2,Token 3,0.0646304252911299,0.0417709187331232
7692,11,1,2,4,Token 2,Token 4,0.727614002200509,5.29422136198242
7693,11,1,2,5,Token 2,Token 5,-0.267393894237171,0.714994946753193
7694,11,1,2,6,Token 2,Token 6,-0.586156198231801,3.43579088725559
7695,11,1,2,7,Token 2,.,0.307246231858617,0.944002469913188
7696,11,1,2,8,Token 2,[SEP],-0.276573197089001,0.764927333480312
7697,11,1,3,1,Token 3,[CLS],-1.23282979973681,15.198693151191
7698,11,1,3,2,Token 3,Token 2,0.243315994824372,0.592026733373738
7699,11,1,3,3,Token 3,Token 3,0.221487802751152,0.490568467675334
7700,11,1,3,4,Token 3,Token 4,0.163594590936237,0.267631901835945
7701,11,1,3,5,Token 3,Token 5,-0.410807980081573,1.68763196498703
7702,11,1,3,6,Token 3,Token 6,-0.697103608766217,4.85953441354883
7703,11,1,3,7,Token 3,.,0.777134212720936,6.0393758458139
7704,11,1,3,8,Token 3,[SEP],0.345935190991774,1.19671156366515
7705,11,1,4,1,Token 4,[CLS],-1.13701940984686,12.9281313836851
7706,11,1,4,2,Token 4,Token 2,0.494083626838213,2.44118630309603
7707,11,1,4,3,Token 4,Token 3,0.0102254732780888,0.00104560303760907
7708,11,1,4,4,Token 4,Token 4,0.575741263911681,3.3147800297062
7709,11,1,4,5,Token 4,Token 5,-0.314322112956284,0.987983906933031
7710,11,1,4,6,Token 4,Token 6,-0.561129948374835,3.14866818963145
7711,11,1,4,7,Token 4,.,0.826896396378089,6.83757650343068
7712,11,1,4,8,Token 4,[SEP],0.168271252332506,0.283152143615497
7713,11,1,5,1,Token 5,[CLS],-0.862187626533957,7.43367503348257
7714,11,1,5,2,Token 5,Token 2,0.15177610391656,0.230359857200904
7715,11,1,5,3,Token 5,Token 3,0.0443108626207701,0.0196345254619676
7716,11,1,5,4,Token 5,Token 4,0.731718214515444,5.35411545453669
7717,11,1,5,5,Token 5,Token 5,-0.0989345301274536,0.0978804125154003
7718,11,1,5,6,Token 5,Token 6,-0.475924605711737,2.26504230321872
7719,11,1,5,7,Token 5,.,0.526361952255744,2.77056904782478
7720,11,1,5,8,Token 5,[SEP],-0.265199444586134,0.703307454087937
7721,11,1,6,1,Token 6,[CLS],-1.19582371921753,14.2999436744324
7722,11,1,6,2,Token 6,Token 2,0.469555627211381,2.20482487045874
7723,11,1,6,3,Token 6,Token 3,0.0519385415562969,0.0269761209899518
7724,11,1,6,4,Token 6,Token 4,0.675624689763489,4.5646872141801
7725,11,1,6,5,Token 6,Token 5,-0.360813020940772,1.30186036080406
7726,11,1,6,6,Token 6,Token 6,-0.524777067279925,2.75390970342919
7727,11,1,6,7,Token 6,.,0.525284986821323,2.75924317379877
7728,11,1,6,8,Token 6,[SEP],0.109411253395463,0.119708223695661
7729,11,1,7,1,.,[CLS],0.0232326174273899,0.00539754512527458
7730,11,1,7,2,.,Token 2,0.618334993384522,3.82338164043837
7731,11,1,7,3,.,Token 3,0.0705646070347445,0.0497936376596791
7732,11,1,7,4,.,Token 4,0.655982608002091,4.30313182001225
7733,11,1,7,5,.,Token 5,0.562939975260537,3.16901415746334
7734,11,1,7,6,.,Token 6,0.277244020118761,0.768642466916117
7735,11,1,7,7,.,.,-1.44956474612385,21.0123795320509
7736,11,1,7,8,.,[SEP],1.06632335588562,11.3704549930717
7737,11,1,8,1,[SEP],[CLS],-0.947261427145932,8.97304211358549
7738,11,1,8,2,[SEP],Token 2,0.277365296438527,0.76931507668432
7739,11,1,8,3,[SEP],Token 3,-0.0377803650941599,0.0142735598664802
7740,11,1,8,4,[SEP],Token 4,0.00870755487437146,0.000758215118901901
7741,11,1,8,5,[SEP],Token 5,0.432265851429956,1.86853766312465
7742,11,1,8,6,[SEP],Token 6,-0.395055217196713,1.56068624634342
7743,11,1,8,7,[SEP],.,-0.375514370300955,1.41011042302523
7744,11,1,8,8,[SEP],[SEP],0.702842967714835,4.93988237266198
7745,11,2,1,1,[CLS],[CLS],1.52164018470547,23.1538885171049
7746,11,2,1,2,[CLS],Token 2,0.826427725947887,6.82982786215395
7747,11,2,1,3,[CLS],Token 3,-0.160389711149331,0.257248594425657
7748,11,2,1,4,[CLS],Token 4,0.051056750400241,0.0260679176143251
7749,11,2,1,5,[CLS],Token 5,-0.500770683820082,2.50771277773633
7750,11,2,1,6,[CLS],Token 6,-0.872083590950883,7.60529789605788
7751,11,2,1,7,[CLS],.,1.62803528771405,26.5049889804216
7752,11,2,1,8,[CLS],[SEP],1.75058808696662,30.6455865022945
7753,11,2,2,1,Token 2,[CLS],-0.310760679996289,0.965722002317561
7754,11,2,2,2,Token 2,Token 2,-0.0472951827033708,0.0223683430694523
7755,11,2,2,3,Token 2,Token 3,-0.0113071759915518,0.00127852228903925
7756,11,2,2,4,Token 2,Token 4,-0.670758820095826,4.49917394736344
7757,11,2,2,5,Token 2,Token 5,-0.548901699184854,3.0129307536802
7758,11,2,2,6,Token 2,Token 6,-0.829492453803746,6.8805773091736
7759,11,2,2,7,Token 2,.,1.02062759815035,10.4168069410615
7760,11,2,2,8,Token 2,[SEP],1.38128909686999,19.0795956913191
7761,11,2,3,1,Token 3,[CLS],0.747837796546291,5.59261369943212
7762,11,2,3,2,Token 3,Token 2,0.220629419605085,0.486773407952767
7763,11,2,3,3,Token 3,Token 3,-0.130768969506282,0.17100523385735
7764,11,2,3,4,Token 3,Token 4,0.42403434696975,1.79805127410062
7765,11,2,3,5,Token 3,Token 5,-0.225748096289428,0.50962202978301
7766,11,2,3,6,Token 3,Token 6,-0.513203146393909,2.63377469468608
7767,11,2,3,7,Token 3,.,0.179210911846731,0.321165509249367
7768,11,2,3,8,Token 3,[SEP],1.06708791038111,11.3867660848152
7769,11,2,4,1,Token 4,[CLS],0.384641280740569,1.47948914849745
7770,11,2,4,2,Token 4,Token 2,0.564799485401992,3.18998458710355
7771,11,2,4,3,Token 4,Token 3,-0.340300272583376,1.1580427552032
7772,11,2,4,4,Token 4,Token 4,-0.0350715077330353,0.0123001065466835
7773,11,2,4,5,Token 4,Token 5,-0.502469870975237,2.52475971237871
7774,11,2,4,6,Token 4,Token 6,-0.828498361036489,6.86409534240148
7775,11,2,4,7,Token 4,.,1.25280913229084,15.6953072195133
7776,11,2,4,8,Token 4,[SEP],1.52184996915987,23.1602732863189
7777,11,2,5,1,Token 5,[CLS],0.406865448461527,1.65539493151799
7778,11,2,5,2,Token 5,Token 2,0.542088982620017,2.93860465078005
7779,11,2,5,3,Token 5,Token 3,0.252987973033064,0.640029144993781
7780,11,2,5,4,Token 5,Token 4,-0.00150395385447698,2.26187719639618e-05
7781,11,2,5,5,Token 5,Token 5,-0.282310994105984,0.79699497393109
7782,11,2,5,6,Token 5,Token 6,-0.552675782789793,3.0545052088231
7783,11,2,5,7,Token 5,.,0.627771261457877,3.94096756712414
7784,11,2,5,8,Token 5,[SEP],1.06778535745765,11.4016556960095
7785,11,2,6,1,Token 6,[CLS],0.852908056447276,7.2745215275267
7786,11,2,6,2,Token 6,Token 2,0.499654526030932,2.49654645383195
7787,11,2,6,3,Token 6,Token 3,-0.118060135176029,0.139381955177824
7788,11,2,6,4,Token 6,Token 4,0.247419963095752,0.612166381383034
7789,11,2,6,5,Token 6,Token 5,-0.234692555288263,0.550805955077344
7790,11,2,6,6,Token 6,Token 6,-0.754748397665658,5.69645143778878
7791,11,2,6,7,Token 6,.,0.650891629182,4.23659912939199
7792,11,2,6,8,Token 6,[SEP],1.18737859675051,14.0986793202122
7793,11,2,7,1,.,[CLS],-1.29731925210047,16.8303724187052
7794,11,2,7,2,.,Token 2,-0.82004187938463,6.72468683944676
7795,11,2,7,3,.,Token 3,-0.613463297173661,3.7633721697918
7796,11,2,7,4,.,Token 4,-0.670057833308736,4.48977499978399
7797,11,2,7,5,.,Token 5,-0.812043161100546,6.59414095490167
7798,11,2,7,6,.,Token 6,-0.99844268551892,9.96887796266233
7799,11,2,7,7,.,.,-0.697820839380119,4.86953923873174
7800,11,2,7,8,.,[SEP],0.806332146212217,6.501715300152
7801,11,2,8,1,[SEP],[CLS],-1.48811848240423,22.1449661767306
7802,11,2,8,2,[SEP],Token 2,-1.04806006325621,10.9842989619262
7803,11,2,8,3,[SEP],Token 3,-0.836957637654637,7.0049808722843
7804,11,2,8,4,[SEP],Token 4,-1.12631610263764,12.6858796306084
7805,11,2,8,5,[SEP],Token 5,-1.03491987953225,10.7105915705105
7806,11,2,8,6,[SEP],Token 6,-1.0988186248517,12.0740237032099
7807,11,2,8,7,[SEP],.,-0.297161397679975,0.883048962711164
7808,11,2,8,8,[SEP],[SEP],0.683170516737134,4.66721954938883
7809,11,3,1,1,[CLS],[CLS],-1.87717636854764,35.2379111863369
7810,11,3,1,2,[CLS],Token 2,-0.993498136337005,9.87038546905104
7811,11,3,1,3,[CLS],Token 3,-0.438777851302064,1.92526002793256
7812,11,3,1,4,[CLS],Token 4,-0.748780909492629,5.60672850420609
7813,11,3,1,5,[CLS],Token 5,0.386624112400755,1.49478204289672
7814,11,3,1,6,[CLS],Token 6,-0.370657604637956,1.37387059875947
7815,11,3,1,7,[CLS],.,1.75493261607773,30.7978848697344
7816,11,3,1,8,[CLS],[SEP],1.72688802615398,29.8214225487399
7817,11,3,2,1,Token 2,[CLS],-1.72712842869101,29.8297260919266
7818,11,3,2,2,Token 2,Token 2,0.129670294928761,0.168143853869119
7819,11,3,2,3,Token 2,Token 3,0.0833840248938669,0.0695289560750101
7820,11,3,2,4,Token 2,Token 4,-0.352332881035224,1.24138459058581
7821,11,3,2,5,Token 2,Token 5,0.623285997734862,3.88485434972342
7822,11,3,2,6,Token 2,Token 6,-0.116680821933155,0.136144142069965
7823,11,3,2,7,Token 2,.,1.48900551370874,22.1713741985502
7824,11,3,2,8,Token 2,[SEP],1.57402300011048,24.7754840487681
7825,11,3,3,1,Token 3,[CLS],-1.28786078630486,16.5858540490177
7826,11,3,3,2,Token 3,Token 2,-0.741231197565032,5.49423688243692
7827,11,3,3,3,Token 3,Token 3,-0.0331660544480804,0.0109998716765303
7828,11,3,3,4,Token 3,Token 4,-0.386074410829978,1.49053450697715
7829,11,3,3,5,Token 3,Token 5,0.340376522086709,1.15856176787844
7830,11,3,3,6,Token 3,Token 6,-0.406009474492728,1.64843693377861
7831,11,3,3,7,Token 3,.,1.38449333626524,19.1682179816286
7832,11,3,3,8,Token 3,[SEP],1.44372435582801,20.8434001561101
7833,11,3,4,1,Token 4,[CLS],-1.557107136732,24.2458263526172
7834,11,3,4,2,Token 4,Token 2,-0.0605771750840198,0.0366959414116
7835,11,3,4,3,Token 4,Token 3,-0.226956864097993,0.51509418161195
7836,11,3,4,4,Token 4,Token 4,0.218527995956398,0.477544850167195
7837,11,3,4,5,Token 4,Token 5,0.950138951639649,9.02764027422893
7838,11,3,4,6,Token 4,Token 6,-0.022338318386616,0.00499000468341827
7839,11,3,4,7,Token 4,.,1.35620368917305,18.392884465266
7840,11,3,4,8,Token 4,[SEP],1.59493845179824,25.4382866502456
7841,11,3,5,1,Token 5,[CLS],-1.51589125675803,22.9792630231543
7842,11,3,5,2,Token 5,Token 2,-0.167794501935973,0.281549948799413
7843,11,3,5,3,Token 5,Token 3,-0.200344277180745,0.40137829399075
7844,11,3,5,4,Token 5,Token 4,0.0115247133084667,0.0013281901684235
7845,11,3,5,5,Token 5,Token 5,0.939756507620936,8.83142293615898
7846,11,3,5,6,Token 5,Token 6,-0.182574603051964,0.333334856795823
7847,11,3,5,7,Token 5,.,1.37819438175883,18.9941975391161
7848,11,3,5,8,Token 5,[SEP],1.55367732055979,24.1391321642186
7849,11,3,6,1,Token 6,[CLS],-1.58458262926215,25.1090210895934
7850,11,3,6,2,Token 6,Token 2,-0.105177183254834,0.11062239877421
7851,11,3,6,3,Token 6,Token 3,-0.224667087477212,0.504753001954934
7852,11,3,6,4,Token 6,Token 4,-0.104488518893293,0.10917850580514
7853,11,3,6,5,Token 6,Token 5,0.756775516031278,5.72709181664408
7854,11,3,6,6,Token 6,Token 6,0.103606144245282,0.107342331253742
7855,11,3,6,7,Token 6,.,1.26870888922623,16.0962224560165
7856,11,3,6,8,Token 6,[SEP],1.47338673182928,21.7086846153056
7857,11,3,7,1,.,[CLS],-1.44974976582631,21.0177438351345
7858,11,3,7,2,.,Token 2,-1.04015397295977,10.8192028746399
7859,11,3,7,3,.,Token 3,-0.687002105569075,4.71971893056344
7860,11,3,7,4,.,Token 4,-0.5403268567665,2.91953112143165
7861,11,3,7,5,.,Token 5,-0.138567432022027,0.19200933217179
7862,11,3,7,6,.,Token 6,-0.751013214076258,5.64020847717151
7863,11,3,7,7,.,.,-0.484918400163203,2.35145854816841
7864,11,3,7,8,.,[SEP],0.873727536521317,7.63399808075611
7865,11,3,8,1,[SEP],[CLS],-1.43743187254162,20.662103881985
7866,11,3,8,2,[SEP],Token 2,-1.07390579885739,11.5327366481954
7867,11,3,8,3,[SEP],Token 3,-0.749998905747864,5.62498358622992
7868,11,3,8,4,[SEP],Token 4,-0.662047781933343,4.38307265562859
7869,11,3,8,5,[SEP],Token 5,-0.359372105321793,1.29148310083418
7870,11,3,8,6,[SEP],Token 6,-0.734542153913571,5.39552175875989
7871,11,3,8,7,[SEP],.,0.38682001769421,1.49629726088949
7872,11,3,8,8,[SEP],[SEP],0.767311067423973,5.88766274191316
7873,11,4,1,1,[CLS],[CLS],1.65499055158097,27.3899372582227
7874,11,4,1,2,[CLS],Token 2,1.06985408840952,11.4458777048657
7875,11,4,1,3,[CLS],Token 3,1.28816310178205,16.5936417679276
7876,11,4,1,4,[CLS],Token 4,1.49012899497616,22.2048442166866
7877,11,4,1,5,[CLS],Token 5,1.06953090562894,11.4389635809545
7878,11,4,1,6,[CLS],Token 6,1.04942708160615,11.0129719960839
7879,11,4,1,7,[CLS],.,-1.75024297935751,30.6335048679026
7880,11,4,1,8,[CLS],[SEP],1.10473051543974,12.2042951174377
7881,11,4,2,1,Token 2,[CLS],1.04245718469138,10.8671698191467
7882,11,4,2,2,Token 2,Token 2,0.500856957939423,2.50857692316333
7883,11,4,2,3,Token 2,Token 3,0.963713004891177,9.28742755796382
7884,11,4,2,4,Token 2,Token 4,0.47902705988381,2.29466924100928
7885,11,4,2,5,Token 2,Token 5,0.800268857449725,6.40430244203888
7886,11,4,2,6,Token 2,Token 6,1.04909515266537,11.0060063934597
7887,11,4,2,7,Token 2,.,-1.16316694458425,13.5295734097347
7888,11,4,2,8,Token 2,[SEP],1.0182335104834,10.3679948187134
7889,11,4,3,1,Token 3,[CLS],0.706220785896758,4.98747798432635
7890,11,4,3,2,Token 3,Token 2,0.379874167355848,1.44304383024299
7891,11,4,3,3,Token 3,Token 3,0.734490146047987,5.39475774641593
7892,11,4,3,4,Token 3,Token 4,0.797807442623483,6.36496715505423
7893,11,4,3,5,Token 3,Token 5,0.766214340319757,5.8708441531164
7894,11,4,3,6,Token 3,Token 6,0.548487853851956,3.00838925823125
7895,11,4,3,7,Token 3,.,-0.737778249825265,5.44316745915232
7896,11,4,3,8,Token 3,[SEP],0.323975596185492,1.04960186923745
7897,11,4,4,1,Token 4,[CLS],1.19094373665762,14.1834698388401
7898,11,4,4,2,Token 4,Token 2,0.139441758203988,0.194440039310194
7899,11,4,4,3,Token 4,Token 3,0.518759823666216,2.69111754650204
7900,11,4,4,4,Token 4,Token 4,0.861787009334406,7.42676849457539
7901,11,4,4,5,Token 4,Token 5,0.5225450470562,2.73053326202966
7902,11,4,4,6,Token 4,Token 6,0.740087080269943,5.47728886382488
7903,11,4,4,7,Token 4,.,-1.25404906204262,15.7263905000997
7904,11,4,4,8,Token 4,[SEP],1.1723256001848,13.7434731284865
7905,11,4,5,1,Token 5,[CLS],0.798780630730167,6.38050496029685
7906,11,4,5,2,Token 5,Token 2,0.39641943584953,1.5714836911926
7907,11,4,5,3,Token 5,Token 3,0.845274720743909,7.14489353528694
7908,11,4,5,4,Token 5,Token 4,0.662048474947339,4.38308183180098
7909,11,4,5,5,Token 5,Token 5,0.701106496780522,4.91550319827856
7910,11,4,5,6,Token 5,Token 6,0.563863330035165,3.17941854958345
7911,11,4,5,7,Token 5,.,-1.07354127733595,11.5249087414411
7912,11,4,5,8,Token 5,[SEP],0.876607348512166,7.68440443465529
7913,11,4,6,1,Token 6,[CLS],0.875539009565616,7.6656855727114
7914,11,4,6,2,Token 6,Token 2,0.25210559816373,0.635572326254923
7915,11,4,6,3,Token 6,Token 3,0.584294052115119,3.41399539337106
7916,11,4,6,4,Token 6,Token 4,0.511493633480164,2.6162573709074
7917,11,4,6,5,Token 6,Token 5,0.369258921194416,1.36352150881664
7918,11,4,6,6,Token 6,Token 6,0.608435018758175,3.70193172051261
7919,11,4,6,7,Token 6,.,-1.04384385825102,10.8961000040838
7920,11,4,6,8,Token 6,[SEP],0.848533583892433,7.20009242993335
7921,11,4,7,1,.,[CLS],1.13084940681688,12.7882038089809
7922,11,4,7,2,.,Token 2,-0.0228809076391043,0.00523535934389223
7923,11,4,7,3,.,Token 3,-0.208183312760398,0.433402917118935
7924,11,4,7,4,.,Token 4,0.662916874921107,4.39458783055166
7925,11,4,7,5,.,Token 5,1.00587251406377,10.1177951454897
7926,11,4,7,6,.,Token 6,0.739515227329548,5.46882771452271
7927,11,4,7,7,.,.,-1.35415149326166,18.3372626670278
7928,11,4,7,8,.,[SEP],-1.5027252704346,22.5818323840275
7929,11,4,8,1,[SEP],[CLS],1.75016457330742,30.6307603366033
7930,11,4,8,2,[SEP],Token 2,0.551284759460928,3.03914886013894
7931,11,4,8,3,[SEP],Token 3,1.05410835293431,11.1114441972588
7932,11,4,8,4,[SEP],Token 4,1.56606835670284,24.5257009786594
7933,11,4,8,5,[SEP],Token 5,1.43047103879479,20.4624739283064
7934,11,4,8,6,[SEP],Token 6,1.21064169208067,14.6565330660395
7935,11,4,8,7,[SEP],.,-1.57064830709121,24.6693610456848
7936,11,4,8,8,[SEP],[SEP],-1.58780094322089,25.2111183529316
7937,11,5,1,1,[CLS],[CLS],-1.45772350735412,21.2495782389279
7938,11,5,1,2,[CLS],Token 2,-0.497036749453716,2.47045530307516
7939,11,5,1,3,[CLS],Token 3,0.0124696730953753,0.00155492747105528
7940,11,5,1,4,[CLS],Token 4,0.549535277334049,3.01989021034611
7941,11,5,1,5,[CLS],Token 5,0.41016427961401,1.6823473627128
7942,11,5,1,6,[CLS],Token 6,0.0956400273179358,0.091470148253755
7943,11,5,1,7,[CLS],.,-1.47092746497799,21.6362760722658
7944,11,5,1,8,[CLS],[SEP],-1.41074506837936,19.9020164795667
7945,11,5,2,1,Token 2,[CLS],-0.173783981480289,0.302008722191414
7946,11,5,2,2,Token 2,Token 2,0.529536579814749,2.80408989361902
7947,11,5,2,3,Token 2,Token 3,0.00331934093715232,0.000110180242570553
7948,11,5,2,4,Token 2,Token 4,0.61116770929866,3.73525968889371
7949,11,5,2,5,Token 2,Token 5,0.436379866681734,1.90427388045168
7950,11,5,2,6,Token 2,Token 6,0.345165648479786,1.19139324890471
7951,11,5,2,7,Token 2,.,-0.988720518575731,9.77568263852661
7952,11,5,2,8,Token 2,[SEP],-0.276863889312113,0.7665361320503
7953,11,5,3,1,Token 3,[CLS],0.232290228004479,0.53958750026373
7954,11,5,3,2,Token 3,Token 2,-0.0489336459839529,0.0239450170928283
7955,11,5,3,3,Token 3,Token 3,-0.0181680916382148,0.0033007955377457
7956,11,5,3,4,Token 3,Token 4,0.428063922700361,1.83238721917621
7957,11,5,3,5,Token 3,Token 5,0.54278270464372,2.94613064460352
7958,11,5,3,6,Token 3,Token 6,0.356395505586024,1.27017756401918
7959,11,5,3,7,Token 3,.,-0.859232357045968,7.3828024339477
7960,11,5,3,8,Token 3,[SEP],-0.375051766292559,1.40663827399169
7961,11,5,4,1,Token 4,[CLS],-0.0644577207114295,0.0415479775931265
7962,11,5,4,2,Token 4,Token 2,-0.0133734457245238,0.00178849050546784
7963,11,5,4,3,Token 4,Token 3,0.117900484977711,0.139005243579795
7964,11,5,4,4,Token 4,Token 4,0.381453566194857,1.45506823162774
7965,11,5,4,5,Token 4,Token 5,0.472966093385144,2.23696925492004
7966,11,5,4,6,Token 4,Token 6,0.107908654030978,0.116442776147773
7967,11,5,4,7,Token 4,.,-0.900194582606905,8.10350286554821
7968,11,5,4,8,Token 4,[SEP],-0.476016057083372,2.265912866012
7969,11,5,5,1,Token 5,[CLS],-0.149801217272424,0.224404046963001
7970,11,5,5,2,Token 5,Token 2,0.304375431289624,0.926444031727449
7971,11,5,5,3,Token 5,Token 3,0.263473615839082,0.694183462433203
7972,11,5,5,4,Token 5,Token 4,0.59370623457383,3.52487092971835
7973,11,5,5,5,Token 5,Token 5,0.348311895055269,1.21321176236993
7974,11,5,5,6,Token 5,Token 6,0.262596920489316,0.689571426504721
7975,11,5,5,7,Token 5,.,-1.16603490249953,13.5963739384709
7976,11,5,5,8,Token 5,[SEP],-1.02091079406291,10.4225884943417
7977,11,5,6,1,Token 6,[CLS],0.137004852220819,0.187703295320486
7978,11,5,6,2,Token 6,Token 2,0.302924934951499,0.917635162153702
7979,11,5,6,3,Token 6,Token 3,0.248905006352203,0.619537021871903
7980,11,5,6,4,Token 6,Token 4,0.339111911312558,1.14996888394056
7981,11,5,6,5,Token 6,Token 5,0.524859672110366,2.75477675407801
7982,11,5,6,6,Token 6,Token 6,-0.0607752381043924,0.0369362956664559
7983,11,5,6,7,Token 6,.,-0.752565981642293,5.66355556725228
7984,11,5,6,8,Token 6,[SEP],-0.375393614458651,1.4092036577633
7985,11,5,7,1,.,[CLS],0.488327593838064,2.38463838903673
7986,11,5,7,2,.,Token 2,0.286236881021915,0.819315520571541
7987,11,5,7,3,.,Token 3,0.365920355477989,1.33897706553138
7988,11,5,7,4,.,Token 4,0.554756135475478,3.07754369847686
7989,11,5,7,5,.,Token 5,0.516809707965773,2.67092274247668
7990,11,5,7,6,.,Token 6,-0.327097589365448,1.06992832968688
7991,11,5,7,7,.,.,-1.09050318060619,11.8919718691222
7992,11,5,7,8,.,[SEP],1.12062218777683,12.5579408773773
7993,11,5,8,1,[SEP],[CLS],0.333883785631606,1.11478382307692
7994,11,5,8,2,[SEP],Token 2,0.32057059284114,1.0276550499452
7995,11,5,8,3,[SEP],Token 3,0.473959391651706,2.24637504934855
7996,11,5,8,4,[SEP],Token 4,0.68864943562909,4.74238045192264
7997,11,5,8,5,[SEP],Token 5,0.725620217327419,5.26524699794291
7998,11,5,8,6,[SEP],Token 6,-0.220526141396235,0.486317790391122
7999,11,5,8,7,[SEP],.,-1.1515697216539,13.2611282383003
8000,11,5,8,8,[SEP],[SEP],1.15550780495652,13.3519828731543
8001,11,6,1,1,[CLS],[CLS],-1.83955907980401,33.8397760808936
8002,11,6,1,2,[CLS],Token 2,-0.575987230353043,3.3176128952977
8003,11,6,1,3,[CLS],Token 3,-0.550363702533606,3.029002050665
8004,11,6,1,4,[CLS],Token 4,-1.07070848269952,11.4641665492471
8005,11,6,1,5,[CLS],Token 5,-1.32178504002683,17.4711569203873
8006,11,6,1,6,[CLS],Token 6,-1.03173005578553,10.6446690801122
8007,11,6,1,7,[CLS],.,1.71511144421451,29.4160726607557
8008,11,6,1,8,[CLS],[SEP],1.55716102100345,24.2475044533249
8009,11,6,2,1,Token 2,[CLS],-1.43900625395247,20.7073899891432
8010,11,6,2,2,Token 2,Token 2,-0.346319499056041,1.19937195426427
8011,11,6,2,3,Token 2,Token 3,-0.0748084535384419,0.0559630472081323
8012,11,6,2,4,Token 2,Token 4,-0.93231337385963,8.69208227077528
8013,11,6,2,5,Token 2,Token 5,-1.20877811157955,14.6114452303382
8014,11,6,2,6,Token 2,Token 6,-1.08359818483036,11.7418502616766
8015,11,6,2,7,Token 2,.,1.11254741035177,12.3776174028043
8016,11,6,2,8,Token 2,[SEP],0.810971500759549,6.57674775044195
8017,11,6,3,1,Token 3,[CLS],-1.14149352684041,13.0300747181856
8018,11,6,3,2,Token 3,Token 2,-0.333335273644197,1.11112404655451
8019,11,6,3,3,Token 3,Token 3,-0.432857162380811,1.87365323024367
8020,11,6,3,4,Token 3,Token 4,-0.578398451668857,3.34544768892931
8021,11,6,3,5,Token 3,Token 5,-0.843719848795473,7.11863183251456
8022,11,6,3,6,Token 3,Token 6,-0.896803406699046,8.04256350267014
8023,11,6,3,7,Token 3,.,0.65251224973449,4.25772236053566
8024,11,6,3,8,Token 3,[SEP],0.685534295028304,4.69957269659954
8025,11,6,4,1,Token 4,[CLS],-1.49437814804388,22.3316604935106
8026,11,6,4,2,Token 4,Token 2,-0.251800087101801,0.634032838644744
8027,11,6,4,3,Token 4,Token 3,-0.239286410742893,0.572579863662164
8028,11,6,4,4,Token 4,Token 4,-0.583312574103825,3.4025355910763
8029,11,6,4,5,Token 4,Token 5,-1.22888690004165,15.1016301309397
8030,11,6,4,6,Token 4,Token 6,-1.03852419474386,10.7853250306839
8031,11,6,4,7,Token 4,.,1.23466669176324,15.244018397496
8032,11,6,4,8,Token 4,[SEP],1.01713248184282,10.3455848561973
8033,11,6,5,1,Token 5,[CLS],-1.0960229327619,12.0126626914
8034,11,6,5,2,Token 5,Token 2,0.25327420829174,0.641478245858076
8035,11,6,5,3,Token 5,Token 3,-0.0374678046988772,0.014038363889532
8036,11,6,5,4,Token 5,Token 4,-0.00270167622219431,7.29905440957009e-05
8037,11,6,5,5,Token 5,Token 5,-1.18655635175071,14.0791597587995
8038,11,6,5,6,Token 5,Token 6,-0.922917797762285,8.51777261426386
8039,11,6,5,7,Token 5,.,0.798270662568875,6.37236050718151
8040,11,6,5,8,Token 5,[SEP],0.772480963128336,5.96726838395681
8041,11,6,6,1,Token 6,[CLS],-1.16333648497793,13.5335177728081
8042,11,6,6,2,Token 6,Token 2,0.0270541778821191,0.00731928540877342
8043,11,6,6,3,Token 6,Token 3,-0.264472141765517,0.699455137700396
8044,11,6,6,4,Token 6,Token 4,-0.507671525454543,2.57730377757343
8045,11,6,6,5,Token 6,Token 5,-1.11542675270753,12.4417684065567
8046,11,6,6,6,Token 6,Token 6,-0.872526603119265,7.61302673150844
8047,11,6,6,7,Token 6,.,0.866603340097575,7.51001349068273
8048,11,6,6,8,Token 6,[SEP],0.878473888402373,7.71716372604785
8049,11,6,7,1,.,[CLS],-1.38505307883599,19.1837203119306
8050,11,6,7,2,.,Token 2,-0.571069827315061,3.26120747669654
8051,11,6,7,3,.,Token 3,-0.812211137495989,6.59686931872529
8052,11,6,7,4,.,Token 4,-1.32743486593728,17.6208332330594
8053,11,6,7,5,.,Token 5,-1.27281909313386,16.2006844384611
8054,11,6,7,6,.,Token 6,-1.30419273123739,17.0091868021244
8055,11,6,7,7,.,.,-0.491381916109977,2.41456187479912
8056,11,6,7,8,.,[SEP],0.859275554745571,7.38354478983308
8057,11,6,8,1,[SEP],[CLS],-1.53198164119286,23.4696774895197
8058,11,6,8,2,[SEP],Token 2,-0.915627192444985,8.38373155544687
8059,11,6,8,3,[SEP],Token 3,-1.21047366354753,14.6524649014219
8060,11,6,8,4,[SEP],Token 4,-1.35659754699797,18.403569045209
8061,11,6,8,5,[SEP],Token 5,-1.47046415218579,21.6226482286348
8062,11,6,8,6,[SEP],Token 6,-1.34582051273731,18.112328525045
8063,11,6,8,7,[SEP],.,0.11431650078964,0.130682623527877
8064,11,6,8,8,[SEP],[SEP],0.652117569344531,4.2525732424782
8065,11,7,1,1,[CLS],[CLS],1.41418213828726,19.9991112025072
8066,11,7,1,2,[CLS],Token 2,-1.14997427000072,13.224408216637
8067,11,7,1,3,[CLS],Token 3,-0.542955409013646,2.94800576177176
8068,11,7,1,4,[CLS],Token 4,-0.431489240371311,1.86182964556211
8069,11,7,1,5,[CLS],Token 5,0.473669702944144,2.24362987487193
8070,11,7,1,6,[CLS],Token 6,-0.373110279587783,1.39211280734074
8071,11,7,1,7,[CLS],.,0.707027540289726,4.9988794272814
8072,11,7,1,8,[CLS],[SEP],0.188341588577681,0.354725539879644
8073,11,7,2,1,Token 2,[CLS],0.657382282576924,4.32151465446047
8074,11,7,2,2,Token 2,Token 2,-0.888885013498397,7.90116567222044
8075,11,7,2,3,Token 2,Token 3,-0.0110760115752452,0.00122678032414966
8076,11,7,2,4,Token 2,Token 4,-0.432760201443471,1.87281391953394
8077,11,7,2,5,Token 2,Token 5,-0.204813206439633,0.419484495320836
8078,11,7,2,6,Token 2,Token 6,0.00963134126591578,0.000927627345805323
8079,11,7,2,7,Token 2,.,0.269362020490589,0.725558980827725
8080,11,7,2,8,Token 2,[SEP],0.0990402099960907,0.0980896319606974
8081,11,7,3,1,Token 3,[CLS],0.409297817173453,1.67524703142954
8082,11,7,3,2,Token 3,Token 2,-0.675512481842115,4.56317113124494
8083,11,7,3,3,Token 3,Token 3,-0.391321432934448,1.5313246387387
8084,11,7,3,4,Token 3,Token 4,-0.247042277712979,0.610298869776165
8085,11,7,3,5,Token 3,Token 5,0.249153470053919,0.620774516399091
8086,11,7,3,6,Token 3,Token 6,0.26134000854876,0.682986000682658
8087,11,7,3,7,Token 3,.,0.0394037092206321,0.0155265230034413
8088,11,7,3,8,Token 3,[SEP],0.348349538234666,1.21347400788305
8089,11,7,4,1,Token 4,[CLS],0.531908232095107,2.82926367370542
8090,11,7,4,2,Token 4,Token 2,-1.02480076924207,10.5021661663913
8091,11,7,4,3,Token 4,Token 3,-0.652320971479493,4.25522649831949
8092,11,7,4,4,Token 4,Token 4,0.0368191807173966,0.0135565206870031
8093,11,7,4,5,Token 4,Token 5,0.350480513092068,1.22836590057279
8094,11,7,4,6,Token 4,Token 6,0.34126498409859,1.16461789371811
8095,11,7,4,7,Token 4,.,0.0508891296966411,0.0258970352128156
8096,11,7,4,8,Token 4,[SEP],0.072996291455424,0.0532845856624521
8097,11,7,5,1,Token 5,[CLS],0.618407225159473,3.8242749612944
8098,11,7,5,2,Token 5,Token 2,-0.875174074764434,7.65929661139784
8099,11,7,5,3,Token 5,Token 3,-0.578580092852665,3.34754923845398
8100,11,7,5,4,Token 5,Token 4,-0.0582168448197633,0.0338920102076841
8101,11,7,5,5,Token 5,Token 5,0.310343362011901,0.963130023448495
8102,11,7,5,6,Token 5,Token 6,0.281229521850549,0.790900439602886
8103,11,7,5,7,Token 5,.,-0.366617678646606,1.34408522296226
8104,11,7,5,8,Token 5,[SEP],-0.211404272086396,0.446917662563791
8105,11,7,6,1,Token 6,[CLS],0.649137072190363,4.21378938491877
8106,11,7,6,2,Token 6,Token 2,-0.699703014091003,4.89584307928034
8107,11,7,6,3,Token 6,Token 3,-0.500923093684545,2.50923945786496
8108,11,7,6,4,Token 6,Token 4,0.165017243998169,0.272306908167512
8109,11,7,6,5,Token 6,Token 5,0.279720689828265,0.782436643180007
8110,11,7,6,6,Token 6,Token 6,0.114722296290551,0.131612052661769
8111,11,7,6,7,Token 6,.,-0.104654828559481,0.109526331408145
8112,11,7,6,8,Token 6,[SEP],0.24314546288511,0.591197161216142
8113,11,7,7,1,.,[CLS],1.15731227796915,13.3937170873815
8114,11,7,7,2,.,Token 2,-0.142764517885,0.203817075669365
8115,11,7,7,3,.,Token 3,0.0115455668731615,0.00133300114422644
8116,11,7,7,4,.,Token 4,0.353920400149089,1.25259649641691
8117,11,7,7,5,.,Token 5,0.507743124407713,2.57803080383306
8118,11,7,7,6,.,Token 6,-0.44240309292812,1.95720496632367
8119,11,7,7,7,.,.,-1.06191857144444,11.276710523786
8120,11,7,7,8,.,[SEP],1.05027274586744,11.0307284071192
8121,11,7,8,1,[SEP],[CLS],0.366967148098679,1.34664887783678
8122,11,7,8,2,[SEP],Token 2,-0.459974597826536,2.11576630645684
8123,11,7,8,3,[SEP],Token 3,-0.331266686577662,1.09737617636143
8124,11,7,8,4,[SEP],Token 4,-0.16845091138074,0.28375709545002
8125,11,7,8,5,[SEP],Token 5,0.139955187674903,0.195874545571173
8126,11,7,8,6,[SEP],Token 6,-0.574511626736521,3.30063609255443
8127,11,7,8,7,[SEP],.,-0.863293218329306,7.4527518081337
8128,11,7,8,8,[SEP],[SEP],0.947365761676521,8.97501886396934
8129,11,8,1,1,[CLS],[CLS],1.11195978919169,12.3645457277923
8130,11,8,1,2,[CLS],Token 2,0.499239069450724,2.49239648466025
8131,11,8,1,3,[CLS],Token 3,0.00253648730193455,6.43376783287521e-05
8132,11,8,1,4,[CLS],Token 4,0.930483253779375,8.65799085563854
8133,11,8,1,5,[CLS],Token 5,0.629961630091008,3.9685165538692
8134,11,8,1,6,[CLS],Token 6,0.575630205103852,3.31350133027902
8135,11,8,1,7,[CLS],.,-1.17189674180471,13.7334197345249
8136,11,8,1,8,[CLS],[SEP],-0.450980327735271,2.03383256004213
8137,11,8,2,1,Token 2,[CLS],0.264426356963584,0.699212982570329
8138,11,8,2,2,Token 2,Token 2,-0.794768557779876,6.31657060435504
8139,11,8,2,3,Token 2,Token 3,-0.105609422436038,0.111533501072735
8140,11,8,2,4,Token 2,Token 4,0.533031525823681,2.84122607521922
8141,11,8,2,5,Token 2,Token 5,0.698373834115392,4.87726012177032
8142,11,8,2,6,Token 2,Token 6,0.172134824334768,0.296303977487614
8143,11,8,2,7,Token 2,.,-0.298622524453845,0.891754121111874
8144,11,8,2,8,Token 2,[SEP],0.0501889547069956,0.0251893117458085
8145,11,8,3,1,Token 3,[CLS],-0.0421425506144429,0.0177599457229088
8146,11,8,3,2,Token 3,Token 2,-0.317390626705899,1.00736809920763
8147,11,8,3,3,Token 3,Token 3,-0.0225242108189231,0.00507340073015293
8148,11,8,3,4,Token 3,Token 4,0.320779900991568,1.0289974488016
8149,11,8,3,5,Token 3,Token 5,0.190730912550799,0.363782810024604
8150,11,8,3,6,Token 3,Token 6,0.335545863432277,1.12591026466513
8151,11,8,3,7,Token 3,.,-0.170095700580108,0.289325473558379
8152,11,8,3,8,Token 3,[SEP],-0.0338938910361937,0.0114879584957337
8153,11,8,4,1,Token 4,[CLS],0.419967555434831,1.76372747617908
8154,11,8,4,2,Token 4,Token 2,-0.447985915905557,2.0069138084974
8155,11,8,4,3,Token 4,Token 3,-0.124350201445423,0.154629725995173
8156,11,8,4,4,Token 4,Token 4,-0.0651799079053867,0.0424842039455469
8157,11,8,4,5,Token 4,Token 5,0.263524391378679,0.694451048515034
8158,11,8,4,6,Token 4,Token 6,0.178613532482527,0.319027939858867
8159,11,8,4,7,Token 4,.,-0.184126205894513,0.339024596971085
8160,11,8,4,8,Token 4,[SEP],0.271387348168674,0.736510927460254
8161,11,8,5,1,Token 5,[CLS],-0.841016627081134,7.07308967026928
8162,11,8,5,2,Token 5,Token 2,-0.971909960567487,9.44608971450293
8163,11,8,5,3,Token 5,Token 3,0.0479330396449672,0.02297576289606
8164,11,8,5,4,Token 5,Token 4,-0.529726219172918,2.80609867279235
8165,11,8,5,5,Token 5,Token 5,-0.31585579859934,0.99764885508827
8166,11,8,5,6,Token 5,Token 6,-0.558689236752172,3.12133663262725
8167,11,8,5,7,Token 5,.,0.410785159165347,1.68744446990499
8168,11,8,5,8,Token 5,[SEP],0.573039362141356,3.28374110563372
8169,11,8,6,1,Token 6,[CLS],-0.237008639263531,0.561730950855505
8170,11,8,6,2,Token 6,Token 2,-0.753960666683447,5.68456686905748
8171,11,8,6,3,Token 6,Token 3,-0.504579768693985,2.54600742975275
8172,11,8,6,4,Token 6,Token 4,-0.55093555070108,3.03529981026301
8173,11,8,6,5,Token 6,Token 5,-0.119368361618388,0.142488057554582
8174,11,8,6,6,Token 6,Token 6,-0.222370482002155,0.494486312658706
8175,11,8,6,7,Token 6,.,0.557511079422001,3.10818603678285
8176,11,8,6,8,Token 6,[SEP],0.489115826575575,2.39234291806708
8177,11,8,7,1,.,[CLS],-0.494820050075028,2.44846881956253
8178,11,8,7,2,.,Token 2,0.00790535398362489,0.00062494621606414
8179,11,8,7,3,.,Token 3,0.131979494401275,0.174185869424162
8180,11,8,7,4,.,Token 4,0.477378221443052,2.27889966308132
8181,11,8,7,5,.,Token 5,0.958887905481613,9.19466015278914
8182,11,8,7,6,.,Token 6,-0.243073549192805,0.59084750317187
8183,11,8,7,7,.,.,-0.96658133731879,9.3427948165298
8184,11,8,7,8,.,[SEP],1.02399509486267,10.4856595430281
8185,11,8,8,1,[SEP],[CLS],-0.227771257412498,0.518797457032703
8186,11,8,8,2,[SEP],Token 2,-0.202367647652648,0.409526648164664
8187,11,8,8,3,[SEP],Token 3,-0.32215718933083,1.0378525463754
8188,11,8,8,4,[SEP],Token 4,0.362604138124434,1.31481760984964
8189,11,8,8,5,[SEP],Token 5,0.769058033292024,5.91450258570997
8190,11,8,8,6,[SEP],Token 6,-0.208599196934814,0.435136249618495
8191,11,8,8,7,[SEP],.,-0.791309175166917,6.26170210703347
8192,11,8,8,8,[SEP],[SEP],0.971954293129228,9.44695147932338
8193,11,9,1,1,[CLS],[CLS],-1.83968921437556,33.8445640548976
8194,11,9,1,2,[CLS],Token 2,-1.41624683377652,20.0575509418201
8195,11,9,1,3,[CLS],Token 3,-0.916711341276631,8.40359683225199
8196,11,9,1,4,[CLS],Token 4,-1.18417311768206,14.0226597264085
8197,11,9,1,5,[CLS],Token 5,-1.03786291500583,10.7715943034439
8198,11,9,1,6,[CLS],Token 6,-1.29173136271955,16.6856991343331
8199,11,9,1,7,[CLS],.,1.6577640220344,27.4818155275168
8200,11,9,1,8,[CLS],[SEP],1.79024718144981,32.0498497068898
8201,11,9,2,1,Token 2,[CLS],-1.39867482001225,19.5629125213628
8202,11,9,2,2,Token 2,Token 2,-1.03886321507162,10.7923677962895
8203,11,9,2,3,Token 2,Token 3,-0.800222564134562,6.40356152150094
8204,11,9,2,4,Token 2,Token 4,-0.560325669808323,3.13964856246146
8205,11,9,2,5,Token 2,Token 5,-0.835268542112514,6.97673537442765
8206,11,9,2,6,Token 2,Token 6,-0.590687696274683,3.48911954530292
8207,11,9,2,7,Token 2,.,0.884739792741488,7.8276450086025
8208,11,9,2,8,Token 2,[SEP],1.43795299970404,20.6770882935785
8209,11,9,3,1,Token 3,[CLS],-0.805791279696194,6.49299586434431
8210,11,9,3,2,Token 3,Token 2,-0.587287661076843,3.44906796853109
8211,11,9,3,3,Token 3,Token 3,-0.490249700727231,2.4034476906314
8212,11,9,3,4,Token 3,Token 4,0.114762122904685,0.131703448535899
8213,11,9,3,5,Token 3,Token 5,0.0577266646206756,0.0333236780822796
8214,11,9,3,6,Token 3,Token 6,0.0615885595703714,0.0379315066995319
8215,11,9,3,7,Token 3,.,0.110516503803067,0.122138976128534
8216,11,9,3,8,Token 3,[SEP],0.583588068349651,3.40575033520077
8217,11,9,4,1,Token 4,[CLS],-1.43868503105432,20.6981461857977
8218,11,9,4,2,Token 4,Token 2,-0.743707394861073,5.53100689171044
8219,11,9,4,3,Token 4,Token 3,-0.714705231945661,5.10803568570501
8220,11,9,4,4,Token 4,Token 4,-0.633648486819361,4.01510404848465
8221,11,9,4,5,Token 4,Token 5,-0.331999375367395,1.1022358524434
8222,11,9,4,6,Token 4,Token 6,-0.28238924674635,0.797436866779709
8223,11,9,4,7,Token 4,.,0.826642220325882,6.83337360425305
8224,11,9,4,8,Token 4,[SEP],1.41004285181365,19.8822084395076
8225,11,9,5,1,Token 5,[CLS],-1.08358418210652,11.7415467971146
8226,11,9,5,2,Token 5,Token 2,-0.466453965279138,2.17579301724631
8227,11,9,5,3,Token 5,Token 3,-0.901929092652297,8.13476088172596
8228,11,9,5,4,Token 5,Token 4,-0.686133478278505,4.7077915001456
8229,11,9,5,5,Token 5,Token 5,-0.399911296889692,1.59929045379995
8230,11,9,5,6,Token 5,Token 6,-0.14757545133432,0.217785138365283
8231,11,9,5,7,Token 5,.,0.473583450653978,2.24281284733328
8232,11,9,5,8,Token 5,[SEP],1.18055091547407,13.9370046402666
8233,11,9,6,1,Token 6,[CLS],-1.25867741780191,15.8426884208449
8234,11,9,6,2,Token 6,Token 2,-0.502973228185845,2.5298206827169
8235,11,9,6,3,Token 6,Token 3,-0.641323039996046,4.1129524162977
8236,11,9,6,4,Token 6,Token 4,-0.239165273358324,0.572000279805618
8237,11,9,6,5,Token 6,Token 5,-0.540240888053186,2.91860217124495
8238,11,9,6,6,Token 6,Token 6,-0.254245355011028,0.646407005446837
8239,11,9,6,7,Token 6,.,0.635059955249046,4.03301146760921
8240,11,9,6,8,Token 6,[SEP],1.09631682776098,12.0191058683191
8241,11,9,7,1,.,[CLS],0.20187704004954,0.407543392991634
8242,11,9,7,2,.,Token 2,-0.2078331279832,0.431946090872814
8243,11,9,7,3,.,Token 3,-0.44995032857706,2.02455298186605
8244,11,9,7,4,.,Token 4,0.32309757695913,1.04392044236861
8245,11,9,7,5,.,Token 5,0.476186748000586,2.26753818971373
8246,11,9,7,6,.,Token 6,-0.313669122026154,0.983883181126585
8247,11,9,7,7,.,.,-0.935374438948325,8.74925341037894
8248,11,9,7,8,.,[SEP],0.897553864764808,8.05602940154242
8249,11,9,8,1,[SEP],[CLS],-1.36905190267056,18.7430311220587
8250,11,9,8,2,[SEP],Token 2,-1.12159430004034,12.5797377388299
8251,11,9,8,3,[SEP],Token 3,-1.26122141454402,15.9067945650441
8252,11,9,8,4,[SEP],Token 4,-0.697079811623518,4.85920263773079
8253,11,9,8,5,[SEP],Token 5,-0.875573826276235,7.66629525260008
8254,11,9,8,6,[SEP],Token 6,-1.09278021999844,11.9416860921984
8255,11,9,8,7,[SEP],.,0.293367078606657,0.860642428102047
8256,11,9,8,8,[SEP],[SEP],1.43324075577066,20.5417906400204
8257,11,10,1,1,[CLS],[CLS],-1.57132241819621,24.6905414192597
8258,11,10,1,2,[CLS],Token 2,-1.10387802875029,12.1854670235763
8259,11,10,1,3,[CLS],Token 3,-0.66112107386816,4.37081074312589
8260,11,10,1,4,[CLS],Token 4,-1.50919486322614,22.7766913518816
8261,11,10,1,5,[CLS],Token 5,-1.22312272225205,14.9602919368928
8262,11,10,1,6,[CLS],Token 6,-1.32930129213184,17.6704192526337
8263,11,10,1,7,[CLS],.,1.69312143458791,28.6666019226101
8264,11,10,1,8,[CLS],[SEP],1.22553859895233,15.0194485752204
8265,11,10,2,1,Token 2,[CLS],-1.4312024700231,20.4834051020023
8266,11,10,2,2,Token 2,Token 2,-0.355794314890381,1.26589594508316
8267,11,10,2,3,Token 2,Token 3,-0.645490136874693,4.16657516802509
8268,11,10,2,4,Token 2,Token 4,-1.15522916420765,13.3455442183591
8269,11,10,2,5,Token 2,Token 5,-0.926460898478907,8.58329796410344
8270,11,10,2,6,Token 2,Token 6,-1.24273048830531,15.4437906656355
8271,11,10,2,7,Token 2,.,0.799137188021211,6.38620245278447
8272,11,10,2,8,Token 2,[SEP],0.471227733229263,2.22055576564389
8273,11,10,3,1,Token 3,[CLS],-0.768693229972339,5.90889281805307
8274,11,10,3,2,Token 3,Token 2,-0.442557037481428,1.95856731424338
8275,11,10,3,3,Token 3,Token 3,-0.414911249657907,1.72151345092686
8276,11,10,3,4,Token 3,Token 4,-0.86661761974408,7.51026098850894
8277,11,10,3,5,Token 3,Token 5,-0.577103830110443,3.33048830728143
8278,11,10,3,6,Token 3,Token 6,-0.836391427332723,6.99550619715669
8279,11,10,3,7,Token 3,.,0.311451976778551,0.970023338392667
8280,11,10,3,8,Token 3,[SEP],0.756649237508744,5.72518068622564
8281,11,10,4,1,Token 4,[CLS],-1.31653991488772,17.3327734749257
8282,11,10,4,2,Token 4,Token 2,-0.9704393395415,9.41752511729742
8283,11,10,4,3,Token 4,Token 3,-0.670032905557618,4.48944094529983
8284,11,10,4,4,Token 4,Token 4,-0.583292491912405,3.40230131121383
8285,11,10,4,5,Token 4,Token 5,-1.06136779539866,11.2650159710941
8286,11,10,4,6,Token 4,Token 6,-1.07621574999784,11.5824034054341
8287,11,10,4,7,Token 4,.,1.1300656159605,12.7704829637618
8288,11,10,4,8,Token 4,[SEP],0.784786873453612,6.15890436745095
8289,11,10,5,1,Token 5,[CLS],-1.24363888565191,15.4663767790552
8290,11,10,5,2,Token 5,Token 2,-0.275781200243132,0.760552704075425
8291,11,10,5,3,Token 5,Token 3,-0.393071109839716,1.54504897390626
8292,11,10,5,4,Token 5,Token 4,-0.666963861850247,4.44840793014194
8293,11,10,5,5,Token 5,Token 5,-0.691051552251301,4.77552247868933
8294,11,10,5,6,Token 5,Token 6,-0.805285900736273,6.4848538192463
8295,11,10,5,7,Token 5,.,0.734209188404225,5.39063132337191
8296,11,10,5,8,Token 5,[SEP],0.950344953437492,9.0315553052411
8297,11,10,6,1,Token 6,[CLS],-1.24127230449793,15.407569339136
8298,11,10,6,2,Token 6,Token 2,-0.508679069665763,2.58754395916026
8299,11,10,6,3,Token 6,Token 3,-0.717852079082794,5.15311607443491
8300,11,10,6,4,Token 6,Token 4,-0.895896164539416,8.02629937636436
8301,11,10,6,5,Token 6,Token 5,-0.490499804637162,2.40590058349094
8302,11,10,6,6,Token 6,Token 6,-1.24571390779327,15.5180314006958
8303,11,10,6,7,Token 6,.,1.10217408817476,12.1478772064387
8304,11,10,6,8,Token 6,[SEP],1.00296948800916,10.0594779387736
8305,11,10,7,1,.,[CLS],-1.44206444140109,20.7954985315343
8306,11,10,7,2,.,Token 2,-1.20030526880327,14.407327383169
8307,11,10,7,3,.,Token 3,-0.871353542183151,7.59256995475124
8308,11,10,7,4,.,Token 4,-1.19498739734458,14.2799487981237
8309,11,10,7,5,.,Token 5,-1.31190661093042,17.2109895580294
8310,11,10,7,6,.,Token 6,-1.20563267228751,14.5355014048713
8311,11,10,7,7,.,.,-0.639563102051001,4.09040961505099
8312,11,10,7,8,.,[SEP],0.829381018873437,6.87872874467541
8313,11,10,8,1,[SEP],[CLS],-1.53534597139989,23.5728725189387
8314,11,10,8,2,[SEP],Token 2,-1.40203169349332,19.6569286955975
8315,11,10,8,3,[SEP],Token 3,-0.995066266001599,9.90156873734364
8316,11,10,8,4,[SEP],Token 4,-1.38114192573062,19.075530190109
8317,11,10,8,5,[SEP],Token 5,-1.47455495033859,21.7431230156802
8318,11,10,8,6,[SEP],Token 6,-1.2238228335226,14.9774232785128
8319,11,10,8,7,[SEP],.,-0.391720471584918,1.5344492785871
8320,11,10,8,8,[SEP],[SEP],0.683917213425422,4.67742754819593
8321,11,11,1,1,[CLS],[CLS],1.24906240362691,15.6015688815424
8322,11,11,1,2,[CLS],Token 2,-0.214906262627014,0.461847017163112
8323,11,11,1,3,[CLS],Token 3,0.0870824566151098,0.0758335425012247
8324,11,11,1,4,[CLS],Token 4,0.840036723189636,7.05661696307182
8325,11,11,1,5,[CLS],Token 5,-0.232439896133792,0.540283053146882
8326,11,11,1,6,[CLS],Token 6,-0.664048058066995,4.40959823422547
8327,11,11,1,7,[CLS],.,1.20799475707754,14.5925133312683
8328,11,11,1,8,[CLS],[SEP],1.1506764392207,13.2405626777763
8329,11,11,2,1,Token 2,[CLS],0.412940159013754,1.70519574926304
8330,11,11,2,2,Token 2,Token 2,0.238716754926767,0.569856890827659
8331,11,11,2,3,Token 2,Token 3,0.111451610876312,0.124214615669248
8332,11,11,2,4,Token 2,Token 4,0.259923213402432,0.675600768654462
8333,11,11,2,5,Token 2,Token 5,-0.224188812288236,0.502606235552099
8334,11,11,2,6,Token 2,Token 6,-0.554134027276259,3.07064520185406
8335,11,11,2,7,Token 2,.,1.01744778714238,10.3519999956092
8336,11,11,2,8,Token 2,[SEP],0.932477276980768,8.69513872085467
8337,11,11,3,1,Token 3,[CLS],-0.318424699878293,1.01394289492581
8338,11,11,3,2,Token 3,Token 2,-0.954884493924826,9.11804396738071
8339,11,11,3,3,Token 3,Token 3,0.814235423786024,6.62979325348006
8340,11,11,3,4,Token 3,Token 4,-0.565982737081845,3.20336458674657
8341,11,11,3,5,Token 3,Token 5,-0.127201362660154,0.161801866626001
8342,11,11,3,6,Token 3,Token 6,-0.608558436545689,3.70343370690933
8343,11,11,3,7,Token 3,.,0.538312328993167,2.89780163546048
8344,11,11,3,8,Token 3,[SEP],0.264605991427991,0.700163306995899
8345,11,11,4,1,Token 4,[CLS],0.530520169312172,2.81451650047016
8346,11,11,4,2,Token 4,Token 2,-0.430010534000977,1.84909059351805
8347,11,11,4,3,Token 4,Token 3,-0.165942821070255,0.275370198647548
8348,11,11,4,4,Token 4,Token 4,0.158570334065914,0.251445508457756
8349,11,11,4,5,Token 4,Token 5,-0.00127842778309036,1.63437759657733e-05
8350,11,11,4,6,Token 4,Token 6,-0.299136713977117,0.894827736490277
8351,11,11,4,7,Token 4,.,0.779588388672417,6.07758055752857
8352,11,11,4,8,Token 4,[SEP],0.691953797300384,4.78800057598421
8353,11,11,5,1,Token 5,[CLS],0.446051964660991,1.9896235517793
8354,11,11,5,2,Token 5,Token 2,-0.203578922471974,0.414443776748501
8355,11,11,5,3,Token 5,Token 3,0.181610581724426,0.329824033942843
8356,11,11,5,4,Token 5,Token 4,-0.0611360960667195,0.0373762224227916
8357,11,11,5,5,Token 5,Token 5,0.117650327344983,0.138415995243816
8358,11,11,5,6,Token 5,Token 6,-0.291586436273456,0.850226498186543
8359,11,11,5,7,Token 5,.,0.459360315015065,2.1101189901074
8360,11,11,5,8,Token 5,[SEP],0.359039881327446,1.28909636383627
8361,11,11,6,1,Token 6,[CLS],0.220629902185605,0.486775537384297
8362,11,11,6,2,Token 6,Token 2,-0.419594012340546,1.76059135192038
8363,11,11,6,3,Token 6,Token 3,-0.0583483464873118,0.0340452953780339
8364,11,11,6,4,Token 6,Token 4,0.418069044949639,1.74781726345104
8365,11,11,6,5,Token 6,Token 5,-0.0964454523495195,0.0930172527890343
8366,11,11,6,6,Token 6,Token 6,-0.131342809198998,0.172509335282845
8367,11,11,6,7,Token 6,.,0.733325426831603,5.37766181637753
8368,11,11,6,8,Token 6,[SEP],0.499731855973105,2.49731927874324
8369,11,11,7,1,.,[CLS],-1.54070632167725,23.7377596965623
8370,11,11,7,2,.,Token 2,-1.23540148181877,15.2621682128001
8371,11,11,7,3,.,Token 3,-0.614611110611495,3.77746817287095
8372,11,11,7,4,.,Token 4,-1.08823327478671,11.8425166035301
8373,11,11,7,5,.,Token 5,-0.554980736477317,3.08003617860905
8374,11,11,7,6,.,Token 6,-0.958577578675957,9.18870974340262
8375,11,11,7,7,.,.,1.61015333714909,25.9259376913234
8376,11,11,7,8,.,[SEP],1.78988971525628,32.0370519278022
8377,11,11,8,1,[SEP],[CLS],-1.50972233319578,22.7926152335011
8378,11,11,8,2,[SEP],Token 2,-1.13034434995507,12.7767834947536
8379,11,11,8,3,[SEP],Token 3,-0.0500345385336909,0.025034550462794
8380,11,11,8,4,[SEP],Token 4,-1.38361505928104,19.1439063226929
8381,11,11,8,5,[SEP],Token 5,-0.696863053990697,4.8561811601724
8382,11,11,8,6,[SEP],Token 6,-1.0032998278443,10.066105445524
8383,11,11,8,7,[SEP],.,1.90183341645573,36.1697034394769
8384,11,11,8,8,[SEP],[SEP],1.91756437819875,36.7705314453676
8385,11,12,1,1,[CLS],[CLS],-1.00329226322444,10.0659536544601
8386,11,12,1,2,[CLS],Token 2,-0.801254463031985,6.42008714528675
8387,11,12,1,3,[CLS],Token 3,-0.108635366224422,0.118016427947144
8388,11,12,1,4,[CLS],Token 4,-0.0369500856729372,0.013653088312374
8389,11,12,1,5,[CLS],Token 5,0.439313815439822,1.92996628436294
8390,11,12,1,6,[CLS],Token 6,0.481216399591661,2.31569223235961
8391,11,12,1,7,[CLS],.,-0.469543762369645,2.20471344780242
8392,11,12,1,8,[CLS],[SEP],-0.726228533626639,5.27407883053499
8393,11,12,2,1,Token 2,[CLS],-0.0136146224558619,0.00185357944615659
8394,11,12,2,2,Token 2,Token 2,-0.322213967072125,1.03821840576356
8395,11,12,2,3,Token 2,Token 3,-0.0779300828114535,0.0607309780699999
8396,11,12,2,4,Token 2,Token 4,-0.223378149998202,0.498977978966191
8397,11,12,2,5,Token 2,Token 5,0.156282509116752,0.244242226558276
8398,11,12,2,6,Token 2,Token 6,-0.0169068206528083,0.00285840584586226
8399,11,12,2,7,Token 2,.,0.541724905049972,2.93465872751401
8400,11,12,2,8,Token 2,[SEP],0.547969430674495,3.00270496953731
8401,11,12,3,1,Token 3,[CLS],0.223328328941034,0.498755425075948
8402,11,12,3,2,Token 3,Token 2,-0.441553182592957,1.94969213057969
8403,11,12,3,3,Token 3,Token 3,-0.167027187584221,0.278980813922944
8404,11,12,3,4,Token 3,Token 4,-0.279585359930339,0.78167973487377
8405,11,12,3,5,Token 3,Token 5,0.145874249801546,0.212792967551638
8406,11,12,3,6,Token 3,Token 6,-0.149010561615389,0.222041474729336
8407,11,12,3,7,Token 3,.,0.548308727536883,3.00642460693116
8408,11,12,3,8,Token 3,[SEP],0.938067182150785,8.79970038228312
8409,11,12,4,1,Token 4,[CLS],0.169086867522439,0.285903687685509
8410,11,12,4,2,Token 4,Token 2,-0.391698013343806,1.53427333657484
8411,11,12,4,3,Token 4,Token 3,0.0771454613152011,0.0595142220153519
8412,11,12,4,4,Token 4,Token 4,-0.391632281235549,1.5337584370576
8413,11,12,4,5,Token 4,Token 5,0.0877690811544922,0.0770341160670385
8414,11,12,4,6,Token 4,Token 6,-0.0892058069884403,0.0795767600045888
8415,11,12,4,7,Token 4,.,0.755383612153191,5.70604401509602
8416,11,12,4,8,Token 4,[SEP],0.716397614970972,5.13225542736098
8417,11,12,5,1,Token 5,[CLS],-0.75567193291811,5.71040070200193
8418,11,12,5,2,Token 5,Token 2,-0.216385413605775,0.468226472213425
8419,11,12,5,3,Token 5,Token 3,0.0758694425875102,0.0575617231853951
8420,11,12,5,4,Token 5,Token 4,-0.312971847644149,0.979513774177923
8421,11,12,5,5,Token 5,Token 5,0.123734153140449,0.153101406533841
8422,11,12,5,6,Token 5,Token 6,-0.269482013138034,0.726205554049275
8423,11,12,5,7,Token 5,.,0.469824661641613,2.20735212686656
8424,11,12,5,8,Token 5,[SEP],0.444946071340485,1.97977006401332
8425,11,12,6,1,Token 6,[CLS],-0.088729964007507,0.078730065127735
8426,11,12,6,2,Token 6,Token 2,-0.663126654409492,4.39736959788326
8427,11,12,6,3,Token 6,Token 3,0.0468919694427,0.0219885679821511
8428,11,12,6,4,Token 6,Token 4,-0.0124481622621821,0.00154956743705615
8429,11,12,6,5,Token 6,Token 5,0.102212399586487,0.104473746292277
8430,11,12,6,6,Token 6,Token 6,-0.313611718413768,0.983523099264368
8431,11,12,6,7,Token 6,.,0.573353246853312,3.28733945677236
8432,11,12,6,8,Token 6,[SEP],0.549199250836687,3.01619817119578
8433,11,12,7,1,.,[CLS],-1.83442067587216,33.6509921606728
8434,11,12,7,2,.,Token 2,-1.48042935340553,21.9167107042473
8435,11,12,7,3,.,Token 3,-1.19406235103269,14.2578489815371
8436,11,12,7,4,.,Token 4,-1.51115755531225,22.8359715697728
8437,11,12,7,5,.,Token 5,-1.32757965038818,17.624677281248
8438,11,12,7,6,.,Token 6,-1.34991402551393,18.2226787627922
8439,11,12,7,7,.,.,0.746101463240596,5.56667393449758
8440,11,12,7,8,.,[SEP],0.970021467070106,9.40941646576841
8441,11,12,8,1,[SEP],[CLS],-1.78989924109219,32.0373929326239
8442,11,12,8,2,[SEP],Token 2,-1.68011264892944,28.227785130927
8443,11,12,8,3,[SEP],Token 3,-1.03098041122759,10.6292060833501
8444,11,12,8,4,[SEP],Token 4,-1.26592739750506,16.0257217575394
8445,11,12,8,5,[SEP],Token 5,-1.28572700404843,16.5309392893935
8446,11,12,8,6,[SEP],Token 6,-1.32103593239559,17.4513593468028
8447,11,12,8,7,[SEP],.,1.54677242056651,23.9250492102519
8448,11,12,8,8,[SEP],[SEP],1.04201899143524,10.8580357851172
8449,12,1,1,1,[CLS],[CLS],0.819011329175229,6.70779557317375
8450,12,1,1,2,[CLS],Token 2,0.401262332967292,1.61011459858354
8451,12,1,1,3,[CLS],Token 3,0.740965113638662,5.49029299629556
8452,12,1,1,4,[CLS],Token 4,1.32892582239976,17.6604384144088
8453,12,1,1,5,[CLS],Token 5,1.08505484291538,11.7734401213412
8454,12,1,1,6,[CLS],Token 6,1.13262055918831,12.8282933109605
8455,12,1,1,7,[CLS],.,-1.47878652613296,21.8680958987238
8456,12,1,1,8,[CLS],[SEP],-1.51261835274331,22.8801428105589
8457,12,1,2,1,Token 2,[CLS],1.50407114747779,22.6223001667515
8458,12,1,2,2,Token 2,Token 2,1.01889249267652,10.3814191163258
8459,12,1,2,3,Token 2,Token 3,1.18472834280718,14.0358124625064
8460,12,1,2,4,Token 2,Token 4,1.28719375592343,16.5686776528828
8461,12,1,2,5,Token 2,Token 5,1.38527786115122,19.1899475259571
8462,12,1,2,6,Token 2,Token 6,1.22153281633622,14.921424213863
8463,12,1,2,7,Token 2,.,-1.48499200676735,22.0520126016291
8464,12,1,2,8,Token 2,[SEP],-1.37269393418016,18.8428863693499
8465,12,1,3,1,Token 3,[CLS],1.20951405948623,14.6292426009486
8466,12,1,3,2,Token 3,Token 2,0.713852998080195,5.09586102868083
8467,12,1,3,3,Token 3,Token 3,0.801623803542187,6.42600722405443
8468,12,1,3,4,Token 3,Token 4,1.21608121980377,14.7885353315942
8469,12,1,3,5,Token 3,Token 5,1.19022660043965,14.1663936039412
8470,12,1,3,6,Token 3,Token 6,1.1678839472321,13.6395291420244
8471,12,1,3,7,Token 3,.,-1.31287348452199,17.2363678636092
8472,12,1,3,8,Token 3,[SEP],-1.17239961341285,13.7452085353061
8473,12,1,4,1,Token 4,[CLS],1.4536193871993,21.1300932284166
8474,12,1,4,2,Token 4,Token 2,0.999168237618537,9.98337167065734
8475,12,1,4,3,Token 4,Token 3,1.22361981796962,14.9724545892802
8476,12,1,4,4,Token 4,Token 4,1.13470295485087,12.875507957473
8477,12,1,4,5,Token 4,Token 5,1.40858857920637,19.8412178547062
8478,12,1,4,6,Token 4,Token 6,1.10802194552742,12.2771263177036
8479,12,1,4,7,Token 4,.,-1.526891958922,23.3139905422067
8480,12,1,4,8,Token 4,[SEP],-1.47170398210477,21.6591261094304
8481,12,1,5,1,Token 5,[CLS],1.50487285991151,22.6464232449824
8482,12,1,5,2,Token 5,Token 2,1.17412775750257,13.7857599093802
8483,12,1,5,3,Token 5,Token 3,1.22698543756529,15.0549326399729
8484,12,1,5,4,Token 5,Token 4,1.26531536570139,16.0102297468004
8485,12,1,5,5,Token 5,Token 5,1.59086835972819,25.3086213798428
8486,12,1,5,6,Token 5,Token 6,1.21628351573736,14.7934559065442
8487,12,1,5,7,Token 5,.,-1.55645265204646,24.2254485806247
8488,12,1,5,8,Token 5,[SEP],-1.54978670852578,24.0183884192318
8489,12,1,6,1,Token 6,[CLS],1.54987163545918,24.021020864009
8490,12,1,6,2,Token 6,Token 2,1.09585695034546,12.0090245562045
8491,12,1,6,3,Token 6,Token 3,1.1939950844681,14.2562426173399
8492,12,1,6,4,Token 6,Token 4,1.20191995879729,14.4461158735528
8493,12,1,6,5,Token 6,Token 5,1.41521727699718,20.0283994111132
8494,12,1,6,6,Token 6,Token 6,1.38125114535549,19.0785472654584
8495,12,1,6,7,Token 6,.,-1.61418074943334,26.0557949184118
8496,12,1,6,8,Token 6,[SEP],-1.56382439823403,24.4554674851202
8497,12,1,7,1,.,[CLS],-1.26704408333225,16.0540070910727
8498,12,1,7,2,.,Token 2,-1.05591362209903,11.1495357733429
8499,12,1,7,3,.,Token 3,-1.1268478429959,12.6978606126451
8500,12,1,7,4,.,Token 4,-1.41525953032382,20.0295953817239
8501,12,1,7,5,.,Token 5,-1.38017201386113,19.0487478784549
8502,12,1,7,6,.,Token 6,-1.30059212201308,16.9153986784249
8503,12,1,7,7,.,.,0.335241117732314,1.12386607018411
8504,12,1,7,8,.,[SEP],1.11479143241177,12.4275993777868
8505,12,1,8,1,[SEP],[CLS],-1.26902357835103,16.1042084241086
8506,12,1,8,2,[SEP],Token 2,-1.06703384079072,11.385612173926
8507,12,1,8,3,[SEP],Token 3,-1.15025377597977,13.2308374915571
8508,12,1,8,4,[SEP],Token 4,-1.40599624038212,19.7682542796867
8509,12,1,8,5,[SEP],Token 5,-1.34850424675271,18.1846370351008
8510,12,1,8,6,[SEP],Token 6,-1.29075699667919,16.6605362447629
8511,12,1,8,7,[SEP],.,0.339846680160716,1.1549576601626
8512,12,1,8,8,[SEP],[SEP],1.09271110721139,11.9401756382315
8513,12,2,1,1,[CLS],[CLS],1.80493376697067,32.5778590315095
8514,12,2,1,2,[CLS],Token 2,1.54773870648392,23.9549510354852
8515,12,2,1,3,[CLS],Token 3,1.30978493613263,17.1553657891995
8516,12,2,1,4,[CLS],Token 4,1.66129756864133,27.5990961157359
8517,12,2,1,5,[CLS],Token 5,1.38725872566279,19.2448677192754
8518,12,2,1,6,[CLS],Token 6,1.44857272835738,20.9836294934075
8519,12,2,1,7,[CLS],.,-1.79309768068452,32.151992924762
8520,12,2,1,8,[CLS],[SEP],-1.78033979322341,31.6960977933478
8521,12,2,2,1,Token 2,[CLS],1.62545489409332,26.4210361273192
8522,12,2,2,2,Token 2,Token 2,1.39112637248047,19.3523258421067
8523,12,2,2,3,Token 2,Token 3,0.960069437735792,9.2173332527432
8524,12,2,2,4,Token 2,Token 4,1.71138626845233,29.2884295984719
8525,12,2,2,5,Token 2,Token 5,1.30437689371652,17.0139908086155
8526,12,2,2,6,Token 2,Token 6,1.27340403379489,16.2155783328509
8527,12,2,2,7,Token 2,.,-1.59790153010842,25.5328929992283
8528,12,2,2,8,Token 2,[SEP],-1.49447993007151,22.3347026138656
8529,12,2,3,1,Token 3,[CLS],1.59741338032645,25.5172950764597
8530,12,2,3,2,Token 3,Token 2,1.71927361994841,29.5590178025051
8531,12,2,3,3,Token 3,Token 3,0.713367816290193,5.08893641318638
8532,12,2,3,4,Token 3,Token 4,1.55570281096053,24.2021123603049
8533,12,2,3,5,Token 3,Token 5,1.29511263418432,16.7731673522385
8534,12,2,3,6,Token 3,Token 6,1.243155436934,15.4543544037856
8535,12,2,3,7,Token 3,.,-1.58742430027338,25.1991590909843
8536,12,2,3,8,Token 3,[SEP],-1.59731695886216,25.5142146706866
8537,12,2,4,1,Token 4,[CLS],1.5560722835972,24.2136095177941
8538,12,2,4,2,Token 4,Token 2,1.57436934809338,24.7863884421597
8539,12,2,4,3,Token 4,Token 3,1.24348603834703,15.46257527564
8540,12,2,4,4,Token 4,Token 4,1.66590896352824,27.7525267476373
8541,12,2,4,5,Token 4,Token 5,1.11048843292824,12.3318455966741
8542,12,2,4,6,Token 4,Token 6,1.35866842060154,18.4597987713988
8543,12,2,4,7,Token 4,.,-1.60098710118938,25.6315969817477
8544,12,2,4,8,Token 4,[SEP],-1.59083139566804,25.3074452944314
8545,12,2,5,1,Token 5,[CLS],1.46172364704104,21.3663602031897
8546,12,2,5,2,Token 5,Token 2,1.45018693411171,21.0304214386832
8547,12,2,5,3,Token 5,Token 3,0.999903892329001,9.99807793894687
8548,12,2,5,4,Token 5,Token 4,1.57116468276819,24.6855846037805
8549,12,2,5,5,Token 5,Token 5,0.626268531632658,3.92212273713325
8550,12,2,5,6,Token 5,Token 6,1.31291164548376,17.2373698884688
8551,12,2,5,7,Token 5,.,-1.47740043853254,21.8271205577614
8552,12,2,5,8,Token 5,[SEP],-1.44430543834499,20.860181992329
8553,12,2,6,1,Token 6,[CLS],1.50678111358824,22.7038932426622
8554,12,2,6,2,Token 6,Token 2,1.50782355384504,22.7353186952988
8555,12,2,6,3,Token 6,Token 3,1.08136530884076,11.6935093116428
8556,12,2,6,4,Token 6,Token 4,1.60481249384705,25.7542314040758
8557,12,2,6,5,Token 6,Token 5,1.38857190577265,19.2813193750109
8558,12,2,6,6,Token 6,Token 6,1.20423909384133,14.5019179513579
8559,12,2,6,7,Token 6,.,-1.52232132065265,23.1746220331364
8560,12,2,6,8,Token 6,[SEP],-1.50649000446129,22.6951213354177
8561,12,2,7,1,.,[CLS],-1.48219558990223,21.9690376672561
8562,12,2,7,2,.,Token 2,-1.03026048920934,10.6143667562586
8563,12,2,7,3,.,Token 3,-1.50181271894195,22.5544144277582
8564,12,2,7,4,.,Token 4,-1.20420472761678,14.5010902601461
8565,12,2,7,5,.,Token 5,-1.62471095156476,26.3968567613446
8566,12,2,7,6,.,Token 6,-1.40998185006082,19.8804881750094
8567,12,2,7,7,.,.,0.171757204253917,0.295005372131217
8568,12,2,7,8,.,[SEP],1.13166968857306,12.8067628403504
8569,12,2,8,1,[SEP],[CLS],-1.45297981791497,21.1115035126822
8570,12,2,8,2,[SEP],Token 2,-1.01943390961964,10.3924549608238
8571,12,2,8,3,[SEP],Token 3,-1.51678379290401,23.0063307441627
8572,12,2,8,4,[SEP],Token 4,-1.21438508392861,14.7473113206831
8573,12,2,8,5,[SEP],Token 5,-1.62598786874036,26.4383654929082
8574,12,2,8,6,[SEP],Token 6,-1.39739745116825,19.5271963653153
8575,12,2,8,7,[SEP],.,0.152697210439425,0.233164380759821
8576,12,2,8,8,[SEP],[SEP],1.1247597123088,12.6508441043297
8577,12,3,1,1,[CLS],[CLS],1.09151755373175,11.9141057010454
8578,12,3,1,2,[CLS],Token 2,-0.872056323112625,7.60482230680712
8579,12,3,1,3,[CLS],Token 3,0.0404012319643248,0.0163225954423518
8580,12,3,1,4,[CLS],Token 4,0.352810855523368,1.24475499775131
8581,12,3,1,5,[CLS],Token 5,0.503750380810279,2.53764446166501
8582,12,3,1,6,[CLS],Token 6,0.0228144207761959,0.0052049779535332
8583,12,3,1,7,[CLS],.,-0.32935846991309,1.08477001703492
8584,12,3,1,8,[CLS],[SEP],-0.460039840879474,2.11636655196411
8585,12,3,2,1,Token 2,[CLS],1.12271162066901,12.6048138318524
8586,12,3,2,2,Token 2,Token 2,0.0315848937620464,0.00997605513959762
8587,12,3,2,3,Token 2,Token 3,0.339254794383523,1.15093815512206
8588,12,3,2,4,Token 2,Token 4,0.510728548584608,2.60843650339341
8589,12,3,2,5,Token 2,Token 5,0.910444665007393,8.28909488040424
8590,12,3,2,6,Token 2,Token 6,1.17111856965537,13.7151870419165
8591,12,3,2,7,Token 2,.,-1.08351927980807,11.7401402971579
8592,12,3,2,8,Token 2,[SEP],-1.14583284944598,13.129329188695
8593,12,3,3,1,Token 3,[CLS],1.08156095521904,11.6977409985432
8594,12,3,3,2,Token 3,Token 2,0.22266584736178,0.495800795813394
8595,12,3,3,3,Token 3,Token 3,0.233724748047985,0.546272578500942
8596,12,3,3,4,Token 3,Token 4,0.944470773741494,8.92025042451856
8597,12,3,3,5,Token 3,Token 5,0.878638968110954,7.72006436283083
8598,12,3,3,6,Token 3,Token 6,0.93987179595677,8.83358992835004
8599,12,3,3,7,Token 3,.,-1.04353895586052,10.8897355239846
8600,12,3,3,8,Token 3,[SEP],-1.09256603228499,11.9370053490297
8601,12,3,4,1,Token 4,[CLS],0.707453832390471,5.00490924963965
8602,12,3,4,2,Token 4,Token 2,-0.234026877162914,0.547685792346258
8603,12,3,4,3,Token 4,Token 3,0.324340514782109,1.05196769529123
8604,12,3,4,4,Token 4,Token 4,0.804105123444423,6.46585049549571
8605,12,3,4,5,Token 4,Token 5,0.694609491824558,4.82482346132771
8606,12,3,4,6,Token 4,Token 6,0.632390330551466,3.99917530174992
8607,12,3,4,7,Token 4,.,-0.770943654237854,5.94354118009616
8608,12,3,4,8,Token 4,[SEP],-0.913085478015791,8.33725090163327
8609,12,3,5,1,Token 5,[CLS],1.40365534961091,19.7024834049132
8610,12,3,5,2,Token 5,Token 2,0.582894498204279,3.39765996036818
8611,12,3,5,3,Token 5,Token 3,0.639362587929697,4.0878451884416
8612,12,3,5,4,Token 5,Token 4,1.14314767921811,13.0678661650175
8613,12,3,5,5,Token 5,Token 5,1.05237753601936,11.0749847831819
8614,12,3,5,6,Token 5,Token 6,1.26037454004943,15.8854398120482
8615,12,3,5,7,Token 5,.,-1.44195625998044,20.7923785569679
8616,12,3,5,8,Token 5,[SEP],-1.50341292712935,22.6025042945963
8617,12,3,6,1,Token 6,[CLS],1.19613218420324,14.3073220208682
8618,12,3,6,2,Token 6,Token 2,0.356498577889496,1.27091236037233
8619,12,3,6,3,Token 6,Token 3,0.655605837155679,4.29819013712599
8620,12,3,6,4,Token 6,Token 4,0.894430020822881,8.00005062149221
8621,12,3,6,5,Token 6,Token 5,0.958659654545702,9.19028333253684
8622,12,3,6,6,Token 6,Token 6,1.06110399465969,11.2594168748276
8623,12,3,6,7,Token 6,.,-1.29245588669215,16.7044221904519
8624,12,3,6,8,Token 6,[SEP],-1.35260085995421,18.2952908634888
8625,12,3,7,1,.,[CLS],1.6631711516644,27.6613827972868
8626,12,3,7,2,.,Token 2,0.760067618900967,5.77702785301785
8627,12,3,7,3,.,Token 3,0.0257810397099739,0.00664662008527249
8628,12,3,7,4,.,Token 4,0.820983829281568,6.74014447941826
8629,12,3,7,5,.,Token 5,0.409929601251308,1.68042277982056
8630,12,3,7,6,.,Token 6,0.200318814937514,0.401276276179699
8631,12,3,7,7,.,.,-1.18802352719341,14.1139990116508
8632,12,3,7,8,.,[SEP],0.683466673842187,4.67126694252903
8633,12,3,8,1,[SEP],[CLS],1.62691868171262,26.4686439690553
8634,12,3,8,2,[SEP],Token 2,0.503176720496954,2.53186812050069
8635,12,3,8,3,[SEP],Token 3,-0.168711858994919,0.284636913655214
8636,12,3,8,4,[SEP],Token 4,0.632981146442888,4.00665131752153
8637,12,3,8,5,[SEP],Token 5,0.227156143120256,0.515999133572704
8638,12,3,8,6,[SEP],Token 6,0.00959344787148844,0.00092034242062966
8639,12,3,8,7,[SEP],.,-1.02803713829095,10.5686035770544
8640,12,3,8,8,[SEP],[SEP],0.729698100274368,5.32459317544022
8641,12,4,1,1,[CLS],[CLS],-1.39597849664404,19.4875596309257
8642,12,4,1,2,[CLS],Token 2,-0.278195778639183,0.773928912526612
8643,12,4,1,3,[CLS],Token 3,0.49579600411054,2.45813677691978
8644,12,4,1,4,[CLS],Token 4,-0.137944054669019,0.190285622185292
8645,12,4,1,5,[CLS],Token 5,-0.134817703556006,0.181758131921151
8646,12,4,1,6,[CLS],Token 6,-0.4842666092909,2.34514148874106
8647,12,4,1,7,[CLS],.,1.03302892733569,10.6714876471232
8648,12,4,1,8,[CLS],[SEP],1.00931916088094,10.1872516852141
8649,12,4,2,1,Token 2,[CLS],-1.64780501258369,27.1526135949594
8650,12,4,2,2,Token 2,Token 2,-0.571268711676851,3.26347940940929
8651,12,4,2,3,Token 2,Token 3,0.388994940552583,1.51317063775507
8652,12,4,2,4,Token 2,Token 4,-1.23102022814269,15.1541080209647
8653,12,4,2,5,Token 2,Token 5,-0.823677841094208,6.78445185909616
8654,12,4,2,6,Token 2,Token 6,-0.807262447160852,6.51672658596129
8655,12,4,2,7,Token 2,.,1.07485118881679,11.5530507810086
8656,12,4,2,8,Token 2,[SEP],1.08956842697347,11.8715935705744
8657,12,4,3,1,Token 3,[CLS],-1.14016242382681,12.9997035270662
8658,12,4,3,2,Token 3,Token 2,-0.18465451735454,0.34097290779438
8659,12,4,3,3,Token 3,Token 3,0.0374139542070165,0.0139980396940473
8660,12,4,3,4,Token 3,Token 4,-0.302592177943148,0.915620261523777
8661,12,4,3,5,Token 3,Token 5,-0.225683383920597,0.509329897778514
8662,12,4,3,6,Token 3,Token 6,-0.619690312042862,3.8401608283978
8663,12,4,3,7,Token 3,.,0.61905710423775,3.83231698307228
8664,12,4,3,8,Token 3,[SEP],0.67366607353449,4.53825978631376
8665,12,4,4,1,Token 4,[CLS],-1.78365271317286,31.814170012089
8666,12,4,4,2,Token 4,Token 2,-0.870019740766373,7.56934349323188
8667,12,4,4,3,Token 4,Token 3,0.401988751894963,1.6159495665007
8668,12,4,4,4,Token 4,Token 4,-1.02573264072731,10.5212745025341
8669,12,4,4,5,Token 4,Token 5,-0.311915556548031,0.97291314416668
8670,12,4,4,6,Token 4,Token 6,-0.844887253100921,7.13834470452419
8671,12,4,4,7,Token 4,.,1.27485937628194,16.2526642929397
8672,12,4,4,8,Token 4,[SEP],1.26741705915185,16.0634600182913
8673,12,4,5,1,Token 5,[CLS],-1.58464523092151,25.1110050788229
8674,12,4,5,2,Token 5,Token 2,-0.455649984793118,2.07616908641969
8675,12,4,5,3,Token 5,Token 3,0.470602991380276,2.21467175496064
8676,12,4,5,4,Token 5,Token 4,-0.703607650347115,4.95063725626988
8677,12,4,5,5,Token 5,Token 5,-0.191429906538741,0.366454091174312
8678,12,4,5,6,Token 5,Token 6,-0.759562498304563,5.76935188830668
8679,12,4,5,7,Token 5,.,0.946639577781609,8.96126490222542
8680,12,4,5,8,Token 5,[SEP],0.983042840615802,9.66373226485985
8681,12,4,6,1,Token 6,[CLS],-1.57883426028838,24.9271762146035
8682,12,4,6,2,Token 6,Token 2,-0.383289861929457,1.46911118257903
8683,12,4,6,3,Token 6,Token 3,0.363887336766215,1.32413993858809
8684,12,4,6,4,Token 6,Token 4,-0.691006184843527,4.77489547492007
8685,12,4,6,5,Token 6,Token 5,-0.0763839527414514,0.0583450823640827
8686,12,4,6,6,Token 6,Token 6,-0.572752205336246,3.28045088717534
8687,12,4,6,7,Token 6,.,0.86122541492424,7.41709215311428
8688,12,4,6,8,Token 6,[SEP],0.870382702215371,7.57566048315731
8689,12,4,7,1,.,[CLS],-1.50106055360996,22.5318278560385
8690,12,4,7,2,.,Token 2,-1.19508706193795,14.2823308561149
8691,12,4,7,3,.,Token 3,-1.24393831984873,15.4738254358807
8692,12,4,7,4,.,Token 4,-1.65866821952117,27.5118026244954
8693,12,4,7,5,.,Token 5,-1.32551657264976,17.5699418436916
8694,12,4,7,6,.,Token 6,-1.42027751719739,20.171882258564
8695,12,4,7,7,.,.,0.246144593639769,0.605871609780872
8696,12,4,7,8,.,[SEP],1.31374524298071,17.2592656345444
8697,12,4,8,1,[SEP],[CLS],-1.48951688417441,22.1866054824065
8698,12,4,8,2,[SEP],Token 2,-1.28911975261989,16.6182973659477
8699,12,4,8,3,[SEP],Token 3,-1.30422934466038,17.0101418347324
8700,12,4,8,4,[SEP],Token 4,-1.6791799200621,28.1964520393975
8701,12,4,8,5,[SEP],Token 5,-1.36858004605639,18.7301134246371
8702,12,4,8,6,[SEP],Token 6,-1.43334723897996,20.5448430749146
8703,12,4,8,7,[SEP],.,0.523002683273581,2.73531806711366
8704,12,4,8,8,[SEP],[SEP],1.33822970815097,17.9085875177782
8705,12,5,1,1,[CLS],[CLS],1.85498744626851,34.4097842581376
8706,12,5,1,2,[CLS],Token 2,-0.894493717522149,8.00119010686594
8707,12,5,1,3,[CLS],Token 3,-0.9877426530192,9.75635548593407
8708,12,5,1,4,[CLS],Token 4,0.165178312046261,0.272838747704519
8709,12,5,1,5,[CLS],Token 5,-0.307566430052051,0.94597108894963
8710,12,5,1,6,[CLS],Token 6,-0.89703521841437,8.04672183075716
8711,12,5,1,7,[CLS],.,-0.566441100592346,3.20855520440269
8712,12,5,1,8,[CLS],[SEP],-0.595877206711032,3.55069645477742
8713,12,5,2,1,Token 2,[CLS],1.0494072963709,11.0125567367648
8714,12,5,2,2,Token 2,Token 2,-0.766669623890895,5.87782312197006
8715,12,5,2,3,Token 2,Token 3,-0.77535412380273,6.01174017297899
8716,12,5,2,4,Token 2,Token 4,-0.771673371781117,5.95479792716038
8717,12,5,2,5,Token 2,Token 5,-0.888069194866737,7.88666894871255
8718,12,5,2,6,Token 2,Token 6,-1.12595407166239,12.6777257149311
8719,12,5,2,7,Token 2,.,0.567826406677709,3.22426828120519
8720,12,5,2,8,Token 2,[SEP],0.843505296648957,7.11501185474845
8721,12,5,3,1,Token 3,[CLS],1.01095454135129,10.220290846788
8722,12,5,3,2,Token 3,Token 2,-0.880878584332911,7.75947080336352
8723,12,5,3,3,Token 3,Token 3,-0.911877841496567,8.31521197812438
8724,12,5,3,4,Token 3,Token 4,-0.338176465156815,1.14363321585959
8725,12,5,3,5,Token 3,Token 5,-0.765505353705306,5.85998446551486
8726,12,5,3,6,Token 3,Token 6,-0.992180536154318,9.84422216323469
8727,12,5,3,7,Token 3,.,0.50943931832523,2.59528419055675
8728,12,5,3,8,Token 3,[SEP],0.833967271367327,6.95501409711865
8729,12,5,4,1,Token 4,[CLS],1.41493053659225,20.0202842338125
8730,12,5,4,2,Token 4,Token 2,-0.723967787284687,5.24129357025886
8731,12,5,4,3,Token 4,Token 3,-0.739779902411065,5.47274304011325
8732,12,5,4,4,Token 4,Token 4,-0.34342692399334,1.17942052123527
8733,12,5,4,5,Token 4,Token 5,-0.586178852311457,3.43605646897176
8734,12,5,4,6,Token 4,Token 6,-1.03881392971316,10.791343805661
8735,12,5,4,7,Token 4,.,0.125556246288201,0.157643709819834
8736,12,5,4,8,Token 4,[SEP],0.372613120471873,1.38840537547787
8737,12,5,5,1,Token 5,[CLS],1.52324811581126,23.2028482232256
8738,12,5,5,2,Token 5,Token 2,-0.696130154693183,4.84597192273154
8739,12,5,5,3,Token 5,Token 3,-0.695607165617794,4.83869328858822
8740,12,5,5,4,Token 5,Token 4,-0.153263760311996,0.234897802249729
8741,12,5,5,5,Token 5,Token 5,-0.584480873124136,3.41617891047953
8742,12,5,5,6,Token 5,Token 6,-1.03495716663879,10.7113633677699
8743,12,5,5,7,Token 5,.,0.170705693240591,0.291404337047507
8744,12,5,5,8,Token 5,[SEP],0.339271672658703,1.15105267868634
8745,12,5,6,1,Token 6,[CLS],1.38794659510062,19.263957508514
8746,12,5,6,2,Token 6,Token 2,-0.802331741928582,6.43736224106153
8747,12,5,6,3,Token 6,Token 3,-0.57351100587789,3.2891487386307
8748,12,5,6,4,Token 6,Token 4,-0.567325968847534,3.21858754928793
8749,12,5,6,5,Token 6,Token 5,-0.628478283916698,3.94984953354877
8750,12,5,6,6,Token 6,Token 6,-1.08018911475526,11.6680852363576
8751,12,5,6,7,Token 6,.,0.33547761222526,1.12545228304361
8752,12,5,6,8,Token 6,[SEP],0.527968674572469,2.78750921329809
8753,12,5,7,1,.,[CLS],1.12932418730662,12.7537312003575
8754,12,5,7,2,.,Token 2,0.451769183168569,2.04095394860796
8755,12,5,7,3,.,Token 3,0.0378652689611122,0.0143377859349737
8756,12,5,7,4,.,Token 4,0.632625769972452,4.00215364833238
8757,12,5,7,5,.,Token 5,-0.14023122899448,0.196647975853023
8758,12,5,7,6,.,Token 6,-0.593500630084621,3.52242997910842
8759,12,5,7,7,.,.,-0.981134904214485,9.62625700267966
8760,12,5,7,8,.,[SEP],0.902661027300058,8.14796930206396
8761,12,5,8,1,[SEP],[CLS],1.06361839468781,11.3128408951827
8762,12,5,8,2,[SEP],Token 2,0.376444559755972,1.41710506569868
8763,12,5,8,3,[SEP],Token 3,-0.0579331079692754,0.0335624499897973
8764,12,5,8,4,[SEP],Token 4,0.565097200523983,3.19334846040042
8765,12,5,8,5,[SEP],Token 5,-0.233527540510164,0.545351121767262
8766,12,5,8,6,[SEP],Token 6,-0.651966010378095,4.25059678688331
8767,12,5,8,7,[SEP],.,-0.947333163599428,8.97440122855301
8768,12,5,8,8,[SEP],[SEP],0.891444333452177,7.94672999643996
8769,12,6,1,1,[CLS],[CLS],1.69871931330471,28.8564730539443
8770,12,6,1,2,[CLS],Token 2,-0.211654705080594,0.447977141827533
8771,12,6,1,3,[CLS],Token 3,0.229408947208411,0.526284650592714
8772,12,6,1,4,[CLS],Token 4,0.214354353839475,0.459477890099389
8773,12,6,1,5,[CLS],Token 5,-0.0383007687694658,0.0146694888833209
8774,12,6,1,6,[CLS],Token 6,-0.524785590454053,2.75399915948209
8775,12,6,1,7,[CLS],.,-0.802440455842511,6.43910685172738
8776,12,6,1,8,[CLS],[SEP],-0.837797329238344,7.01904364878902
8777,12,6,2,1,Token 2,[CLS],1.48087434075117,21.929888130952
8778,12,6,2,2,Token 2,Token 2,0.347490540058634,1.20749675430241
8779,12,6,2,3,Token 2,Token 3,0.610449925292212,3.72649111289267
8780,12,6,2,4,Token 2,Token 4,0.462651409108123,2.14046326349732
8781,12,6,2,5,Token 2,Token 5,0.300022885815863,0.900137320132787
8782,12,6,2,6,Token 2,Token 6,0.0252401118280811,0.00637063245094042
8783,12,6,2,7,Token 2,.,-0.848988024963956,7.207806665322
8784,12,6,2,8,Token 2,[SEP],-0.871212020348629,7.5901038439994
8785,12,6,3,1,Token 3,[CLS],1.43498850197062,20.5919200078788
8786,12,6,3,2,Token 3,Token 2,0.343365529909108,1.17899887129763
8787,12,6,3,3,Token 3,Token 3,0.409275602058337,1.67506518440214
8788,12,6,3,4,Token 3,Token 4,0.722685194048022,5.22273889696228
8789,12,6,3,5,Token 3,Token 5,0.588560257907741,3.46403177188426
8790,12,6,3,6,Token 3,Token 6,0.284610647670154,0.810032207672247
8791,12,6,3,7,Token 3,.,-1.00916620990072,10.1841643920537
8792,12,6,3,8,Token 3,[SEP],-1.05666205422366,11.1653469683617
8793,12,6,4,1,Token 4,[CLS],1.46522269925115,21.4687755840083
8794,12,6,4,2,Token 4,Token 2,0.812018045724752,6.59373306582647
8795,12,6,4,3,Token 4,Token 3,0.601873664558594,3.62251908089192
8796,12,6,4,4,Token 4,Token 4,0.423281557431259,1.79167276861432
8797,12,6,4,5,Token 4,Token 5,0.4299448777946,1.84852597941814
8798,12,6,4,6,Token 4,Token 6,0.440857253532181,1.94355117991937
8799,12,6,4,7,Token 4,.,-1.24569030974714,15.5174434779792
8800,12,6,4,8,Token 4,[SEP],-1.27690614502794,16.3048930321011
8801,12,6,5,1,Token 5,[CLS],1.21684990029061,14.8072367983727
8802,12,6,5,2,Token 5,Token 2,0.537044730636195,2.88417042704103
8803,12,6,5,3,Token 5,Token 3,0.750434754866632,5.63152321311742
8804,12,6,5,4,Token 5,Token 4,0.509616177395911,2.5970864826362
8805,12,6,5,5,Token 5,Token 5,0.478397110780526,2.28863795603155
8806,12,6,5,6,Token 5,Token 6,0.494812425753398,2.44839336679962
8807,12,6,5,7,Token 5,.,-1.23025121376994,15.1351804898242
8808,12,6,5,8,Token 5,[SEP],-1.28916846010967,16.6195531854153
8809,12,6,6,1,Token 6,[CLS],1.50496809650544,22.6492897149921
8810,12,6,6,2,Token 6,Token 2,0.580638299375942,3.37140834702186
8811,12,6,6,3,Token 6,Token 3,0.524714124458557,2.7532491240631
8812,12,6,6,4,Token 6,Token 4,0.673312727315434,4.53350028764948
8813,12,6,6,5,Token 6,Token 5,0.597804106738989,3.57369750034001
8814,12,6,6,6,Token 6,Token 6,0.447029861475019,1.99835697050374
8815,12,6,6,7,Token 6,.,-1.27864446763783,16.3493167462084
8816,12,6,6,8,Token 6,[SEP],-1.32752753901811,17.6232936685148
8817,12,6,7,1,.,[CLS],1.43674860389896,20.6424655080562
8818,12,6,7,2,.,Token 2,0.544141465914704,2.96089934927803
8819,12,6,7,3,.,Token 3,0.513834060228014,2.64025441450406
8820,12,6,7,4,.,Token 4,0.620158418041924,3.84596463468262
8821,12,6,7,5,.,Token 5,0.151173169944624,0.228533273111061
8822,12,6,7,6,.,Token 6,-0.414347514778967,1.71683863003507
8823,12,6,7,7,.,.,-0.78487029705981,6.16021383206754
8824,12,6,7,8,.,[SEP],0.213424899995636,0.45550187938147
8825,12,6,8,1,[SEP],[CLS],1.34742417106897,18.1555189678089
8826,12,6,8,2,[SEP],Token 2,0.365860560952778,1.33853950060682
8827,12,6,8,3,[SEP],Token 3,0.284953996984181,0.811987803972604
8828,12,6,8,4,[SEP],Token 4,0.417637176569548,1.74420811252983
8829,12,6,8,5,[SEP],Token 5,-0.079846573066954,0.0637547523053644
8830,12,6,8,6,[SEP],Token 6,-0.625894636406259,3.91744095882123
8831,12,6,8,7,[SEP],.,-0.6014293768394,3.61717295325429
8832,12,6,8,8,[SEP],[SEP],0.201384641792575,0.405557739499236
8833,12,7,1,1,[CLS],[CLS],-1.20842832075637,14.6029900640606
8834,12,7,1,2,[CLS],Token 2,0.453203041080571,2.05392996444678
8835,12,7,1,3,[CLS],Token 3,0.596312411248038,3.55588491808449
8836,12,7,1,4,[CLS],Token 4,-0.873487803022861,7.62980942029703
8837,12,7,1,5,[CLS],Token 5,0.519117099665565,2.69482563165189
8838,12,7,1,6,[CLS],Token 6,-0.560806058023743,3.1450343471613
8839,12,7,1,7,[CLS],.,-0.0993568605271037,0.0987178573380233
8840,12,7,1,8,[CLS],[SEP],-0.0303683873252494,0.0092223894873637
8841,12,7,2,1,Token 2,[CLS],0.964508662410479,9.3027695986485
8842,12,7,2,2,Token 2,Token 2,0.880046309569351,7.74481506986635
8843,12,7,2,3,Token 2,Token 3,1.3300951060846,17.691529912302
8844,12,7,2,4,Token 2,Token 4,0.934274244262991,8.72868363493183
8845,12,7,2,5,Token 2,Token 5,1.23224473109876,15.1842707732064
8846,12,7,2,6,Token 2,Token 6,0.809964305644013,6.56042176417388
8847,12,7,2,7,Token 2,.,-1.2660185879763,16.028030651015
8848,12,7,2,8,Token 2,[SEP],-1.1183251445665,12.5065112896968
8849,12,7,3,1,Token 3,[CLS],1.02836492268656,10.5753441421214
8850,12,7,3,2,Token 3,Token 2,0.963859914365502,9.29025934520674
8851,12,7,3,3,Token 3,Token 3,0.695987202351269,4.84398185836747
8852,12,7,3,4,Token 3,Token 4,1.14792361388807,13.1772862332185
8853,12,7,3,5,Token 3,Token 5,1.18667751430561,14.0820352295855
8854,12,7,3,6,Token 3,Token 6,0.682832652873825,4.66260431830706
8855,12,7,3,7,Token 3,.,-1.23926640973591,15.3578123429975
8856,12,7,3,8,Token 3,[SEP],-1.22818053092427,15.0842741654143
8857,12,7,4,1,Token 4,[CLS],0.989074605598843,9.78268575440507
8858,12,7,4,2,Token 4,Token 2,0.922372785618027,8.5077155564876
8859,12,7,4,3,Token 4,Token 3,0.903024528124963,8.15453298395312
8860,12,7,4,4,Token 4,Token 4,0.952220718545998,9.06724296828258
8861,12,7,4,5,Token 4,Token 5,1.2004957364794,14.4119001330522
8862,12,7,4,6,Token 4,Token 6,0.762116551011159,5.80821637325145
8863,12,7,4,7,Token 4,.,-1.2165445932764,14.7998074743004
8864,12,7,4,8,Token 4,[SEP],-1.15175117936783,13.2653077917519
8865,12,7,5,1,Token 5,[CLS],1.38755048975456,19.2529636161812
8866,12,7,5,2,Token 5,Token 2,1.18205716247502,13.9725913535851
8867,12,7,5,3,Token 5,Token 3,1.1164113516441,12.4637430607981
8868,12,7,5,4,Token 5,Token 4,1.40480311657981,19.7347179635235
8869,12,7,5,5,Token 5,Token 5,1.31525314699069,17.2989084066892
8870,12,7,5,6,Token 5,Token 6,0.980455833489947,9.61293641424466
8871,12,7,5,7,Token 5,.,-1.53494958363918,23.560702243141
8872,12,7,5,8,Token 5,[SEP],-1.50089471958965,22.526849592921
8873,12,7,6,1,Token 6,[CLS],1.05503908864254,11.1310747856368
8874,12,7,6,2,Token 6,Token 2,1.01193461181729,10.2401165859381
8875,12,7,6,3,Token 6,Token 3,1.04693920269128,10.9608169413185
8876,12,7,6,4,Token 6,Token 4,0.690946943711001,4.77407679023573
8877,12,7,6,5,Token 6,Token 5,0.996908707537514,9.93826971164118
8878,12,7,6,6,Token 6,Token 6,0.616654440246796,3.8026269867609
8879,12,7,6,7,Token 6,.,-1.22879014355384,15.0992521689507
8880,12,7,6,8,Token 6,[SEP],-1.12840535407745,12.7329864311065
8881,12,7,7,1,.,[CLS],1.81448110036645,32.9234166358704
8882,12,7,7,2,.,Token 2,0.89265162657372,7.96826926424707
8883,12,7,7,3,.,Token 3,1.27057556871698,16.1436227582048
8884,12,7,7,4,.,Token 4,1.67688738851334,28.1195131375509
8885,12,7,7,5,.,Token 5,1.59407333618843,25.4106980114692
8886,12,7,7,6,.,Token 6,1.59752314281708,25.5208019183617
8887,12,7,7,7,.,.,-1.58951367529346,25.2655372394491
8888,12,7,7,8,.,[SEP],-0.155712970351367,0.242465291356455
8889,12,7,8,1,[SEP],[CLS],1.804861996511,32.5752682644968
8890,12,7,8,2,[SEP],Token 2,0.902543636096979,8.14585015059158
8891,12,7,8,3,[SEP],Token 3,1.29101560182805,16.6672128416343
8892,12,7,8,4,[SEP],Token 4,1.67668763580684,28.1128142806753
8893,12,7,8,5,[SEP],Token 5,1.5908897339402,25.3093014555631
8894,12,7,8,6,[SEP],Token 6,1.59212512681047,25.3486241942127
8895,12,7,8,7,[SEP],.,-1.58604735554847,25.1554621404229
8896,12,7,8,8,[SEP],[SEP],-0.14262777468906,0.203426821127533
8897,12,8,1,1,[CLS],[CLS],1.51175641111922,22.8540744656006
8898,12,8,1,2,[CLS],Token 2,0.437389542101378,1.91309611539653
8899,12,8,1,3,[CLS],Token 3,1.03511716165485,10.714675383524
8900,12,8,1,4,[CLS],Token 4,-0.233183026411526,0.543743238064382
8901,12,8,1,5,[CLS],Token 5,0.184477575068749,0.340319757032461
8902,12,8,1,6,[CLS],Token 6,0.023844837063321,0.00568576254576328
8903,12,8,1,7,[CLS],.,-0.941835867089923,8.87054800537027
8904,12,8,1,8,[CLS],[SEP],-0.818894590946867,6.70588351082038
8905,12,8,2,1,Token 2,[CLS],1.24332918816549,15.4586747014425
8906,12,8,2,2,Token 2,Token 2,0.446216356087491,1.99109036439998
8907,12,8,2,3,Token 2,Token 3,1.19164166948864,14.2000986846168
8908,12,8,2,4,Token 2,Token 4,-0.071400256962939,0.0509799669437372
8909,12,8,2,5,Token 2,Token 5,0.00868138684841456,0.000753664776118253
8910,12,8,2,6,Token 2,Token 6,-0.0322525377817926,0.0104022619336596
8911,12,8,2,7,Token 2,.,-0.881337092288578,7.76755070243685
8912,12,8,2,8,Token 2,[SEP],-0.706233617813547,4.98765922930011
8913,12,8,3,1,Token 3,[CLS],0.617892670931874,3.81791352791325
8914,12,8,3,2,Token 3,Token 2,0.416769196425222,1.73696563088926
8915,12,8,3,3,Token 3,Token 3,1.07894853107471,11.6412993270827
8916,12,8,3,4,Token 3,Token 4,0.144153446072914,0.207802160146965
8917,12,8,3,5,Token 3,Token 5,0.34995469600837,1.2246828925831
8918,12,8,3,6,Token 3,Token 6,-0.0771757898982058,0.0595610254641201
8919,12,8,3,7,Token 3,.,-0.891645222507241,7.95031202819988
8920,12,8,3,8,Token 3,[SEP],-0.794308197404726,6.30925512464345
8921,12,8,4,1,Token 4,[CLS],0.510670962401865,2.60784831840447
8922,12,8,4,2,Token 4,Token 2,0.0489715049435989,0.0239820829644094
8923,12,8,4,3,Token 4,Token 3,1.063608160128,11.3126231829087
8924,12,8,4,4,Token 4,Token 4,-0.210573733229145,0.443412971260592
8925,12,8,4,5,Token 4,Token 5,-0.129377537624125,0.16738547241682
8926,12,8,4,6,Token 4,Token 6,-0.12193978814688,0.14869311933306
8927,12,8,4,7,Token 4,.,-0.53998905499274,2.91588179511952
8928,12,8,4,8,Token 4,[SEP],-0.34688788016416,1.20331201404785
8929,12,8,5,1,Token 5,[CLS],0.376982996174604,1.42116179404782
8930,12,8,5,2,Token 5,Token 2,-0.0382279256035178,0.0146137429594809
8931,12,8,5,3,Token 5,Token 3,1.10533463221761,12.2176464917964
8932,12,8,5,4,Token 5,Token 4,-0.30138375550036,0.908321680795005
8933,12,8,5,5,Token 5,Token 5,-0.0591519794284871,0.0349895667030817
8934,12,8,5,6,Token 5,Token 6,-0.0179226938395816,0.00321222954467377
8935,12,8,5,7,Token 5,.,-0.538138953884379,2.89593533687774
8936,12,8,5,8,Token 5,[SEP],-0.372014537204642,1.38394815891584
8937,12,8,6,1,Token 6,[CLS],0.535944926645565,2.8723696439712
8938,12,8,6,2,Token 6,Token 2,0.225906128549113,0.510335789160483
8939,12,8,6,3,Token 6,Token 3,1.10091325649806,12.1200999833317
8940,12,8,6,4,Token 6,Token 4,-0.0323719025535861,0.0104794007493887
8941,12,8,6,5,Token 6,Token 5,0.0220052472900246,0.00484230908295136
8942,12,8,6,6,Token 6,Token 6,-0.131201070028359,0.172137207765862
8943,12,8,6,7,Token 6,.,-0.661986195074254,4.38225722468889
8944,12,8,6,8,Token 6,[SEP],-0.486666799534635,2.36844573769285
8945,12,8,7,1,.,[CLS],0.365722656457264,1.33753061446158
8946,12,8,7,2,.,Token 2,0.00471138413106205,0.000221971404304233
8947,12,8,7,3,.,Token 3,0.305265864991345,0.931872483289139
8948,12,8,7,4,.,Token 4,0.0636295682774161,0.0404872195917036
8949,12,8,7,5,.,Token 5,-0.158341495440086,0.250720291782026
8950,12,8,7,6,.,Token 6,-0.487600137286097,2.37753893881421
8951,12,8,7,7,.,.,-0.749572168061309,5.61858435132131
8952,12,8,7,8,.,[SEP],0.85751270853966,7.35328045307025
8953,12,8,8,1,[SEP],[CLS],0.290770416139398,0.845474349018788
8954,12,8,8,2,[SEP],Token 2,-0.055136427599447,0.0304002564842906
8955,12,8,8,3,[SEP],Token 3,0.283165126018064,0.801824885928259
8956,12,8,8,4,[SEP],Token 4,-0.0476267887038089,0.0226831100223725
8957,12,8,8,5,[SEP],Token 5,-0.195471699961646,0.382091854858958
8958,12,8,8,6,[SEP],Token 6,-0.524186685358319,2.74771681106942
8959,12,8,8,7,[SEP],.,-0.711143483753716,5.05725054485372
8960,12,8,8,8,[SEP],[SEP],0.844993177760724,7.14013470462166
8961,12,9,1,1,[CLS],[CLS],-0.17625320033257,0.310651906274731
8962,12,9,1,2,[CLS],Token 2,0.211308945199074,0.446514703211454
8963,12,9,1,3,[CLS],Token 3,-0.134371945866496,0.180558198359484
8964,12,9,1,4,[CLS],Token 4,-0.616773540191233,3.80409599880027
8965,12,9,1,5,[CLS],Token 5,-0.639708516199435,4.09226985698082
8966,12,9,1,6,[CLS],Token 6,-0.0945886902309945,0.0894702031961503
8967,12,9,1,7,[CLS],.,1.28855011614796,16.6036140182492
8968,12,9,1,8,[CLS],[SEP],1.26630795181541,16.0353582883094
8969,12,9,2,1,Token 2,[CLS],-1.50770480596101,22.7317378191792
8970,12,9,2,2,Token 2,Token 2,0.42718610013442,1.82487964148054
8971,12,9,2,3,Token 2,Token 3,0.0241493527573237,0.00583191238597658
8972,12,9,2,4,Token 2,Token 4,-0.999174482482588,9.98349646444347
8973,12,9,2,5,Token 2,Token 5,-1.10985783968736,12.3178442431549
8974,12,9,2,6,Token 2,Token 6,-0.731864121034723,5.35625091657928
8975,12,9,2,7,Token 2,.,1.36511679420425,18.6354386181848
8976,12,9,2,8,Token 2,[SEP],1.32461399157427,17.5460222667432
8977,12,9,3,1,Token 3,[CLS],-0.306726615008863,0.940812163547951
8978,12,9,3,2,Token 3,Token 2,0.629653543149531,3.96463584400758
8979,12,9,3,3,Token 3,Token 3,-0.536176147809068,2.87484861479371
8980,12,9,3,4,Token 3,Token 4,-0.0167018834207757,0.00278952909801182
8981,12,9,3,5,Token 3,Token 5,-0.265234271746523,0.703492189089083
8982,12,9,3,6,Token 3,Token 6,-0.00354481679418061,0.000125657261043049
8983,12,9,3,7,Token 3,.,0.647896559924538,4.19769952362049
8984,12,9,3,8,Token 3,[SEP],0.51550137726201,2.65741669959029
8985,12,9,4,1,Token 4,[CLS],-1.4765322789654,21.8014757082675
8986,12,9,4,2,Token 4,Token 2,-0.0917480786864132,0.0841770994264827
8987,12,9,4,3,Token 4,Token 3,-0.130761272280187,0.170985103283332
8988,12,9,4,4,Token 4,Token 4,-0.0829858706450903,0.0688665472672365
8989,12,9,4,5,Token 4,Token 5,-1.24111959472611,15.4037784841312
8990,12,9,4,6,Token 4,Token 6,0.00864419156403572,0.000747220477957463
8991,12,9,4,7,Token 4,.,1.35193053574468,18.2771617347889
8992,12,9,4,8,Token 4,[SEP],1.34475486301544,18.0836564160367
8993,12,9,5,1,Token 5,[CLS],-1.31385298424314,17.262096642046
8994,12,9,5,2,Token 5,Token 2,-0.00551876150638647,0.00030456728564373
8995,12,9,5,3,Token 5,Token 3,0.0470510856502236,0.0221380466086468
8996,12,9,5,4,Token 5,Token 4,-0.10219034235066,0.104428660697451
8997,12,9,5,5,Token 5,Token 5,-0.613777096651913,3.76722324374452
8998,12,9,5,6,Token 5,Token 6,0.382729123492657,1.46481581969458
8999,12,9,5,7,Token 5,.,0.786190414649848,6.18095368087299
9000,12,9,5,8,Token 5,[SEP],0.760908037702644,5.78981041840489
9001,12,9,6,1,Token 6,[CLS],-1.23297149149053,15.2021869882838
9002,12,9,6,2,Token 6,Token 2,-0.0011475959644788,1.31697649768803e-05
9003,12,9,6,3,Token 6,Token 3,-0.193330380150593,0.373766358891728
9004,12,9,6,4,Token 6,Token 4,-0.30304672706963,0.918373187876146
9005,12,9,6,5,Token 6,Token 5,-0.544413718455026,2.96386296842029
9006,12,9,6,6,Token 6,Token 6,0.113070951788315,0.127850401383153
9007,12,9,6,7,Token 6,.,0.590921079046148,3.49187721661064
9008,12,9,6,8,Token 6,[SEP],0.598420339043521,3.58106902180962
9009,12,9,7,1,.,[CLS],-1.38127504944141,19.0792076220937
9010,12,9,7,2,.,Token 2,-0.930748710302513,8.66293161729793
9011,12,9,7,3,.,Token 3,-0.839977382983813,7.05562003924334
9012,12,9,7,4,.,Token 4,-0.801453107791101,6.42327083988014
9013,12,9,7,5,.,Token 5,-1.28939233236813,16.6253258676973
9014,12,9,7,6,.,Token 6,-1.23661089772611,15.2920651237498
9015,12,9,7,7,.,.,0.129279295359178,0.167131362085655
9016,12,9,7,8,.,[SEP],0.753898115247148,5.68362368173202
9017,12,9,8,1,[SEP],[CLS],-1.49586585442584,22.3761465443714
9018,12,9,8,2,[SEP],Token 2,-1.12714376021429,12.7045305619002
9019,12,9,8,3,[SEP],Token 3,-1.10283915263147,12.162541965769
9020,12,9,8,4,[SEP],Token 4,-0.998997193585092,9.9799539279089
9021,12,9,8,5,[SEP],Token 5,-1.46930027596497,21.5884330095075
9022,12,9,8,6,[SEP],Token 6,-1.36093563279747,18.5214579661786
9023,12,9,8,7,[SEP],.,0.561757956276667,3.15572001440138
9024,12,9,8,8,[SEP],[SEP],0.814620689034814,6.63606867003555
9025,12,10,1,1,[CLS],[CLS],-1.79915421835692,32.3695590143152
9026,12,10,1,2,[CLS],Token 2,-1.05555161169763,11.1418920495747
9027,12,10,1,3,[CLS],Token 3,0.97711383109855,9.54751438924085
9028,12,10,1,4,[CLS],Token 4,0.241950299008018,0.585399471900694
9029,12,10,1,5,[CLS],Token 5,0.788207026148204,6.21270316069395
9030,12,10,1,6,[CLS],Token 6,0.445897787552647,1.98824836944346
9031,12,10,1,7,[CLS],.,-1.26185876933109,15.9228755373776
9032,12,10,1,8,[CLS],[SEP],-1.29732600578886,16.8305476529608
9033,12,10,2,1,Token 2,[CLS],-1.320737688913,17.4434804291526
9034,12,10,2,2,Token 2,Token 2,-0.0235522538114727,0.00554708659600033
9035,12,10,2,3,Token 2,Token 3,1.14547908337919,13.1212233045923
9036,12,10,2,4,Token 2,Token 4,1.02843728349914,10.5768324609108
9037,12,10,2,5,Token 2,Token 5,1.18171989138274,13.9646190168963
9038,12,10,2,6,Token 2,Token 6,0.865064536901059,7.48336653003843
9039,12,10,2,7,Token 2,.,-1.74573726392827,30.4759859466775
9040,12,10,2,8,Token 2,[SEP],-1.76072217637557,31.0014258238072
9041,12,10,3,1,Token 3,[CLS],-0.53155277162297,2.82548349020062
9042,12,10,3,2,Token 3,Token 2,-0.315807312533828,0.997342586498387
9043,12,10,3,3,Token 3,Token 3,1.07075092215452,11.4650753729476
9044,12,10,3,4,Token 3,Token 4,0.662735752057561,4.39218677055301
9045,12,10,3,5,Token 3,Token 5,0.892093221703403,7.95830316209156
9046,12,10,3,6,Token 3,Token 6,0.718650422421909,5.16458429647188
9047,12,10,3,7,Token 3,.,-1.65807797636416,27.4922257570388
9048,12,10,3,8,Token 3,[SEP],-1.70756138821346,29.1576589451746
9049,12,10,4,1,Token 4,[CLS],-0.879313801464207,7.73192761445436
9050,12,10,4,2,Token 4,Token 2,-0.201251168465467,0.405020328087156
9051,12,10,4,3,Token 4,Token 3,0.984148442999789,9.68548157858911
9052,12,10,4,4,Token 4,Token 4,1.20333010470048,14.4800334087846
9053,12,10,4,5,Token 4,Token 5,1.28772441969802,16.5823418108659
9054,12,10,4,6,Token 4,Token 6,1.07004433989204,11.4499488933499
9055,12,10,4,7,Token 4,.,-1.59362012430326,25.3962510058433
9056,12,10,4,8,Token 4,[SEP],-1.64603932924681,27.094454734273
9057,12,10,5,1,Token 5,[CLS],-0.987876547709613,9.75900073514664
9058,12,10,5,2,Token 5,Token 2,-0.560543982328101,3.14209556124246
9059,12,10,5,3,Token 5,Token 3,0.827073545674651,6.84050649954838
9060,12,10,5,4,Token 5,Token 4,0.832954298703903,6.9381286372931
9061,12,10,5,5,Token 5,Token 5,1.29719191705626,16.8270686967609
9062,12,10,5,6,Token 5,Token 6,0.893977075200677,7.99195010984356
9063,12,10,5,7,Token 5,.,-1.59794843353426,25.5343919623461
9064,12,10,5,8,Token 5,[SEP],-1.64514587460352,27.0650494872499
9065,12,10,6,1,Token 6,[CLS],-1.08835138753286,11.845087427447
9066,12,10,6,2,Token 6,Token 2,-0.418294254775564,1.74970083578245
9067,12,10,6,3,Token 6,Token 3,0.899728927947587,8.09512143785714
9068,12,10,6,4,Token 6,Token 4,0.870633800500466,7.58003214573886
9069,12,10,6,5,Token 6,Token 5,1.18981853725715,14.1566815160075
9070,12,10,6,6,Token 6,Token 6,1.06253949258724,11.2899017330754
9071,12,10,6,7,Token 6,.,-1.54065829609185,23.7362798531665
9072,12,10,6,8,Token 6,[SEP],-1.5779066357304,24.8978935108205
9073,12,10,7,1,.,[CLS],1.46628074855446,21.4997923358142
9074,12,10,7,2,.,Token 2,0.553423076001556,3.06277101051024
9075,12,10,7,3,.,Token 3,0.506835693361895,2.56882420065633
9076,12,10,7,4,.,Token 4,1.08897526310199,11.8586712364804
9077,12,10,7,5,.,Token 5,1.05316643080602,11.0915953097669
9078,12,10,7,6,.,Token 6,0.788082717455314,6.21074369551753
9079,12,10,7,7,.,.,-1.36181704568649,18.5454566592227
9080,12,10,7,8,.,[SEP],-0.245401052548118,0.602216765917243
9081,12,10,8,1,[SEP],[CLS],1.46775984720441,21.5431896906553
9082,12,10,8,2,[SEP],Token 2,0.545272369038979,2.97321956437381
9083,12,10,8,3,[SEP],Token 3,0.520306154415224,2.70718494322359
9084,12,10,8,4,[SEP],Token 4,1.12227242762454,12.5949540180629
9085,12,10,8,5,[SEP],Token 5,1.06761395050804,11.3979954731939
9086,12,10,8,6,[SEP],Token 6,0.822021899367508,6.75720003039764
9087,12,10,8,7,[SEP],.,-1.33628348253399,17.8565354569316
9088,12,10,8,8,[SEP],[SEP],-0.315226067941595,0.993674739099193
9089,12,11,1,1,[CLS],[CLS],-0.109313572826311,0.119494572040532
9090,12,11,1,2,[CLS],Token 2,-0.367318023177167,1.34922530150782
9091,12,11,1,3,[CLS],Token 3,0.859216465559256,7.3825293468814
9092,12,11,1,4,[CLS],Token 4,0.466070211842907,2.17221442367293
9093,12,11,1,5,[CLS],Token 5,0.226504590467455,0.513043295028297
9094,12,11,1,6,[CLS],Token 6,0.479749324649705,2.30159414501848
9095,12,11,1,7,[CLS],.,-0.735685980727963,5.41233862239665
9096,12,11,1,8,[CLS],[SEP],-0.884857025667424,7.82971955873001
9097,12,11,2,1,Token 2,[CLS],-0.673950592497487,4.54209401127713
9098,12,11,2,2,Token 2,Token 2,-0.180295417034361,0.325064374035942
9099,12,11,2,3,Token 2,Token 3,0.787360263211893,6.19936184085101
9100,12,11,2,4,Token 2,Token 4,0.645468548046209,4.16629646516881
9101,12,11,2,5,Token 2,Token 5,0.449362938168295,2.01927050199243
9102,12,11,2,6,Token 2,Token 6,0.16770903627455,0.281263208481382
9103,12,11,2,7,Token 2,.,-0.229067962832999,0.524721315964601
9104,12,11,2,8,Token 2,[SEP],-0.481194706525623,2.31548345588281
9105,12,11,3,1,Token 3,[CLS],-0.196563958976522,0.386373899685237
9106,12,11,3,2,Token 3,Token 2,0.107204864702749,0.114928830159348
9107,12,11,3,3,Token 3,Token 3,0.97685027488278,9.54236459538563
9108,12,11,3,4,Token 3,Token 4,0.666287273606178,4.43938730969554
9109,12,11,3,5,Token 3,Token 5,0.850814804305474,7.23885831225361
9110,12,11,3,6,Token 3,Token 6,0.351775169189282,1.23745769658148
9111,12,11,3,7,Token 3,.,-0.719344555571484,5.17456589630335
9112,12,11,3,8,Token 3,[SEP],-0.783911032717483,6.14516507216191
9113,12,11,4,1,Token 4,[CLS],-0.880818705938185,7.75841592730618
9114,12,11,4,2,Token 4,Token 2,-0.370881482447157,1.375530740222
9115,12,11,4,3,Token 4,Token 3,0.828713087608067,6.86765381572897
9116,12,11,4,4,Token 4,Token 4,0.699351417332717,4.8909240492528
9117,12,11,4,5,Token 4,Token 5,0.459085850813249,2.10759818416925
9118,12,11,4,6,Token 4,Token 6,0.571258477874825,3.26336248543862
9119,12,11,4,7,Token 4,.,-0.273537639794917,0.748228403845737
9120,12,11,4,8,Token 4,[SEP],-0.481782353261073,2.32114235913777
9121,12,11,5,1,Token 5,[CLS],-0.265807358563333,0.706535518664162
9122,12,11,5,2,Token 5,Token 2,-0.100199204222346,0.100398805267913
9123,12,11,5,3,Token 5,Token 3,1.0570317312786,11.1731608092983
9124,12,11,5,4,Token 5,Token 4,1.09593649633852,12.0107680400675
9125,12,11,5,5,Token 5,Token 5,0.873163513211238,7.62414520803392
9126,12,11,5,6,Token 5,Token 6,1.15241011103815,13.2804906402296
9127,12,11,5,7,Token 5,.,-1.06376978980077,11.3160616569278
9128,12,11,5,8,Token 5,[SEP],-1.2066989287582,14.5612230466619
9129,12,11,6,1,Token 6,[CLS],-0.275649019617109,0.759823820158734
9130,12,11,6,2,Token 6,Token 2,0.0148291139754357,0.00219902621296461
9131,12,11,6,3,Token 6,Token 3,0.748216588013646,5.59828062578781
9132,12,11,6,4,Token 6,Token 4,0.870195045827142,7.57239417782101
9133,12,11,6,5,Token 6,Token 5,0.604742217926441,3.65713150142591
9134,12,11,6,6,Token 6,Token 6,0.495689119390463,2.45707703082093
9135,12,11,6,7,Token 6,.,-0.755751041340176,5.71159636486759
9136,12,11,6,8,Token 6,[SEP],-0.890788750498968,7.93504598015513
9137,12,11,7,1,.,[CLS],0.990487870065498,9.81066220746889
9138,12,11,7,2,.,Token 2,-0.110501675462771,0.122106202800795
9139,12,11,7,3,.,Token 3,0.0585240776698008,0.0342506766710088
9140,12,11,7,4,.,Token 4,0.430747903708495,1.85543756549263
9141,12,11,7,5,.,Token 5,-0.25808537339555,0.666080599607203
9142,12,11,7,6,.,Token 6,-0.338821300195738,1.1479987346633
9143,12,11,7,7,.,.,-1.00562733294345,10.1128633276295
9144,12,11,7,8,.,[SEP],1.01550506309018,10.3125053316178
9145,12,11,8,1,[SEP],[CLS],0.776605843968003,6.03116636885254
9146,12,11,8,2,[SEP],Token 2,-0.176102153418682,0.310119684386972
9147,12,11,8,3,[SEP],Token 3,0.0263510144605031,0.00694375963097644
9148,12,11,8,4,[SEP],Token 4,0.409658057922432,1.67819724420779
9149,12,11,8,5,[SEP],Token 5,-0.255900327462308,0.654849775953163
9150,12,11,8,6,[SEP],Token 6,-0.320923770331818,1.02992066363989
9151,12,11,8,7,[SEP],.,-0.943191036619611,8.89609331559577
9152,12,11,8,8,[SEP],[SEP],0.979030544230357,9.58500806535988
9153,12,12,1,1,[CLS],[CLS],-1.10788038331842,12.2739894374177
9154,12,12,1,2,[CLS],Token 2,-1.57808400903971,24.9034913958684
9155,12,12,1,3,[CLS],Token 3,0.247284303303673,0.611495266603828
9156,12,12,1,4,[CLS],Token 4,-1.73080579695389,29.9568870676917
9157,12,12,1,5,[CLS],Token 5,-1.33411088337882,17.7985184914982
9158,12,12,1,6,[CLS],Token 6,-1.11751441376273,12.4883846496746
9159,12,12,1,7,[CLS],.,1.66315677119961,27.6609044558711
9160,12,12,1,8,[CLS],[SEP],1.70434579897171,29.0479460247251
9161,12,12,2,1,Token 2,[CLS],-1.22281203056284,14.9526926208922
9162,12,12,2,2,Token 2,Token 2,-1.28163464055052,16.4258735185906
9163,12,12,2,3,Token 2,Token 3,0.185845466504578,0.345385374203044
9164,12,12,2,4,Token 2,Token 4,-1.35757214768479,18.430021361695
9165,12,12,2,5,Token 2,Token 5,-1.10447326223736,12.1986118699724
9166,12,12,2,6,Token 2,Token 6,-1.02028649739061,10.409845367576
9167,12,12,2,7,Token 2,.,1.29904089342299,16.8750724278521
9168,12,12,2,8,Token 2,[SEP],1.4425510107876,20.8095341872431
9169,12,12,3,1,Token 3,[CLS],-0.653013053943919,4.26426048621164
9170,12,12,3,2,Token 3,Token 2,-0.659218060057493,4.34568450705964
9171,12,12,3,3,Token 3,Token 3,-0.0928003004829931,0.0861189576973381
9172,12,12,3,4,Token 3,Token 4,-1.01917926068318,10.3872636540671
9173,12,12,3,5,Token 3,Token 5,-0.432499635070806,1.8705593433638
9174,12,12,3,6,Token 3,Token 6,-0.623718071418295,3.89024232613757
9175,12,12,3,7,Token 3,.,0.779966030883221,6.08347009331727
9176,12,12,3,8,Token 3,[SEP],0.936421974344945,8.76886114036085
9177,12,12,4,1,Token 4,[CLS],-1.25826517032216,15.8323123884586
9178,12,12,4,2,Token 4,Token 2,-0.84843478234225,7.19841579888141
9179,12,12,4,3,Token 4,Token 3,0.233056911527875,0.543155240109117
9180,12,12,4,4,Token 4,Token 4,-1.39877179947543,19.5656254700774
9181,12,12,4,5,Token 4,Token 5,-0.793625950510646,6.29842149323927
9182,12,12,4,6,Token 4,Token 6,-0.864898614682329,7.48049613679412
9183,12,12,4,7,Token 4,.,1.05486546255534,11.127411440921
9184,12,12,4,8,Token 4,[SEP],1.34710814629801,18.1470035782247
9185,12,12,5,1,Token 5,[CLS],-0.873446927584752,7.62909535307244
9186,12,12,5,2,Token 5,Token 2,-0.460290316737359,2.11867175682179
9187,12,12,5,3,Token 5,Token 3,0.821082909763749,6.74177144706103
9188,12,12,5,4,Token 5,Token 4,-0.983850790124359,9.67962377228325
9189,12,12,5,5,Token 5,Token 5,-0.674588324556707,4.55069407628225
9190,12,12,5,6,Token 5,Token 6,-0.300083178966406,0.90049914298584
9191,12,12,5,7,Token 5,.,0.418750941710345,1.75352351183301
9192,12,12,5,8,Token 5,[SEP],0.719227082090098,5.17287595611837
9193,12,12,6,1,Token 6,[CLS],-0.766246011584944,5.87132950269834
9194,12,12,6,2,Token 6,Token 2,-0.379203797549601,1.43795520076039
9195,12,12,6,3,Token 6,Token 3,0.661703031121104,4.37850901394857
9196,12,12,6,4,Token 6,Token 4,-0.999832794284341,9.99665616526433
9197,12,12,6,5,Token 6,Token 5,-0.512400503525563,2.6255427601325
9198,12,12,6,6,Token 6,Token 6,-0.520513388225265,2.70934187321745
9199,12,12,6,7,Token 6,.,0.47149777887634,2.22310155485322
9200,12,12,6,8,Token 6,[SEP],0.713479037107977,5.09052336392525
9201,12,12,7,1,.,[CLS],-0.328546225120989,1.07942622041252
9202,12,12,7,2,.,Token 2,-0.361233458153198,1.30489611289318
9203,12,12,7,3,.,Token 3,-0.00107952148531562,1.16536663725804e-05
9204,12,12,7,4,.,Token 4,-0.59158087656976,3.49967933523045
9205,12,12,7,5,.,Token 5,-0.608489287588857,3.70259213110395
9206,12,12,7,6,.,Token 6,-0.633747337106918,4.0163568729011
9207,12,12,7,7,.,.,-0.768836919706463,5.91110209103722
9208,12,12,7,8,.,[SEP],1.05357096145578,11.1001177082285
9209,12,12,8,1,[SEP],[CLS],-0.712372563056432,5.0747466859559
9210,12,12,8,2,[SEP],Token 2,-0.587036341942003,3.44611666760648
9211,12,12,8,3,[SEP],Token 3,-0.180095919228651,0.324345401228126
9212,12,12,8,4,[SEP],Token 4,-0.857036490677479,7.34511546352768
9213,12,12,8,5,[SEP],Token 5,-0.744793115947563,5.5471678556288
9214,12,12,8,6,[SEP],Token 6,-0.760698625179904,5.78662398350595
9215,12,12,8,7,[SEP],.,-0.618468207766302,3.82502924017663
9216,12,12,8,8,[SEP],[SEP],1.06528451627224,11.3483110060938
