Variable,oMEDA,Abs_oMEDA
1,0.1224043,0.1224043
2,0.002621153,0.002621153
3,-0.04454575,0.04454575
4,0.0001811853,0.0001811853
5,-0.4054205,0.4054205
6,0.08158209,0.08158209
7,0.1224053,0.1224053
8,0.1224068,0.1224068
9,0.1157924,0.1157924
10,0.04418175,0.04418175
11,0.4166238,0.4166238
12,0.1123069,0.1123069
13,0.6402335,0.6402335
14,-5.985243,5.985243
15,0.2773014,0.2773014
16,0.7418495,0.7418495
17,0.01252604,0.01252604
18,0.3445739,0.3445739
19,-0.6001037,0.6001037
20,0.0132518,0.0132518
21,0.06680943,0.06680943
22,-0.1851683,0.1851683
23,1.948276,1.948276
24,-0.4780096,0.4780096
25,0.9935972,0.9935972
26,0.2001607,0.2001607
27,-0.6404151,0.6404151
28,0.1653062,0.1653062
29,0.1769767,0.1769767
30,-12.91139,12.91139
31,1.028067,1.028067
32,0.1085693,0.1085693
33,1.933709,1.933709
34,0.1112907,0.1112907
35,-3.377152,3.377152
36,0.04441047,0.04441047
37,-1.402854,1.402854
38,-0.361001,0.361001
39,4.473652,4.473652
40,0.01398002,0.01398002
41,-0.0004647421,0.0004647421
42,-0.1572646,0.1572646
43,4.758746,4.758746
44,0.3395962,0.3395962
45,-4.37506,4.37506
46,-1.67015,1.67015
47,5.925626,5.925626
48,-1.366967,1.366967
49,3.546213,3.546213
50,0.8892214,0.8892214
51,-1.214513,1.214513
52,0.435674,0.435674
53,0.08461481,0.08461481
54,-2.739824,2.739824
55,3.546209,3.546209
56,3.546222,3.546222
57,0.0148771,0.0148771
58,0.0008257486,0.0008257486
59,-0.1524419,0.1524419
60,0.0004880733,0.0004880733
61,0.2544615,0.2544615
62,-0.08899754,0.08899754
63,0.01487733,0.01487733
64,0.01487715,0.01487715
65,1.292117,1.292117
66,0.001561186,0.001561186
67,-0.07941733,0.07941733
68,0.0006062955,0.0006062955
69,-5.959242,5.959242
70,-0.2442575,0.2442575
71,1.292099,1.292099
72,1.292121,1.292121
73,0.005137262,0.005137262
74,0.01872721,0.01872721
75,-0.5730236,0.5730236
76,-0.002440445,0.002440445
77,0.06666724,0.06666724
78,0.3288154,0.3288154
79,0.008211455,0.008211455
80,0.05311104,0.05311104
81,0.4047948,0.4047948
82,-0.1986758,0.1986758
83,1.425206,1.425206
84,-0.004662775,0.004662775
85,-0.147939,0.147939
86,-0.0762895,0.0762895
87,0.01321315,0.01321315
88,-1.895194e-07,1.895194e-07
89,-0.001505773,0.001505773
90,-0.0308261,0.0308261
91,0.125972,0.125972
92,-0.08125542,0.08125542
93,0.01823069,0.01823069
94,-0.08658021,0.08658021
95,-0.01014748,0.01014748
96,-0.02178957,0.02178957
97,-0.8176705,0.8176705
98,0.7732371,0.7732371
99,0.2753013,0.2753013
100,0.2852988,0.2852988
101,0.7141485,0.7141485
102,-0.0301017,0.0301017
103,-1.155842,1.155842
104,-0.7321731,0.7321731
105,0.2299476,0.2299476
106,-6.738323,6.738323
107,0.03832282,0.03832282
108,-0.00109227,0.00109227
109,-0.09180824,0.09180824
110,0.2340661,0.2340661
111,-0.3889684,0.3889684
112,0.0042173,0.0042173
113,-0.1389062,0.1389062
114,-0.0247028,0.0247028
115,0.3107815,0.3107815
116,-0.02076264,0.02076264
117,1.085253,1.085253
118,0.6900089,0.6900089
119,-0.1389062,0.1389062
120,-0.1389061,0.1389061
121,0.02574848,0.02574848
122,0.009468772,0.009468772
123,0.004348117,0.004348117
124,0.003733304,0.003733304
125,-0.2200431,0.2200431
126,-1.032274,1.032274
127,0.02574814,0.02574814
128,0.0257482,0.0257482
129,-0.3185732,0.3185732
130,-0.004132462,0.004132462
131,0.001207293,0.001207293
132,-0.0001332142,0.0001332142
133,-0.001015851,0.001015851
134,2.004881,2.004881
135,-0.3185757,0.3185757
136,-0.3185882,0.3185882
137,-0.02549581,0.02549581
138,-0.0002567123,0.0002567123
139,0.1192973,0.1192973
140,-0.0001529584,0.0001529584
141,0.07920507,0.07920507
142,-0.0148584,0.0148584
143,-0.0004652,0.0004652
144,-0.0004190541,0.0004190541
145,-1.321141,1.321141
146,1.335615,1.335615
147,0.0006644242,0.0006644242
148,0.1355585,0.1355585
149,0.6021148,0.6021148
150,-20.11924,20.11924
151,2.315358,2.315358
152,3.309758,3.309758
153,-0.09998398,0.09998398
154,-0.1277495,0.1277495
155,0.4115871,0.4115871
156,-0.03836535,0.03836535
157,0.1814395,0.1814395
158,-1.133459,1.133459
159,-0.1866953,0.1866953
160,-0.2159565,0.2159565
161,-0.620719,0.620719
162,0.1505053,0.1505053
163,-9.459895,9.459895
164,3.724552,3.724552
165,0.7711539,0.7711539
166,-11.46945,11.46945
167,-0.6586933,0.6586933
168,-3.146036,3.146036
169,-29.52316,29.52316
170,0.1519974,0.1519974
171,6.226422,6.226422
172,9.884395,9.884395
173,21.42094,21.42094
174,-2.306914,2.306914
175,-4.312672,4.312672
176,-4.364837,4.364837
177,0.6365361,0.6365361
178,0.6646549,0.6646549
179,1.993149,1.993149
180,0.0162376,0.0162376
181,1.711966,1.711966
182,-1.057377,1.057377
183,0.6365353,0.6365353
184,0.6365352,0.6365352
185,-0.2018933,0.2018933
186,6.141844e-05,6.141844e-05
187,0.01707733,0.01707733
188,3.191044e-06,3.191044e-06
189,4.049662,4.049662
190,0.03235857,0.03235857
191,-0.201889,0.201889
192,-0.2018982,0.2018982
193,11.39355,11.39355
194,0.1007518,0.1007518
195,-4.800629,4.800629
196,0.02139414,0.02139414
197,-5.717697,5.717697
198,-5.10867,5.10867
199,11.39355,11.39355
200,11.39354,11.39354
201,0.00830726,0.00830726
202,-0.00139449,0.00139449
203,-1.401971,1.401971
204,-0.002005447,0.002005447
205,0.01131475,0.01131475
206,2.123234,2.123234
207,-0.002166501,0.002166501
208,0.008119035,0.008119035
209,-1.334746,1.334746
210,1.723253,1.723253
211,-0.2063807,0.2063807
212,0.04605391,0.04605391
213,0.003870257,0.003870257
214,0.03475009,0.03475009
215,0.5799345,0.5799345
216,0.5864511,0.5864511
217,-0.00904596,0.00904596
218,-0.07741369,0.07741369
219,0.02694637,0.02694637
220,-0.166925,0.166925
221,2.868602,2.868602
222,3.01105,3.01105
223,-0.116597,0.116597
224,-0.08297778,0.08297778
225,-1.028311,1.028311
226,0.8547838,0.8547838
227,0.1914633,0.1914633
228,0.04502128,0.04502128
229,2.061995,2.061995
230,-0.6555585,0.6555585
231,-2.456953,2.456953
232,-11.49037,11.49037
233,-24.44131,24.44131
234,1.945801,1.945801
235,4.855351,4.855351
236,2.956409,2.956409
237,11.54854,11.54854
238,4.536264,4.536264
239,-0.2176954,0.2176954
240,-1.726856,1.726856
241,0.3135818,0.3135818
242,0.6109571,0.6109571
243,-0.1996593,0.1996593
244,0.2189815,0.2189815
245,-2.61577,2.61577
246,1.877393,1.877393
247,0.3135828,0.3135828
248,0.3135822,0.3135822
249,-0.003674672,0.003674672
250,0.03165283,0.03165283
251,-0.3418881,0.3418881
252,0.01295247,0.01295247
253,-0.1973745,0.1973745
254,0.05365039,0.05365039
255,-0.003674626,0.003674626
256,-0.003674603,0.003674603
257,0.7091202,0.7091202
258,0.01546404,0.01546404
259,-0.4269047,0.4269047
260,0.002948686,0.002948686
261,0.6515751,0.6515751
262,-4.699004,4.699004
263,0.7091146,0.7091146
264,0.7091135,0.7091135
265,-1.625057,1.625057
266,-0.06535661,0.06535661
267,0.3084295,0.3084295
268,-0.3534122,0.3534122
269,-0.8635287,0.8635287
270,3.520235,3.520235
271,-0.5998792,0.5998792
272,-0.3201532,0.3201532
273,0.003244531,0.003244531
274,0.07459334,0.07459334
275,-0.1211565,0.1211565
276,0.2330041,0.2330041
277,-1.143578,1.143578
278,-0.5043975,0.5043975
279,-0.2947694,0.2947694
280,4.405542,4.405542
281,0.001145818,0.001145818
282,-0.000339442,0.000339442
283,-0.1057308,0.1057308
284,-0.008460081,0.008460081
285,-1.73803,1.73803
286,2.340655,2.340655
287,0.022208,0.022208
288,0.01299113,0.01299113
289,-3.136795,3.136795
290,0.8460711,0.8460711
291,-4.592182,4.592182
292,1.98723,1.98723
293,0.06840207,0.06840207
294,5.939709,5.939709
295,6.858724,6.858724
296,2.378164,2.378164
297,-22.5402,22.5402
298,11.72627,11.72627
299,3.163327,3.163327
300,16.27481,16.27481
301,0.004652798,0.004652798
302,11.44759,11.44759
303,5.944505,5.944505
304,0.9111696,0.9111696
305,-2.154278,2.154278
306,-0.2433654,0.2433654
307,1.111066,1.111066
308,-0.05276402,0.05276402
309,-2.733789,2.733789
310,1.758909,1.758909
311,-2.154271,2.154271
312,-2.154275,2.154275
313,-7.045964,7.045964
314,-6.662116,6.662116
315,3.985171,3.985171
316,-0.02099002,0.02099002
317,0.50921,0.50921
318,2.2964,2.2964
319,-7.046033,7.046033
320,-7.046007,7.046007
321,3.288236,3.288236
322,0.01156744,0.01156744
323,-2.433958,2.433958
324,0.002404219,0.002404219
325,-1.475508,1.475508
326,-13.3544,13.3544
327,3.288238,3.288238
328,3.288228,3.288228
329,-0.002654809,0.002654809
330,-0.3257892,0.3257892
331,4.057777,4.057777
332,-0.1317808,0.1317808
333,1.851807e-06,1.851807e-06
334,-0.2112014,0.2112014
335,0.004567534,0.004567534
336,-0.7828529,0.7828529
337,0.001023532,0.001023532
338,-0.1291222,0.1291222
339,0.427703,0.427703
340,-0.1121813,0.1121813
341,0.2718056,0.2718056
342,0.004247392,0.004247392
343,0.007400691,0.007400691
344,-1.927319,1.927319
345,0.002660029,0.002660029
346,0.0009800845,0.0009800845
347,-1.144816,1.144816
348,-0.02474147,0.02474147
349,1.536009,1.536009
350,-0.1731002,0.1731002
351,0.09184188,0.09184188
352,0.1361966,0.1361966
353,-6.48165,6.48165
354,-0.130319,0.130319
355,10.53695,10.53695
356,1.646576,1.646576
357,0.06833968,0.06833968
358,-2.467793,2.467793
359,0.1230751,0.1230751
360,2.976906,2.976906
361,-9.903994,9.903994
362,-0.7254497,0.7254497
363,4.933194,4.933194
364,5.932556,5.932556
365,4.125458,4.125458
366,-10.64729,10.64729
367,1.101348,1.101348
368,2.920428,2.920428
369,9.491072,9.491072
370,0.1563336,0.1563336
371,-5.318398,5.318398
372,0.7156252,0.7156252
373,-2.543144,2.543144
374,-16.23435,16.23435
375,9.491061,9.491061
376,9.49107,9.49107
377,5.234288,5.234288
378,0.1155899,0.1155899
379,-5.470237,5.470237
380,0.06449823,0.06449823
381,-0.9453136,0.9453136
382,-14.65706,14.65706
383,5.234286,5.234286
384,5.234295,5.234295
385,1.559459e-05,1.559459e-05
386,-5.936741e-05,5.936741e-05
387,0.03183286,0.03183286
388,3.633516e-11,3.633516e-11
389,0.2652106,0.2652106
390,-0.01081788,0.01081788
391,1.559272e-05,1.559272e-05
392,1.559384e-05,1.559384e-05
393,-0.06934878,0.06934878
394,-0.02505012,0.02505012
395,-0.06851808,0.06851808
396,-0.01564315,0.01564315
397,3.197671,3.197671
398,-1.354575,1.354575
399,-0.001937338,0.001937338
400,0.0128855,0.0128855
401,-2.14297,2.14297
402,0.003975722,0.003975722
403,0.0001004776,0.0001004776
404,-0.02362272,0.02362272
405,0.4653769,0.4653769
406,0.02242461,0.02242461
407,-0.01622284,0.01622284
408,0.2633004,0.2633004
409,-0.007666539,0.007666539
410,-0.0002946644,0.0002946644
411,-0.105479,0.105479
412,-0.0190586,0.0190586
413,0.666187,0.666187
414,0.04589623,0.04589623
415,-0.01599422,0.01599422
416,-0.01844554,0.01844554
417,0.08879058,0.08879058
418,-0.01396756,0.01396756
419,0.2217588,0.2217588
420,-0.1508328,0.1508328
421,-0.2282838,0.2282838
422,1.220893,1.220893
423,-0.08161917,0.08161917
424,-3.000904,3.000904
425,-4.452439,4.452439
426,0.1236083,0.1236083
427,0.2769443,0.2769443
428,-0.3461484,0.3461484
429,8.8107,8.8107
430,-0.9545404,0.9545404
431,0.004050646,0.004050646
432,-0.7450613,0.7450613
433,0.005678657,0.005678657
434,0.002362702,0.002362702
435,-0.1402907,0.1402907
436,0.0006326888,0.0006326888
437,2.018449,2.018449
438,-0.4063189,0.4063189
439,0.005678673,0.005678673
440,0.005678732,0.005678732
441,0.09913289,0.09913289
442,0.002973348,0.002973348
443,-0.06137336,0.06137336
444,0.003500505,0.003500505
445,-0.2629927,0.2629927
446,-0.01995873,0.01995873
447,0.0991328,0.0991328
448,0.09913269,0.09913269
449,-0.05519033,0.05519033
450,0.0001526789,0.0001526789
451,-0.47824,0.47824
452,1.226442e-06,1.226442e-06
453,2.495157,2.495157
454,0.8132015,0.8132015
455,-0.05519331,0.05519331
456,-0.05518779,0.05518779
457,-0.0657267,0.0657267
458,-0.01314256,0.01314256
459,0.07935477,0.07935477
460,-0.001492459,0.001492459
461,0.1097398,0.1097398
462,11.18806,11.18806
463,-0.2216081,0.2216081
464,-0.05173285,0.05173285
465,-0.5470532,0.5470532
466,-4.197324,4.197324
467,0.05558871,0.05558871
468,0.01336414,0.01336414
469,3.0144,3.0144
470,-3.204638,3.204638
471,0.07816045,0.07816045
472,2.317712,2.317712
473,-0.09040871,0.09040871
474,-0.008613412,0.008613412
475,0.0476441,0.0476441
476,-0.04530371,0.04530371
477,3.363115,3.363115
478,-0.01929248,0.01929248
479,-0.01567029,0.01567029
480,-0.1866337,0.1866337
481,-0.8214289,0.8214289
482,1.618903,1.618903
483,0.3931831,0.3931831
484,-0.04963392,0.04963392
485,0.01626117,0.01626117
486,0.2312495,0.2312495
487,-3.30269,3.30269
488,0.2297168,0.2297168
489,0.0005883048,0.0005883048
490,2.058169,2.058169
491,0.7550536,0.7550536
492,-0.3779639,0.3779639
493,-1.963889,1.963889
494,0.0433225,0.0433225
495,9.09094,9.09094
496,-0.1221468,0.1221468
497,-3.720862,3.720862
498,-0.1069811,0.1069811
499,0.06239695,0.06239695
500,-0.02361874,0.02361874
501,0.2194856,0.2194856
502,10.07604,10.07604
503,-3.720859,3.720859
504,-3.720861,3.720861
505,-0.9022883,0.9022883
506,-0.03412309,0.03412309
507,0.05766428,0.05766428
508,-0.01107683,0.01107683
509,-1.406639,1.406639
510,12.54449,12.54449
511,-0.9022889,0.9022889
512,-0.9022889,0.9022889
513,0.02475968,0.02475968
514,0.01898653,0.01898653
515,-1.030127,1.030127
516,0.005229226,0.005229226
517,-5.449089,5.449089
518,1.782183,1.782183
519,0.02475984,0.02475984
520,0.02475975,0.02475975
521,0.5099834,0.5099834
522,1.095408,1.095408
523,-0.6590101,0.6590101
524,-0.001944301,0.001944301
525,1.309739,1.309739
526,-2.884849,2.884849
527,0.872589,0.872589
528,1.470713,1.470713
529,0.03780261,0.03780261
530,2.94439,2.94439
531,-0.2488738,0.2488738
532,0.1218776,0.1218776
533,35.62284,35.62284
534,-30.56846,30.56846
535,0.4253051,0.4253051
536,2.797672,2.797672
537,0.4649687,0.4649687
538,0.3582681,0.3582681
539,0.4844143,0.4844143
540,0.3125318,0.3125318
541,1.476119,1.476119
542,-6.983526,6.983526
543,1.433788,1.433788
544,2.034958,2.034958
545,-2.243829,2.243829
546,1.920116,1.920116
547,1.529195,1.529195
548,3.9339,3.9339
549,5.272862,5.272862
550,-12.04327,12.04327
551,0.02743965,0.02743965
552,0.1391917,0.1391917
553,-23.9712,23.9712
554,1.250003,1.250003
555,-3.42578,3.42578
556,0.02451333,0.02451333
557,0.1976585,0.1976585
558,-0.1075143,0.1075143
559,7.475412,7.475412
560,6.179204,6.179204
561,-0.015021,0.015021
562,0.003216087,0.003216087
563,0.2440193,0.2440193
564,-0.005155836,0.005155836
565,0.1098409,0.1098409
566,-0.3985749,0.3985749
567,-0.01502137,0.01502137
568,-0.01502116,0.01502116
569,8.109066,8.109066
570,0.1712206,0.1712206
571,-1.183569,1.183569
572,0.2068846,0.2068846
573,-2.617255,2.617255
574,-3.852468,3.852468
575,8.10907,8.10907
576,8.109062,8.109062
577,1.296815,1.296815
578,1.673357,1.673357
579,0.9458695,0.9458695
580,0.009029638,0.009029638
581,-0.7579176,0.7579176
582,-3.17553,3.17553
583,1.296814,1.296814
584,1.296813,1.296813
585,-0.07292043,0.07292043
586,-0.002758079,0.002758079
587,-0.15933,0.15933
588,-0.08736971,0.08736971
589,0.0001817178,0.0001817178
590,6.079415,6.079415
591,-0.3904277,0.3904277
592,-0.6906835,0.6906835
593,0.2937441,0.2937441
594,0.3718115,0.3718115
595,0.4419258,0.4419258
596,-0.1301704,0.1301704
597,0.1076714,0.1076714
598,-9.821901,9.821901
599,-0.1943973,0.1943973
600,0.07856876,0.07856876
601,-0.2944447,0.2944447
602,-0.3251884,0.3251884
603,-2.755421,2.755421
604,-0.06904764,0.06904764
605,0.4981454,0.4981454
606,9.389972,9.389972
607,-0.9757737,0.9757737
608,-0.2989782,0.2989782
609,-0.0005939641,0.0005939641
610,-0.006640574,0.006640574
611,-0.2279858,0.2279858
612,0.2344867,0.2344867
613,-0.05748233,0.05748233
614,7.201544,7.201544
615,-10.53637,10.53637
616,-4.993423,4.993423
617,-1.211782,1.211782
618,2.488408,2.488408
619,3.517257,3.517257
620,3.523322,3.523322
621,6.64118,6.64118
622,0.005094055,0.005094055
623,-24.35422,24.35422
624,-18.78656,18.78656
625,3.662721,3.662721
626,0.5093032,0.5093032
627,-2.689592,2.689592
628,0.008182572,0.008182572
629,-0.1186344,0.1186344
630,-1.090025,1.090025
631,3.662715,3.662715
632,3.662747,3.662747
633,-1.783788,1.783788
634,-1.229292,1.229292
635,0.06464761,0.06464761
636,-0.1007172,0.1007172
637,0.4159966,0.4159966
638,2.207355,2.207355
639,-1.783787,1.783787
640,-1.783787,1.783787
641,0.01837693,0.01837693
642,0.000113748,0.000113748
643,0.3831348,0.3831348
644,0.0002904669,0.0002904669
645,-3.732937,3.732937
646,0.7537301,0.7537301
647,0.01837781,0.01837781
648,0.0183783,0.0183783
649,0.4902975,0.4902975
650,0.1461982,0.1461982
651,-0.5681678,0.5681678
652,0.8422923,0.8422923
653,0.2026276,0.2026276
654,-0.7784089,0.7784089
655,0.1685272,0.1685272
656,2.168681,2.168681
657,0.02573411,0.02573411
658,-5.055824,5.055824
659,0.4092073,0.4092073
660,-0.8671445,0.8671445
661,0.5018481,0.5018481
662,4.906581,4.906581
663,-0.3341948,0.3341948
664,-0.09499738,0.09499738
665,0.05450476,0.05450476
666,0.0620486,0.0620486
667,0.3620361,0.3620361
668,0.8878304,0.8878304
669,3.955788,3.955788
670,-6.709539,6.709539
671,0.2219335,0.2219335
672,0.7331969,0.7331969
673,-0.160359,0.160359
674,-3.454389,3.454389
675,0.2255802,0.2255802
676,0.646143,0.646143
677,0.01740493,0.01740493
678,-0.001674129,0.001674129
679,0.5790415,0.5790415
680,-0.4916025,0.4916025
681,-0.05216384,0.05216384
682,-6.182777,6.182777
683,0.6038448,0.6038448
684,-0.4511898,0.4511898
685,-0.9401627,0.9401627
686,-0.2808684,0.2808684
687,3.562738,3.562738
688,-4.334095,4.334095
689,5.998566,5.998566
690,0.008976961,0.008976961
691,-1.969766,1.969766
692,0.00573459,0.00573459
693,-0.2688704,0.2688704
694,-4.781613,4.781613
695,5.998587,5.998587
696,5.99859,5.99859
697,0.03025772,0.03025772
698,-0.004136565,0.004136565
699,0.09587811,0.09587811
700,0.007448743,0.007448743
701,-12.47783,12.47783
702,0.1259038,0.1259038
703,0.03025776,0.03025776
704,0.03025857,0.03025857
705,0.004942989,0.004942989
706,0.0001197969,0.0001197969
707,-0.014181,0.014181
708,7.671019e-07,7.671019e-07
709,-4.652198,4.652198
710,-1.470507,1.470507
711,0.004942989,0.004942989
712,0.004942829,0.004942829
713,0.2202912,0.2202912
714,0.04700851,0.04700851
715,-3.990008,3.990008
716,0.07594419,0.07594419
717,0.4877315,0.4877315
718,-1.97401,1.97401
719,0.03912593,0.03912593
720,0.1580648,0.1580648
721,-1.92468,1.92468
722,0.0118059,0.0118059
723,-0.177057,0.177057
724,-0.1882777,0.1882777
725,0.03193092,0.03193092
726,8.513134,8.513134
727,0.03897594,0.03897594
728,-0.8879132,0.8879132
729,0.234726,0.234726
730,0.7540244,0.7540244
731,-0.5462603,0.5462603
732,0.1551986,0.1551986
733,0.07788476,0.07788476
734,-1.914882,1.914882
735,0.01896706,0.01896706
736,0.4812748,0.4812748
737,-2.990115,2.990115
738,4.553154,4.553154
739,0.920791,0.920791
740,-1.318773,1.318773
741,1.958864,1.958864
742,8.53271,8.53271
743,-0.232242,0.232242
744,-1.530014,1.530014
745,-4.743524,4.743524
746,1.274489,1.274489
747,0.5833228,0.5833228
748,-2.476033,2.476033
749,15.65041,15.65041
750,0.3642082,0.3642082
751,0.2620265,0.2620265
752,-1.265299,1.265299
753,1.803642,1.803642
754,0.1189471,0.1189471
755,-0.02816144,0.02816144
756,0.06082393,0.06082393
757,-0.423674,0.423674
758,-1.723218,1.723218
759,1.803644,1.803644
760,1.803646,1.803646
761,5.297707,5.297707
762,0.08932497,0.08932497
763,-0.5939438,0.5939438
764,0.008576752,0.008576752
765,-1.67524,1.67524
766,-4.583144,4.583144
767,5.297698,5.297698
768,5.297721,5.297721
769,0.307317,0.307317
770,-0.01710038,0.01710038
771,2.941194,2.941194
772,0.04715052,0.04715052
773,-4.23592,4.23592
774,-0.2795704,0.2795704
775,0.2040626,0.2040626
776,-0.1844538,0.1844538
777,0.1098756,0.1098756
778,2.590401,2.590401
779,-0.212389,0.212389
780,-0.3608269,0.3608269
781,-0.2481025,0.2481025
782,0.271703,0.271703
783,0.1090847,0.1090847
784,0.01000909,0.01000909
785,-0.1821678,0.1821678
786,0.9876174,0.9876174
787,0.06439347,0.06439347
788,0.1682793,0.1682793
789,0.8828987,0.8828987
790,-1.360338,1.360338
791,-0.105003,0.105003
792,0.5500123,0.5500123
793,0.2704363,0.2704363
794,-0.4386685,0.4386685
795,-0.5591026,0.5591026
796,-0.2431791,0.2431791
797,3.431463,3.431463
798,-0.9595495,0.9595495
799,-0.01741408,0.01741408
800,-0.2326839,0.2326839
801,-0.06724998,0.06724998
802,3.161022,3.161022
803,0.5783505,0.5783505
804,-0.4681292,0.4681292
805,3.754447,3.754447
806,-0.3660414,0.3660414
807,-1.790911,1.790911
808,1.934008,1.934008
809,0.4573848,0.4573848
810,0.2310322,0.2310322
811,-0.001761684,0.001761684
812,-3.846802,3.846802
813,0.1165519,0.1165519
814,-0.238456,0.238456
815,-0.9890615,0.9890615
816,0.01818254,0.01818254
817,-5.771224,5.771224
818,-0.08548389,0.08548389
819,1.285821,1.285821
820,0.03574896,0.03574896
821,1.38995,1.38995
822,-0.6237492,0.6237492
823,3.571315,3.571315
824,-0.05614188,0.05614188
825,-1.423252,1.423252
826,0.1106175,0.1106175
827,4.924974,4.924974
828,0.1717603,0.1717603
829,0.1844539,0.1844539
830,-1.967879,1.967879
831,0.7278926,0.7278926
832,0.2678303,0.2678303
833,-1.262405,1.262405
834,0.3123354,0.3123354
835,-0.2632092,0.2632092
836,0.01953259,0.01953259
837,-0.02824607,0.02824607
838,0.3300211,0.3300211
839,1.705982,1.705982
840,14.65994,14.65994
841,-0.1973733,0.1973733
842,-0.1438129,0.1438129
843,0.06458785,0.06458785
844,0.2395063,0.2395063
845,-3.947707,3.947707
846,-0.3797538,0.3797538
847,0.2493703,0.2493703
848,0.06082026,0.06082026
849,-1.448351,1.448351
850,0.02582953,0.02582953
851,5.457059,5.457059
852,1.000118,1.000118
853,1.676609,1.676609
854,0.1698288,0.1698288
855,2.155617,2.155617
856,0.4196855,0.4196855
857,0.04318137,0.04318137
858,-0.1674489,0.1674489
859,0.09782042,0.09782042
860,0.01468948,0.01468948
861,-1.254766,1.254766
862,9.7098,9.7098
863,0.2794828,0.2794828
864,0.2320379,0.2320379
865,-0.522589,0.522589
866,-1.1764,1.1764
867,4.228813,4.228813
868,-1.209692,1.209692
869,1.779019,1.779019
870,0.6568859,0.6568859
871,-5.625744,5.625744
872,0.01085044,0.01085044
873,-40.56829,40.56829
874,6.905934,6.905934
875,12.09802,12.09802
876,7.800429,7.800429
877,6.53442,6.53442
878,40.75734,40.75734
879,23.34878,23.34878
880,25.4829,25.4829
881,-14.38621,14.38621
882,0.01884339,0.01884339
883,-0.08810098,0.08810098
884,-0.05729357,0.05729357
885,8.968611,8.968611
886,-0.01519904,0.01519904
887,1.375817,1.375817
888,14.81125,14.81125
889,-28.99779,28.99779
890,8.031457,8.031457
891,-0.08811135,0.08811135
892,2.745461,2.745461
893,-0.7510759,0.7510759
894,2.075267,2.075267
895,24.02264,24.02264
896,27.40314,27.40314
897,-2.293372,2.293372
898,-0.1733884,0.1733884
899,0.355362,0.355362
900,-0.02949543,0.02949543
901,2.226591,2.226591
902,2.254672,2.254672
903,0.1222449,0.1222449
904,4.775399,4.775399
905,0.003682572,0.003682572
906,-0.173822,0.173822
907,-2.524469,2.524469
908,-0.2021758,0.2021758
909,2.392542,2.392542
910,0.3339407,0.3339407
911,-0.1751319,0.1751319
912,1.235876,1.235876
913,-0.002062154,0.002062154
914,0.07707474,0.07707474
915,-1.489439,1.489439
916,0.7101707,0.7101707
917,0.6054608,0.6054608
918,-0.05921474,0.05921474
919,-3.052085,3.052085
920,0.2630464,0.2630464
921,0.5297112,0.5297112
922,-2.28197,2.28197
923,-2.901201,2.901201
924,0.6098099,0.6098099
925,4.294225,4.294225
926,-0.006599614,0.006599614
927,-0.6527206,0.6527206
928,-0.451413,0.451413
929,1.669113,1.669113
930,-0.03927525,0.03927525
931,-2.437615,2.437615
932,0.002369472,0.002369472
933,2.229546,2.229546
934,-2.891867,2.891867
935,0.0650388,0.0650388
936,-9.269883,9.269883
937,0.01409144,0.01409144
938,-0.03660231,0.03660231
939,-6.902322,6.902322
940,1.622506,1.622506
941,1.707365,1.707365
942,2.652395,2.652395
943,-1.967353,1.967353
944,-0.06754277,0.06754277
945,-0.9753498,0.9753498
946,-0.06522825,0.06522825
947,-0.002352327,0.002352327
948,0.01856012,0.01856012
949,6.296314,6.296314
950,5.638666,5.638666
951,-0.9246318,0.9246318
952,0.7414327,0.7414327
953,0.09089199,0.09089199
954,-0.5340391,0.5340391
955,0.0521936,0.0521936
956,-0.6868863,0.6868863
957,0.0208001,0.0208001
958,2.158103,2.158103
959,-0.2165821,0.2165821
960,0.01750106,0.01750106
961,2.55123,2.55123
962,0.004869559,0.004869559
963,0.001103046,0.001103046
964,-0.210022,0.210022
965,-0.182197,0.182197
966,0.01003439,0.01003439
967,-4.176278,4.176278
968,34.56368,34.56368
969,-3.16597,3.16597
970,0.2224296,0.2224296
971,0.8764984,0.8764984
972,0.3404075,0.3404075
973,-0.1905756,0.1905756
974,-0.1089343,0.1089343
975,-0.06999356,0.06999356
976,2.900611,2.900611
977,0.1086151,0.1086151
978,-0.0191518,0.0191518
979,1.085524,1.085524
980,0.3732734,0.3732734
981,-0.04241636,0.04241636
982,-0.545312,0.545312
983,-0.247857,0.247857
984,-0.4504412,0.4504412
985,-0.1021986,0.1021986
986,-0.1666243,0.1666243
987,1.554063,1.554063
988,0.2314176,0.2314176
989,-0.1068571,0.1068571
990,3.044575,3.044575
991,-1.192486,1.192486
992,0.1988695,0.1988695
993,-0.9150332,0.9150332
994,-1.86075,1.86075
995,1.711102,1.711102
996,0.03132088,0.03132088
997,1.290813,1.290813
998,5.19091,5.19091
999,-1.669321,1.669321
1000,0.1932126,0.1932126
1001,-3.000868,3.000868
1002,0.2593229,0.2593229
1003,-0.7849881,0.7849881
1004,1.500643,1.500643
1005,2.415497,2.415497
1006,1.712793,1.712793
1007,-16.22538,16.22538
1008,3.315121,3.315121
1009,-0.8167934,0.8167934
1010,0.2427683,0.2427683
1011,0.1678432,0.1678432
1012,0.08568866,0.08568866
1013,0.687672,0.687672
1014,1.115468,1.115468
1015,-0.0153138,0.0153138
1016,6.585291,6.585291
1017,0.04411136,0.04411136
1018,0.0709522,0.0709522
1019,0.01294831,0.01294831
1020,-0.07361658,0.07361658
1021,-0.3648463,0.3648463
1022,2.97232,2.97232
1023,-1.336656,1.336656
1024,10.00091,10.00091
1025,-0.9440663,0.9440663
1026,0.06757209,0.06757209
1027,1.536284,1.536284
1028,0.03131381,0.03131381
1029,-0.3303205,0.3303205
1030,4.920723,4.920723
1031,-0.1441164,0.1441164
1032,-0.6965808,0.6965808
1033,-2.139612,2.139612
1034,0.8945145,0.8945145
1035,3.412699,3.412699
1036,1.681492,1.681492
1037,3.794745,3.794745
1038,2.945368,2.945368
1039,3.859153,3.859153
1040,4.9293,4.9293
1041,-0.03358719,0.03358719
1042,-0.2894863,0.2894863
1043,4.648227,4.648227
1044,5.334714,5.334714
1045,5.07336,5.07336
1046,0.02887577,0.02887577
1047,4.067391,4.067391
1048,2.842464,2.842464
1049,-0.6227465,0.6227465
1050,0.3029336,0.3029336
1051,0.02674276,0.02674276
1052,1.321211,1.321211
1053,0.5015343,0.5015343
1054,0.4950112,0.4950112
1055,2.029871,2.029871
1056,0.7081794,0.7081794
1057,-8.627033,8.627033
1058,-1.057953,1.057953
1059,3.4418,3.4418
1060,3.263833,3.263833
1061,-0.01973419,0.01973419
1062,0.3813128,0.3813128
1063,-2.015542,2.015542
1064,-1.458418,1.458418
1065,-13.57829,13.57829
1066,-3.498473,3.498473
1067,4.013498,4.013498
1068,11.65785,11.65785
1069,0.4421588,0.4421588
1070,0.312498,0.312498
1071,3.758949,3.758949
1072,-0.3160176,0.3160176
1073,0.8308274,0.8308274
1074,0.7152877,0.7152877
1075,1.350261,1.350261
1076,-0.05004972,0.05004972
1077,5.401217,5.401217
1078,-0.6630708,0.6630708
1079,-0.008342711,0.008342711
1080,0.06852024,0.06852024
1081,-8.702666,8.702666
1082,2.628301,2.628301
1083,0.9792758,0.9792758
1084,0.4165213,0.4165213
1085,17.56838,17.56838
1086,22.73139,22.73139
1087,6.771421,6.771421
1088,4.166291,4.166291
1089,0.1253143,0.1253143
1090,0.27054,0.27054
1091,-1.582819,1.582819
1092,-0.001903219,0.001903219
1093,1.381188,1.381188
1094,-0.591364,0.591364
1095,-2.063784,2.063784
1096,1.885701,1.885701
1097,-4.185012,4.185012
1098,0.06331093,0.06331093
1099,0.707837,0.707837
1100,0.2988093,0.2988093
1101,3.857373,3.857373
1102,0.559914,0.559914
1103,0.5855323,0.5855323
1104,-2.085744,2.085744
1105,-3.011492,3.011492
1106,15.54789,15.54789
1107,0.04835014,0.04835014
1108,1.76684,1.76684
1109,15.19411,15.19411
1110,3.346843,3.346843
1111,-0.1527737,0.1527737
1112,-1.126115,1.126115
1113,-0.6501766,0.6501766
1114,0.2975811,0.2975811
1115,-1.605297,1.605297
1116,1.996664,1.996664
1117,1.020687,1.020687
1118,13.1726,13.1726
1119,0.5815437,0.5815437
1120,-0.6186369,0.6186369
1121,-0.9639857,0.9639857
1122,-6.003683,6.003683
1123,-0.1201846,0.1201846
1124,7.609875,7.609875
1125,3.268739,3.268739
1126,1.291505,1.291505
1127,-2.33237,2.33237
1128,0.0001797106,0.0001797106
1129,-10.0751,10.0751
1130,0.5206491,0.5206491
1131,9.071836,9.071836
1132,7.717992,7.717992
1133,16.85958,16.85958
1134,6.399129,6.399129
1135,-0.04807797,0.04807797
1136,-0.6010014,0.6010014
1137,-1.887095,1.887095
1138,0.00142029,0.00142029
1139,1.173568,1.173568
1140,0.1024317,0.1024317
1141,10.23054,10.23054
1142,1.709956,1.709956
1143,-2.416488,2.416488
1144,-35.0735,35.0735
1145,-0.004370006,0.004370006
1146,0.1041941,0.1041941
1147,-0.02829999,0.02829999
1148,-0.0001486919,0.0001486919
1149,4.392584,4.392584
1150,-0.2679455,0.2679455
1151,-0.275143,0.275143
1152,-0.210089,0.210089
1153,-0.449155,0.449155
1154,0.09108157,0.09108157
1155,-7.343192,7.343192
1156,0.138308,0.138308
1157,-5.419744,5.419744
1158,0.2651918,0.2651918
1159,10.6035,10.6035
1160,6.770586,6.770586
1161,0.3207295,0.3207295
1162,-1.116642,1.116642
1163,-0.3091745,0.3091745
1164,-0.1634412,0.1634412
1165,-2.773351,2.773351
1166,1.98828,1.98828
1167,0.1046545,0.1046545
1168,1.280012,1.280012
1169,0.01283252,0.01283252
1170,-0.006933456,0.006933456
1171,-0.1193698,0.1193698
1172,0.6479483,0.6479483
1173,-1.907429,1.907429
1174,0.6510502,0.6510502
1175,0.4800223,0.4800223
1176,1.660054,1.660054
1177,0.6643025,0.6643025
1178,-1.465554,1.465554
1179,-0.6496271,0.6496271
1180,-6.456356,6.456356
1181,-2.137031,2.137031
1182,-0.6007195,0.6007195
1183,-0.357857,0.357857
1184,0.1671269,0.1671269
1185,1.20905,1.20905
1186,-0.3271295,0.3271295
1187,-1.256162,1.256162
1188,0.5508989,0.5508989
1189,-12.47576,12.47576
1190,-2.799607,2.799607
1191,-0.9197191,0.9197191
1192,-0.2953936,0.2953936
1193,-3.425843,3.425843
1194,7.747131,7.747131
1195,-0.2497053,0.2497053
1196,0.01933853,0.01933853
1197,-18.62069,18.62069
1198,-1.839958,1.839958
1199,3.981266,3.981266
1200,7.39757,7.39757
1201,1.12376,1.12376
1202,-0.01186216,0.01186216
1203,0.0508853,0.0508853
1204,0.007433536,0.007433536
1205,-11.47034,11.47034
1206,-0.007944924,0.007944924
1207,-3.67445,3.67445
1208,-0.05138626,0.05138626
1209,-9.758154,9.758154
1210,1.115555,1.115555
1211,-0.1294593,0.1294593
1212,0.847,0.847
1213,-10.43136,10.43136
1214,17.83655,17.83655
1215,3.514355,3.514355
1216,11.48701,11.48701
1217,-0.01239928,0.01239928
1218,-0.8582901,0.8582901
1219,0.0161589,0.0161589
1220,-0.9829661,0.9829661
1221,-0.3493998,0.3493998
1222,0.6627951,0.6627951
1223,-0.4458553,0.4458553
1224,8.581236,8.581236
1225,1.121638,1.121638
1226,-1.55442,1.55442
1227,-0.1548603,0.1548603
1228,-2.182546,2.182546
1229,-0.07188397,0.07188397
1230,0.3008981,0.3008981
1231,0.02924898,0.02924898
1232,-1.547918,1.547918
1233,0.4937111,0.4937111
1234,-0.3732643,0.3732643
1235,0.7854942,0.7854942
1236,-0.9657165,0.9657165
1237,-0.1406329,0.1406329
1238,0.9971234,0.9971234
1239,-4.443496,4.443496
1240,-0.2439605,0.2439605
1241,-0.06010365,0.06010365
1242,-0.01660431,0.01660431
1243,0.5207272,0.5207272
1244,-0.3349401,0.3349401
1245,4.202487,4.202487
1246,1.185693,1.185693
1247,0.009254408,0.009254408
1248,-1.244524,1.244524
1249,1.704262,1.704262
1250,-0.3487093,0.3487093
1251,0.333847,0.333847
1252,-2.210854,2.210854
1253,-0.565124,0.565124
1254,-0.326061,0.326061
1255,-3.57252,3.57252
1256,-0.3605666,0.3605666
1257,0.0100374,0.0100374
1258,-1.143696,1.143696
1259,1.329482,1.329482
1260,1.063162,1.063162
1261,-2.832808,2.832808
1262,9.944598,9.944598
1263,-1.393387,1.393387
1264,0.6981789,0.6981789
1265,-1.044461,1.044461
1266,0.01490358,0.01490358
1267,1.119779,1.119779
1268,-0.1208745,0.1208745
1269,1.334329,1.334329
1270,4.748114,4.748114
1271,0.5890552,0.5890552
1272,1.437354,1.437354
1273,0.0002137902,0.0002137902
1274,0.0001184456,0.0001184456
1275,0.2982751,0.2982751
1276,-0.3189327,0.3189327
1277,-1.300684,1.300684
1278,1.275174,1.275174
1279,-0.472839,0.472839
1280,1.582358,1.582358
1281,-0.9478366,0.9478366
1282,-0.004366422,0.004366422
1283,-0.01320959,0.01320959
1284,-0.270297,0.270297
1285,-1.714565,1.714565
1286,3.142032,3.142032
1287,1.635675,1.635675
1288,6.922989,6.922989
1289,-0.2575622,0.2575622
1290,-0.7874184,0.7874184
1291,-0.3218481,0.3218481
1292,-0.06376107,0.06376107
1293,0.324693,0.324693
1294,0.3220965,0.3220965
1295,-0.1636942,0.1636942
1296,0.09436696,0.09436696
1297,0.269811,0.269811
1298,-0.007946318,0.007946318
1299,0.7124023,0.7124023
1300,-0.1143027,0.1143027
1301,0.6303619,0.6303619
1302,-3.43804,3.43804
1303,-5.993312,5.993312
1304,2.951777,2.951777
1305,0.009916867,0.009916867
1306,-0.5223852,0.5223852
1307,-0.451997,0.451997
1308,-0.9856454,0.9856454
1309,4.246213,4.246213
1310,7.209126,7.209126
1311,-0.9182917,0.9182917
1312,0.1336106,0.1336106
1313,4.034663,4.034663
1314,-3.914818,3.914818
1315,-1.727001,1.727001
1316,-13.16182,13.16182
1317,-2.675749,2.675749
1318,0.3205268,0.3205268
1319,-4.914918,4.914918
1320,0.914203,0.914203
1321,1.004375,1.004375
1322,-0.09009606,0.09009606
1323,-0.3195941,0.3195941
1324,0.6030569,0.6030569
1325,-0.3124363,0.3124363
1326,3.370525,3.370525
1327,-16.28067,16.28067
1328,0.2232935,0.2232935
1329,-10.02025,10.02025
1330,2.886128,2.886128
1331,0.3712322,0.3712322
1332,0.9133633,0.9133633
1333,7.716655,7.716655
1334,16.06831,16.06831
1335,-17.54717,17.54717
1336,-14.80768,14.80768
1337,-2.744132,2.744132
1338,-0.2015572,0.2015572
1339,-0.2579261,0.2579261
1340,0.7548857,0.7548857
1341,2.784069,2.784069
1342,3.26448,3.26448
1343,-1.13966,1.13966
1344,-1.411774,1.411774
1345,-0.6375695,0.6375695
1346,0.3585159,0.3585159
1347,0.08109711,0.08109711
1348,0.1682577,0.1682577
1349,-0.1252989,0.1252989
1350,-6.4259,6.4259
1351,7.390489,7.390489
1352,7.450695,7.450695
1353,-0.2150547,0.2150547
1354,0.2131472,0.2131472
1355,0.9716527,0.9716527
1356,2.082335,2.082335
1357,-0.5023195,0.5023195
1358,2.875702,2.875702
1359,-0.5178341,0.5178341
1360,-0.2976288,0.2976288
1361,0.3294151,0.3294151
1362,1.830089,1.830089
1363,0.04416166,0.04416166
1364,-0.1658968,0.1658968
1365,0.04322823,0.04322823
1366,-11.8664,11.8664
1367,1.097035,1.097035
1368,-1.278428,1.278428
1369,0.1193373,0.1193373
1370,-0.0142464,0.0142464
1371,-0.3811478,0.3811478
1372,-0.0344938,0.0344938
1373,1.081359,1.081359
1374,-0.4964487,0.4964487
1375,-0.003800736,0.003800736
1376,-0.1831467,0.1831467
1377,1.2881,1.2881
1378,-0.3208106,0.3208106
1379,2.505911,2.505911
1380,1.182683,1.182683
1381,-0.5856745,0.5856745
1382,-12.90746,12.90746
1383,-0.06589059,0.06589059
1384,-0.09825984,0.09825984
1385,-3.851601,3.851601
1386,5.186171,5.186171
1387,1.164382,1.164382
1388,3.843662,3.843662
1389,0.1082994,0.1082994
1390,9.488308,9.488308
1391,6.248905,6.248905
1392,-1.495982,1.495982
1393,-1.088874,1.088874
1394,0.1312842,0.1312842
1395,0.3688772,0.3688772
1396,0.1287452,0.1287452
1397,-2.557783,2.557783
1398,0.6695206,0.6695206
1399,2.95368,2.95368
1400,0.07732795,0.07732795
1401,-11.97338,11.97338
1402,-0.009965443,0.009965443
1403,0.1899247,0.1899247
1404,0.03366323,0.03366323
1405,6.679945,6.679945
1406,6.730412,6.730412
1407,-0.2647925,0.2647925
1408,-7.670538,7.670538
1409,0.1523681,0.1523681
1410,-0.2769816,0.2769816
1411,-0.2948031,0.2948031
1412,0.001431157,0.001431157
1413,-3.598904,3.598904
1414,0.2748857,0.2748857
1415,-0.899618,0.899618
1416,4.334464,4.334464
1417,-1.09567,1.09567
1418,0.01229714,0.01229714
1419,0.2753632,0.2753632
1420,-0.05518439,0.05518439
1421,0.5377227,0.5377227
1422,3.689306,3.689306
1423,2.044065,2.044065
1424,5.949415,5.949415
1425,-9.53889,9.53889
1426,1.87488,1.87488
1427,2.929953,2.929953
1428,1.912093,1.912093
1429,7.0191,7.0191
1430,1.211495,1.211495
1431,1.147977,1.147977
1432,0.2586743,0.2586743
1433,-0.0844904,0.0844904
1434,-0.3983773,0.3983773
1435,0.6087619,0.6087619
1436,-0.3356323,0.3356323
1437,0.2334965,0.2334965
1438,-0.006442219,0.006442219
1439,0.5332795,0.5332795
1440,0.5147555,0.5147555
1441,-5.718874,5.718874
1442,-4.268764,4.268764
1443,8.454886,8.454886
1444,4.006847,4.006847
1445,-1.645216,1.645216
1446,1.469812,1.469812
1447,0.2024945,0.2024945
1448,-2.519143,2.519143
1449,-7.315953,7.315953
1450,-5.353531,5.353531
1451,4.447732,4.447732
1452,18.8481,18.8481
1453,-0.06102489,0.06102489
1454,-5.334314,5.334314
1455,-0.07328105,0.07328105
1456,-6.158491,6.158491
1457,0.8537025,0.8537025
1458,-0.4778956,0.4778956
1459,-0.3604143,0.3604143
1460,-0.9073712,0.9073712
1461,0.121681,0.121681
1462,3.598281,3.598281
1463,1.802899,1.802899
1464,4.038155,4.038155
1465,-0.03786285,0.03786285
1466,-0.3656534,0.3656534
1467,-0.0424689,0.0424689
1468,-0.4406122,0.4406122
1469,-0.2190856,0.2190856
1470,0.3941203,0.3941203
1471,-0.01172867,0.01172867
1472,2.329221,2.329221
1473,-3.630497,3.630497
1474,0.006999433,0.006999433
1475,1.421168,1.421168
1476,0.2160795,0.2160795
1477,1.984874,1.984874
1478,10.38555,10.38555
1479,-1.399465,1.399465
1480,-3.848372,3.848372
1481,-0.1344293,0.1344293
1482,-0.001184305,0.001184305
1483,0.0003185789,0.0003185789
1484,-0.01977977,0.01977977
1485,0.04004018,0.04004018
1486,0.07314409,0.07314409
1487,0.01244206,0.01244206
1488,0.39793,0.39793
1489,0.3519041,0.3519041
1490,-0.1208475,0.1208475
1491,-0.7960349,0.7960349
1492,-0.7861609,0.7861609
1493,-0.2401699,0.2401699
1494,1.64109,1.64109
1495,0.05866173,0.05866173
1496,0.6862763,0.6862763
1497,-0.1327086,0.1327086
1498,-0.1334135,0.1334135
1499,0.05962313,0.05962313
1500,-0.3212469,0.3212469
1501,2.964942,2.964942
1502,0.3209203,0.3209203
1503,0.01135344,0.01135344
1504,0.5383071,0.5383071
1505,-7.588184,7.588184
1506,4.332951,4.332951
1507,1.801766,1.801766
1508,2.527952,2.527952
1509,0.1078383,0.1078383
1510,12.723,12.723
1511,5.869861,5.869861
1512,0.005762886,0.005762886
1513,-8.571982,8.571982
1514,-2.607058,2.607058
1515,-0.01205333,0.01205333
1516,0.06541048,0.06541048
1517,0.7516038,0.7516038
1518,3.123079,3.123079
1519,0.01020742,0.01020742
1520,0.6535807,0.6535807
1521,-0.4536194,0.4536194
1522,-0.2860677,0.2860677
1523,0.2679282,0.2679282
1524,0.001155117,0.001155117
1525,-0.7901053,0.7901053
1526,6.677228,6.677228
1527,0.5398982,0.5398982
1528,1.948577,1.948577
1529,-0.1868698,0.1868698
1530,0.006073887,0.006073887
1531,-0.005812171,0.005812171
1532,0.1375518,0.1375518
1533,-0.01656519,0.01656519
1534,0.003195153,0.003195153
1535,0.9804776,0.9804776
1536,0.4468441,0.4468441
1537,-5.038287,5.038287
1538,2.468812,2.468812
1539,0.7546663,0.7546663
1540,0.465874,0.465874
1541,2.16811,2.16811
1542,13.8244,13.8244
1543,-2.984164,2.984164
1544,3.676989,3.676989
1545,0.000218435,0.000218435
1546,0.07607961,0.07607961
1547,-0.2212415,0.2212415
1548,0.5553567,0.5553567
1549,3.15012,3.15012
1550,0.1429104,0.1429104
1551,-0.4669381,0.4669381
1552,0.4708255,0.4708255
1553,0.02864003,0.02864003
1554,0.08372098,0.08372098
1555,0.2790697,0.2790697
1556,-0.1095983,0.1095983
1557,0.1856298,0.1856298
1558,1.142969,1.142969
1559,0.2651469,0.2651469
1560,0.04082898,0.04082898
1561,-3.167644,3.167644
1562,-0.7008802,0.7008802
1563,0.02281887,0.02281887
1564,-0.5636501,0.5636501
1565,-4.049804,4.049804
1566,16.28711,16.28711
1567,-2.595284,2.595284
1568,-1.369345,1.369345
1569,0.2480357,0.2480357
1570,-1.536176,1.536176
1571,0.0438691,0.0438691
1572,1.171475,1.171475
1573,3.668955,3.668955
1574,-1.29834e-05,1.29834e-05
1575,-0.9153205,0.9153205
1576,0.2875736,0.2875736
1577,2.981888e-05,2.981888e-05
1578,5.972462,5.972462
1579,8.604781,8.604781
1580,-0.1601146,0.1601146
1581,13.30793,13.30793
1582,25.07239,25.07239
1583,-8.602378,8.602378
1584,9.000092,9.000092
1585,-3.613762,3.613762
1586,-0.6559475,0.6559475
1587,0.6143437,0.6143437
1588,-0.0112568,0.0112568
1589,5.128523,5.128523
1590,10.51914,10.51914
1591,-1.695916,1.695916
1592,2.768718,2.768718
1593,-2.728533,2.728533
1594,3.024701,3.024701
1595,0.8481822,0.8481822
1596,0.003286908,0.003286908
1597,-0.8856398,0.8856398
1598,4.74427,4.74427
1599,-2.55031,2.55031
1600,10.67306,10.67306
1601,-1.645718,1.645718
1602,0.5202903,0.5202903
1603,-3.330294,3.330294
1604,-2.075584,2.075584
1605,-1.404451,1.404451
1606,10.53484,10.53484
1607,0.3750468,0.3750468
1608,25.03982,25.03982
1609,-1.824043,1.824043
1610,-0.04959222,0.04959222
1611,2.719122,2.719122
1612,-2.313673,2.313673
1613,-11.90221,11.90221
1614,1.423851,1.423851
1615,-7.713857,7.713857
1616,-0.6370914,0.6370914
1617,-0.07601129,0.07601129
1618,-0.001431226,0.001431226
1619,0.02820295,0.02820295
1620,-0.05755578,0.05755578
1621,-0.06178595,0.06178595
1622,0.80498,0.80498
1623,-0.008260005,0.008260005
1624,0.2639329,0.2639329
1625,0.04592643,0.04592643
1626,-0.9762761,0.9762761
1627,-3.595926e-05,3.595926e-05
1628,-2.317647,2.317647
1629,-0.06108683,0.06108683
1630,5.750055,5.750055
1631,-6.673097,6.673097
1632,-2.651825,2.651825
1633,1.220121,1.220121
1634,-0.9465935,0.9465935
1635,0.7194543,0.7194543
1636,-1.047768,1.047768
1637,2.039346,2.039346
1638,2.182739,2.182739
1639,-0.912633,0.912633
1640,-0.4254382,0.4254382
1641,-9.87038,9.87038
1642,0.3808233,0.3808233
1643,6.406653,6.406653
1644,-0.04947535,0.04947535
1645,12.12187,12.12187
1646,0.6547474,0.6547474
1647,-1.288617,1.288617
1648,-0.4612998,0.4612998
1649,6.220477,6.220477
1650,-0.08712368,0.08712368
1651,-2.302921,2.302921
1652,-2.2796,2.2796
1653,-1.461466,1.461466
1654,-1.674572,1.674572
1655,0.3140203,0.3140203
1656,6.249059,6.249059
1657,-1.472385,1.472385
1658,0.8933587,0.8933587
1659,-11.82042,11.82042
1660,-2.203334,2.203334
1661,0.4231236,0.4231236
1662,14.7105,14.7105
1663,0.6028511,0.6028511
1664,6.044981,6.044981
1665,1.169745,1.169745
1666,1.847861,1.847861
1667,-1.052448,1.052448
1668,-0.00016309,0.00016309
1669,-6.458144,6.458144
1670,-15.20792,15.20792
1671,6.710286,6.710286
1672,27.72638,27.72638
1673,-2.307178,2.307178
1674,1.861396,1.861396
1675,0.2613997,0.2613997
1676,0.1978764,0.1978764
1677,0.6650771,0.6650771
1678,0.1630398,0.1630398
1679,0.7719698,0.7719698
1680,0.9081513,0.9081513
1681,-0.1957833,0.1957833
1682,-0.03965772,0.03965772
1683,0.6557339,0.6557339
1684,0.07579521,0.07579521
1685,13.63977,13.63977
1686,1.044646,1.044646
1687,0.1323595,0.1323595
1688,0.1402599,0.1402599
1689,-0.9918763,0.9918763
1690,0.03112249,0.03112249
1691,0.08919837,0.08919837
1692,0.001978732,0.001978732
1693,13.76756,13.76756
1694,14.05102,14.05102
1695,-0.001933889,0.001933889
1696,0.3144675,0.3144675
1697,-1.212015,1.212015
1698,-0.02671658,0.02671658
1699,1.220044,1.220044
1700,2.365218,2.365218
1701,0.2929432,0.2929432
1702,33.78036,33.78036
1703,-1.290627,1.290627
1704,1.139628,1.139628
1705,-26.57957,26.57957
1706,7.950336,7.950336
1707,20.96794,20.96794
1708,9.001975,9.001975
1709,26.17869,26.17869
1710,6.119123,6.119123
1711,0.3230674,0.3230674
1712,4.738049,4.738049
1713,22.29464,22.29464
1714,1.600304,1.600304
1715,-5.100458,5.100458
1716,-0.0730454,0.0730454
1717,-10.76755,10.76755
1718,-14.25463,14.25463
1719,13.23371,13.23371
1720,22.26487,22.26487
1721,10.97051,10.97051
1722,5.82943,5.82943
1723,-4.72229,4.72229
1724,0.02315652,0.02315652
1725,-5.033196,5.033196
1726,-16.25229,16.25229
1727,12.56205,12.56205
1728,26.79817,26.79817
1729,-1.052822,1.052822
1730,1.708818,1.708818
1731,0.2767348,0.2767348
1732,-0.1308769,0.1308769
1733,-0.2811368,0.2811368
1734,-0.9419739,0.9419739
1735,2.419559,2.419559
1736,9.861988,9.861988
1737,0.5728112,0.5728112
1738,0.1653743,0.1653743
1739,-1.163848,1.163848
1740,-0.4906845,0.4906845
1741,0.1371872,0.1371872
1742,0.1453753,0.1453753
1743,0.02122772,0.02122772
1744,-0.002834248,0.002834248
1745,0.06488169,0.06488169
1746,-3.556559,3.556559
1747,-1.007307,1.007307
1748,-0.06452315,0.06452315
1749,0.2568847,0.2568847
1750,2.591741,2.591741
1751,0.03217424,0.03217424
1752,-0.02908017,0.02908017
1753,0.8546551,0.8546551
1754,-0.5507605,0.5507605
1755,-0.2100184,0.2100184
1756,-0.6967598,0.6967598
1757,-0.9290423,0.9290423
1758,0.0640642,0.0640642
1759,0.001925785,0.001925785
1760,-0.2535934,0.2535934
1761,-0.01927087,0.01927087
1762,1.564796,1.564796
1763,1.076758,1.076758
1764,-0.8464951,0.8464951
1765,2.740096,2.740096
1766,-5.406671,5.406671
1767,4.518287,4.518287
1768,-0.1140737,0.1140737
1769,-2.333,2.333
1770,0.9538564,0.9538564
1771,0.5792945,0.5792945
1772,4.153171,4.153171
1773,-1.183587,1.183587
1774,-0.05599144,0.05599144
1775,-0.04519106,0.04519106
1776,1.468907,1.468907
1777,2.269854,2.269854
1778,-1.05361,1.05361
1779,-0.001159904,0.001159904
1780,-1.060164,1.060164
1781,-1.216483,1.216483
1782,1.234428,1.234428
1783,1.047879,1.047879
1784,-0.04967684,0.04967684
1785,2.476014,2.476014
1786,-0.136273,0.136273
1787,-0.01408929,0.01408929
1788,-3.605364,3.605364
1789,-8.560908,8.560908
1790,-2.652322,2.652322
1791,0.2864404,0.2864404
1792,5.338869,5.338869
1793,-0.4960637,0.4960637
1794,-0.05641924,0.05641924
1795,-0.004657391,0.004657391
1796,-0.1691578,0.1691578
1797,-5.912116,5.912116
1798,0.04598809,0.04598809
1799,-0.4044804,0.4044804
1800,5.180314,5.180314
1801,-0.05572708,0.05572708
1802,0.07072151,0.07072151
1803,0.811765,0.811765
1804,-0.3415909,0.3415909
1805,0.0001517391,0.0001517391
1806,0.6988624,0.6988624
1807,0.08828208,0.08828208
1808,-3.424474,3.424474
1809,-0.1271082,0.1271082
1810,1.059889,1.059889
1811,-0.3363191,0.3363191
1812,-0.02958142,0.02958142
1813,-0.1035866,0.1035866
1814,5.876435,5.876435
1815,-1.559474,1.559474
1816,-2.560366,2.560366
1817,-9.642558,9.642558
1818,0.2593699,0.2593699
1819,0.1878981,0.1878981
1820,-0.07785352,0.07785352
1821,24.87475,24.87475
1822,15.67747,15.67747
1823,-2.03319,2.03319
1824,-8.801588,8.801588
1825,-4.138633,4.138633
1826,1.007423,1.007423
1827,8.096102,8.096102
1828,2.701733,2.701733
1829,-0.1028228,0.1028228
1830,18.67386,18.67386
1831,-1.774019,1.774019
1832,-8.545788,8.545788
1833,-8.99336,8.99336
1834,6.779994,6.779994
1835,16.39425,16.39425
1836,5.56495,5.56495
1837,0.6397582,0.6397582
1838,7.359388,7.359388
1839,-3.09585,3.09585
1840,-2.278318,2.278318
1841,1.690818,1.690818
1842,-0.003556235,0.003556235
1843,-4.215784,4.215784
1844,-0.09351695,0.09351695
1845,-2.774409,2.774409
1846,-2.839944,2.839944
1847,3.474118,3.474118
1848,-10.92962,10.92962
1849,-0.3302724,0.3302724
1850,0.01955109,0.01955109
1851,0.08306181,0.08306181
1852,-0.1765239,0.1765239
1853,-14.04037,14.04037
1854,0.8878575,0.8878575
1855,-1.579353,1.579353
1856,0.9503085,0.9503085
1857,2.792131,2.792131
1858,0.132268,0.132268
1859,0.3233244,0.3233244
1860,0.1297331,0.1297331
1861,-6.188653,6.188653
1862,-21.32395,21.32395
1863,20.53682,20.53682
1864,20.50335,20.50335
1865,-2.104379,2.104379
1866,3.479964,3.479964
1867,0.1388143,0.1388143
1868,-0.01733613,0.01733613
1869,1.536677,1.536677
1870,-0.8961738,0.8961738
1871,-1.688701,1.688701
1872,-0.6213406,0.6213406
1873,-3.142091,3.142091
1874,4.785733,4.785733
1875,0.5666802,0.5666802
1876,0.8845671,0.8845671
1877,3.47292,3.47292
1878,-0.0001344453,0.0001344453
1879,-0.1407907,0.1407907
1880,0.07107158,0.07107158
1881,-3.551357,3.551357
1882,0.6682807,0.6682807
1883,1.617214,1.617214
1884,4.157211,4.157211
1885,3.601801,3.601801
1886,0.1037913,0.1037913
1887,-1.506749,1.506749
1888,-1.841154,1.841154
1889,-0.3358435,0.3358435
1890,27.89963,27.89963
1891,8.601495,8.601495
1892,11.00676,11.00676
1893,16.38165,16.38165
1894,-0.3930899,0.3930899
1895,-14.83485,14.83485
1896,0.8775038,0.8775038
1897,-19.99653,19.99653
1898,7.201028,7.201028
1899,8.235661,8.235661
1900,28.20323,28.20323
1901,6.816031,6.816031
1902,2.133214,2.133214
1903,-3.743478,3.743478
1904,2.139185,2.139185
1905,2.466865,2.466865
1906,0.04101767,0.04101767
1907,0.022436,0.022436
1908,1.63635,1.63635
1909,-3.743116,3.743116
1910,-5.349607,5.349607
1911,14.16766,14.16766
1912,4.219677,4.219677
1913,16.67341,16.67341
1914,-0.01357491,0.01357491
1915,0.006769499,0.006769499
1916,0.03304174,0.03304174
1917,-5.285048,5.285048
1918,-12.53264,12.53264
1919,19.28972,19.28972
1920,21.69833,21.69833
1921,0.1309205,0.1309205
1922,0.000377098,0.000377098
1923,0.02316529,0.02316529
1924,0.02028437,0.02028437
1925,0.2217316,0.2217316
1926,-0.1573799,0.1573799
1927,0.1930144,0.1930144
1928,-1.694927,1.694927
1929,-0.2532033,0.2532033
1930,2.650486,2.650486
1931,-0.001913309,0.001913309
1932,-0.2248389,0.2248389
1933,-0.04725623,0.04725623
1934,-0.001273311,0.001273311
1935,-8.152113,8.152113
1936,-2.431335,2.431335
1937,2.481174,2.481174
1938,1.485811,1.485811
1939,-2.789052,2.789052
1940,0.01319607,0.01319607
1941,18.70163,18.70163
1942,0.2893635,0.2893635
1943,0.372521,0.372521
1944,3.718385,3.718385
1945,4.759057e-06,4.759057e-06
1946,0.09392589,0.09392589
1947,-0.07100914,0.07100914
1948,0.07182648,0.07182648
1949,-1.291105,1.291105
1950,8.677728,8.677728
1951,-1.1722,1.1722
1952,-0.1997505,0.1997505
1953,0.3931791,0.3931791
1954,-0.2709586,0.2709586
1955,-0.02937311,0.02937311
1956,-1.212856,1.212856
1957,0.1200011,0.1200011
1958,7.346845,7.346845
1959,-7.566476,7.566476
1960,-0.08710314,0.08710314
1961,4.390256,4.390256
1962,-1.651169,1.651169
1963,0.8231892,0.8231892
1964,2.776958,2.776958
1965,16.70906,16.70906
1966,-9.42489,9.42489
1967,0.004633509,0.004633509
1968,11.68634,11.68634
1969,10.43582,10.43582
1970,-0.3770911,0.3770911
1971,-0.1591346,0.1591346
1972,-0.2171173,0.2171173
1973,-6.495448,6.495448
1974,-0.6730567,0.6730567
1975,-1.116047,1.116047
1976,5.171332,5.171332
1977,-5.477165,5.477165
1978,0.4733742,0.4733742
1979,0.125167,0.125167
1980,0.5852143,0.5852143
1981,-1.673823,1.673823
1982,2.581465,2.581465
1983,0.3498921,0.3498921
1984,-5.327199,5.327199
1985,-5.035166,5.035166
1986,0.2171466,0.2171466
1987,1.41133,1.41133
1988,0.1443316,0.1443316
1989,-1.005708,1.005708
1990,0.5401772,0.5401772
1991,0.3575596,0.3575596
1992,24.28601,24.28601
1993,3.420607,3.420607
1994,-0.01681679,0.01681679
1995,-0.2676777,0.2676777
1996,-1.178631,1.178631
1997,-4.555343,4.555343
1998,1.190013,1.190013
1999,-0.4779278,0.4779278
2000,-0.1369737,0.1369737
2001,1.323956,1.323956
2002,-2.219822,2.219822
2003,-0.4876465,0.4876465
2004,-4.014149,4.014149
2005,0.01864092,0.01864092
2006,-0.1406586,0.1406586
2007,-1.773434,1.773434
2008,3.200424,3.200424
2009,3.372422,3.372422
2010,-0.9421828,0.9421828
2011,-0.4911026,0.4911026
2012,-2.010213,2.010213
2013,-1.306052,1.306052
2014,-1.342062,1.342062
2015,-3.009624,3.009624
2016,0.7057418,0.7057418
2017,0.05172468,0.05172468
2018,-2.824065,2.824065
2019,-0.266196,0.266196
2020,0.5333168,0.5333168
2021,-1.17028,1.17028
2022,-4.409502,4.409502
2023,-0.179589,0.179589
2024,5.34126,5.34126
2025,-0.02054559,0.02054559
2026,-0.087883,0.087883
2027,-0.3714874,0.3714874
2028,-2.443037,2.443037
2029,-4.707809,4.707809
2030,-1.342591,1.342591
2031,0.04216324,0.04216324
2032,21.92592,21.92592
2033,0.2348358,0.2348358
2034,-0.0006200921,0.0006200921
2035,-0.002629486,0.002629486
2036,0.3871266,0.3871266
2037,-1.6153,1.6153
2038,3.011744,3.011744
2039,-3.034059,3.034059
2040,-5.191072,5.191072
2041,-12.45802,12.45802
2042,0.1977159,0.1977159
2043,7.087705,7.087705
2044,-0.7381,0.7381
2045,0.2387399,0.2387399
2046,7.606122,7.606122
2047,-1.662571,1.662571
2048,17.6951,17.6951
2049,-6.664863,6.664863
2050,0.4699982,0.4699982
2051,-0.1249162,0.1249162
2052,0.003003832,0.003003832
2053,-2.176955,2.176955
2054,-1.315453,1.315453
2055,7.70595,7.70595
2056,37.36234,37.36234
2057,-0.1395612,0.1395612
2058,0.09776822,0.09776822
2059,0.01986185,0.01986185
2060,0.5030751,0.5030751
2061,-12.81487,12.81487
2062,0.1499573,0.1499573
2063,0.09648613,0.09648613
2064,-0.3515466,0.3515466
2065,-1.535502,1.535502
2066,0.1799062,0.1799062
2067,0.9855139,0.9855139
2068,-0.2938076,0.2938076
2069,-6.535758,6.535758
2070,7.498055,7.498055
2071,1.537153,1.537153
2072,-0.5873731,0.5873731
2073,-0.4577814,0.4577814
2074,-0.361639,0.361639
2075,1.341953,1.341953
2076,4.219029,4.219029
2077,-4.004104,4.004104
2078,1.366018,1.366018
2079,5.705365e-05,5.705365e-05
2080,-0.1378155,0.1378155
2081,-5.473922,5.473922
2082,-0.2239001,0.2239001
2083,-6.163939,6.163939
2084,-0.05233281,0.05233281
2085,-0.6074623,0.6074623
2086,-0.3286511,0.3286511
2087,12.89755,12.89755
2088,0.2630386,0.2630386
2089,-16.09578,16.09578
2090,3.886295,3.886295
2091,0.1351038,0.1351038
2092,0.8938792,0.8938792
2093,0.5563299,0.5563299
2094,-0.1148786,0.1148786
2095,16.40928,16.40928
2096,10.84572,10.84572
2097,-0.7279108,0.7279108
2098,0.549804,0.549804
2099,0.0003860639,0.0003860639
2100,-0.08608694,0.08608694
2101,-0.6097437,0.6097437
2102,-0.1826466,0.1826466
2103,12.92992,12.92992
2104,-1.025128,1.025128
2105,-1.590257,1.590257
2106,0.009093189,0.009093189
2107,-3.801524e-05,3.801524e-05
2108,-0.4852836,0.4852836
2109,-7.093363,7.093363
2110,-8.326059,8.326059
2111,0.0001176123,0.0001176123
2112,6.337352,6.337352
2113,-5.009401,5.009401
2114,2.086379,2.086379
2115,1.995658,1.995658
2116,0.5871212,0.5871212
2117,0.8411486,0.8411486
2118,2.189156,2.189156
2119,-4.716862,4.716862
2120,0.07237009,0.07237009
2121,1.363334,1.363334
2122,0.3794219,0.3794219
2123,-0.4681374,0.4681374
2124,0.8720357,0.8720357
2125,2.987389,2.987389
2126,0.1493756,0.1493756
2127,0.5315808,0.5315808
2128,2.226048,2.226048
2129,0.1110288,0.1110288
2130,0.934638,0.934638
2131,0.4675132,0.4675132
2132,-0.4799682,0.4799682
2133,1.160514,1.160514
2134,0.9062952,0.9062952
2135,0.1673917,0.1673917
2136,0.1532279,0.1532279
2137,-1.65616,1.65616
2138,-1.215088,1.215088
2139,0.06576919,0.06576919
2140,-0.1507084,0.1507084
2141,-1.030706,1.030706
2142,12.9318,12.9318
2143,-0.1574217,0.1574217
2144,-0.6933046,0.6933046
2145,-0.7387538,0.7387538
2146,-0.806408,0.806408
2147,-0.01482088,0.01482088
2148,-1.187692,1.187692
2149,6.083554,6.083554
2150,-0.06754777,0.06754777
2151,0.09005661,0.09005661
2152,0.2645865,0.2645865
2153,0.122029,0.122029
2154,3.431813,3.431813
2155,5.67232,5.67232
2156,-3.1818,3.1818
2157,20.05448,20.05448
2158,32.38627,32.38627
2159,-15.42648,15.42648
2160,9.614899,9.614899
2161,-3.245487,3.245487
2162,-1.03832,1.03832
2163,-3.398091,3.398091
2164,-0.8132814,0.8132814
2165,0.07468221,0.07468221
2166,24.01558,24.01558
2167,-8.173525,8.173525
2168,15.82535,15.82535
2169,-1.85998,1.85998
2170,6.643476,6.643476
2171,0.4588089,0.4588089
2172,0.07539131,0.07539131
2173,-0.02896239,0.02896239
2174,0.1548678,0.1548678
2175,-1.479052,1.479052
2176,13.85472,13.85472
2177,-0.5494471,0.5494471
2178,0.02927885,0.02927885
2179,0.04120798,0.04120798
2180,-0.2013043,0.2013043
2181,-2.386507,2.386507
2182,4.225298,4.225298
2183,-0.6308419,0.6308419
2184,1.713109,1.713109
2185,0.4443194,0.4443194
2186,-0.2465397,0.2465397
2187,-0.1572697,0.1572697
2188,-0.1943342,0.1943342
2189,0.00114127,0.00114127
2190,0.1080426,0.1080426
2191,0.004476761,0.004476761
2192,-0.00139593,0.00139593
2193,0.09757666,0.09757666
2194,-0.000353103,0.000353103
2195,-0.0007509607,0.0007509607
2196,0.04991742,0.04991742
2197,0.907464,0.907464
2198,-0.5631841,0.5631841
2199,-0.5627352,0.5627352
2200,-0.4810779,0.4810779
2201,1.909115,1.909115
2202,-4.083572,4.083572
2203,0.1188718,0.1188718
2204,0.02565595,0.02565595
2205,0.05729572,0.05729572
2206,-0.4496778,0.4496778
2207,-3.569417,3.569417
2208,-2.808166,2.808166
2209,0.2331363,0.2331363
2210,-0.1415209,0.1415209
2211,0.2882325,0.2882325
2212,0.1596472,0.1596472
2213,-0.04753964,0.04753964
2214,-3.134918,3.134918
2215,-3.640385,3.640385
2216,-0.8222462,0.8222462
2217,-0.341167,0.341167
2218,2.838986,2.838986
2219,-0.2582842,0.2582842
2220,10.39604,10.39604
2221,0.9411127,0.9411127
2222,0.1221948,0.1221948
2223,-0.03067845,0.03067845
2224,-25.26039,25.26039
2225,1.043458,1.043458
2226,-0.5684028,0.5684028
2227,-0.0009464251,0.0009464251
2228,-1.006397,1.006397
2229,0.3045137,0.3045137
2230,6.225347,6.225347
2231,-6.509459,6.509459
2232,-16.11644,16.11644
2233,-0.3385065,0.3385065
2234,0.1739946,0.1739946
2235,1.336426,1.336426
2236,-0.2550485,0.2550485
2237,-13.21696,13.21696
2238,0.2883111,0.2883111
2239,-0.567816,0.567816
2240,7.248967,7.248967
2241,-2.211456,2.211456
2242,0.7187054,0.7187054
2243,0.113977,0.113977
2244,-0.1202265,0.1202265
2245,-14.40919,14.40919
2246,-1.072847,1.072847
2247,6.022181,6.022181
2248,14.91633,14.91633
2249,0.8104563,0.8104563
2250,0.08365829,0.08365829
2251,0.4335066,0.4335066
2252,-0.6641628,0.6641628
2253,-1.113783,1.113783
2254,-1.369849,1.369849
2255,1.586977,1.586977
2256,0.4516998,0.4516998
2257,-0.05304679,0.05304679
2258,0.01416662,0.01416662
2259,0.439666,0.439666
2260,-3.073635,3.073635
2261,0.000250758,0.000250758
2262,1.601745,1.601745
2263,-0.1515779,0.1515779
2264,-1.005956,1.005956
2265,4.118833,4.118833
2266,0.1669272,0.1669272
2267,-0.01134668,0.01134668
2268,-4.853523,4.853523
2269,-4.771658,4.771658
2270,-0.6605371,0.6605371
2271,1.595086,1.595086
2272,1.272581,1.272581
2273,-0.00875217,0.00875217
2274,-0.001494759,0.001494759
2275,1.971623,1.971623
2276,1.552513,1.552513
2277,-0.009697919,0.009697919
2278,-5.521016,5.521016
2279,5.150767,5.150767
2280,0.598455,0.598455
2281,-11.21615,11.21615
2282,21.15806,21.15806
2283,5.836088,5.836088
2284,10.95697,10.95697
2285,0.4411311,0.4411311
2286,15.08448,15.08448
2287,8.699906,8.699906
2288,0.5653186,0.5653186
2289,6.20043,6.20043
2290,-0.0009117016,0.0009117016
2291,-0.359097,0.359097
2292,-2.289672,2.289672
2293,-12.4457,12.4457
2294,-5.790476,5.790476
2295,-2.306821,2.306821
2296,0.01429786,0.01429786
2297,0.8043185,0.8043185
2298,0.08874875,0.08874875
2299,0.433858,0.433858
2300,-1.503275,1.503275
2301,-29.2612,29.2612
2302,-5.560655,5.560655
2303,-0.2074815,0.2074815
2304,2.307742,2.307742
2305,-0.9424344,0.9424344
2306,-0.02371809,0.02371809
2307,0.1290865,0.1290865
2308,0.0521396,0.0521396
2309,0.2414678,0.2414678
2310,0.536816,0.536816
2311,-2.05303,2.05303
2312,0.8605381,0.8605381
2313,0.01947211,0.01947211
2314,-1.425717,1.425717
2315,-0.01179353,0.01179353
2316,0.001800769,0.001800769
2317,-1.238308,1.238308
2318,-2.52191,2.52191
2319,0.144364,0.144364
2320,1.252238,1.252238
2321,0.324999,0.324999
2322,-0.04044402,0.04044402
2323,-0.1859685,0.1859685
2324,0.005843523,0.005843523
2325,-0.829672,0.829672
2326,-0.331369,0.331369
2327,-0.6546356,0.6546356
2328,0.005639554,0.005639554
2329,0.03483798,0.03483798
2330,0.01972053,0.01972053
2331,0.0323316,0.0323316
2332,-2.436297,2.436297
2333,-4.001918,4.001918
2334,0.4003735,0.4003735
2335,0.4141494,0.4141494
2336,0.6613142,0.6613142
2337,4.883441,4.883441
2338,-1.091415,1.091415
2339,-1.606299,1.606299
2340,-0.202263,0.202263
2341,-0.3822933,0.3822933
2342,18.38869,18.38869
2343,0.1064,0.1064
2344,-0.9602915,0.9602915
2345,3.301766,3.301766
2346,-0.7394242,0.7394242
2347,-0.1932337,0.1932337
2348,0.1237015,0.1237015
2349,19.81408,19.81408
2350,0.08966397,0.08966397
2351,-4.367137,4.367137
2352,-1.059217,1.059217
2353,-3.26868,3.26868
2354,-1.310019,1.310019
2355,-0.2391923,0.2391923
2356,0.04440302,0.04440302
2357,0.005188208,0.005188208
2358,-0.01078185,0.01078185
2359,-13.67839,13.67839
2360,5.063609,5.063609
2361,-2.044626,2.044626
2362,0.05629534,0.05629534
2363,1.718256,1.718256
2364,0.2154909,0.2154909
2365,-0.04604918,0.04604918
2366,0.509261,0.509261
2367,-0.1824423,0.1824423
2368,0.9683136,0.9683136
2369,-1.836565,1.836565
2370,-0.03385356,0.03385356
2371,0.1281139,0.1281139
2372,0.03358511,0.03358511
2373,-5.264499,5.264499
2374,-14.76034,14.76034
2375,2.187444,2.187444
2376,8.973703,8.973703
2377,9.61441,9.61441
2378,-0.1540609,0.1540609
2379,-0.1185311,0.1185311
2380,-0.5043604,0.5043604
2381,-2.713404,2.713404
2382,-6.663584,6.663584
2383,-2.020118,2.020118
2384,7.886967,7.886967
2385,2.819316,2.819316
2386,-0.2138452,0.2138452
2387,-0.02753431,0.02753431
2388,-10.51187,10.51187
2389,-6.104384,6.104384
2390,-1.359703,1.359703
2391,-2.739634,2.739634
2392,1.583852,1.583852
2393,8.783931,8.783931
2394,-4.656824,4.656824
2395,-3.679426,3.679426
2396,-1.241912,1.241912
2397,-5.837628,5.837628
2398,-25.10089,25.10089
2399,-2.20808,2.20808
2400,18.87576,18.87576
2401,-0.0002989017,0.0002989017
2402,-1.270388,1.270388
2403,-0.5298174,0.5298174
2404,-0.07356873,0.07356873
2405,-10.54372,10.54372
2406,-9.528097,9.528097
2407,-18.40566,18.40566
2408,2.667122,2.667122
2409,-0.0313778,0.0313778
2410,-13.61037,13.61037
2411,0.2118691,0.2118691
2412,-1.339638,1.339638
2413,-10.64512,10.64512
2414,-0.002201437,0.002201437
2415,-4.609781,4.609781
2416,5.172821,5.172821
2417,3.422664,3.422664
2418,-3.582781,3.582781
2419,-6.644424,6.644424
2420,-5.408646,5.408646
2421,-25.24561,25.24561
2422,-35.07583,35.07583
2423,-0.2648911,0.2648911
2424,16.76245,16.76245
2425,-0.8696902,0.8696902
2426,-0.5445024,0.5445024
2427,-0.8028939,0.8028939
2428,-1.626752,1.626752
2429,-19.66528,19.66528
2430,-17.93906,17.93906
2431,0.01272661,0.01272661
2432,4.857942,4.857942
2433,7.136861,7.136861
2434,0.581332,0.581332
2435,-3.810909,3.810909
2436,0.626597,0.626597
2437,-3.262455,3.262455
2438,-0.6371531,0.6371531
2439,13.64604,13.64604
2440,3.065412,3.065412
2441,-0.005911418,0.005911418
2442,-0.01189124,0.01189124
2443,0.1545135,0.1545135
2444,3.264635,3.264635
2445,0.4314515,0.4314515
2446,0.001663382,0.001663382
2447,-1.065191,1.065191
2448,3.180919,3.180919
2449,-0.1565284,0.1565284
2450,0.06792773,0.06792773
2451,-0.0003132081,0.0003132081
2452,0.982607,0.982607
2453,8.723251,8.723251
2454,5.193529,5.193529
2455,-0.4614483,0.4614483
2456,-1.151239,1.151239
2457,-3.932732,3.932732
2458,2.460202,2.460202
2459,0.2996875,0.2996875
2460,0.04503777,0.04503777
2461,8.900675,8.900675
2462,2.666972e-06,2.666972e-06
2463,-0.9289425,0.9289425
2464,-0.02038046,0.02038046
2465,-29.51074,29.51074
2466,1.333884,1.333884
2467,2.881733,2.881733
2468,5.24544,5.24544
2469,1.782764,1.782764
2470,13.46137,13.46137
2471,-0.8022492,0.8022492
2472,-3.891764,3.891764
2473,-11.37832,11.37832
2474,4.245427,4.245427
2475,4.563626,4.563626
2476,26.67317,26.67317
2477,15.06717,15.06717
2478,4.164197,4.164197
2479,2.1849,2.1849
2480,-25.8832,25.8832
2481,0.1355672,0.1355672
2482,-0.003151287,0.003151287
2483,-0.2871535,0.2871535
2484,0.3427771,0.3427771
2485,-0.1849053,0.1849053
2486,-3.845976,3.845976
2487,-4.776346,4.776346
2488,14.2476,14.2476
2489,0.02117241,0.02117241
2490,0.03745976,0.03745976
2491,-2.131963,2.131963
2492,-0.1904197,0.1904197
2493,-3.693952,3.693952
2494,-6.749289,6.749289
2495,0.7986445,0.7986445
2496,3.499873,3.499873
2497,-0.7591476,0.7591476
2498,0.4914753,0.4914753
2499,-0.05357022,0.05357022
2500,0.06954938,0.06954938
2501,-2.073261,2.073261
2502,-0.09388141,0.09388141
2503,2.083346,2.083346
2504,0.2471224,0.2471224
2505,0.1495565,0.1495565
2506,-0.08076365,0.08076365
2507,-0.1580492,0.1580492
2508,-0.9512198,0.9512198
2509,3.049047,3.049047
2510,4.571665,4.571665
2511,-1.211645,1.211645
2512,-0.02706517,0.02706517
2513,-0.001364673,0.001364673
2514,-0.4923219,0.4923219
2515,-0.7452662,0.7452662
2516,-5.213633,5.213633
2517,0.02344031,0.02344031
2518,4.977025,4.977025
2519,-0.306289,0.306289
2520,-0.5118147,0.5118147
2521,13.17555,13.17555
2522,5.510581,5.510581
2523,-2.862751,2.862751
2524,-0.03394829,0.03394829
2525,2.399248,2.399248
2526,-7.859435,7.859435
2527,0.5770244,0.5770244
2528,11.44534,11.44534
2529,0.02294235,0.02294235
2530,0.9157867,0.9157867
2531,0.347889,0.347889
2532,-1.621915,1.621915
2533,0.5167911,0.5167911
2534,-0.8126023,0.8126023
2535,-5.597928,5.597928
2536,9.554971,9.554971
2537,0.1483096,0.1483096
2538,8.770148,8.770148
2539,3.701382,3.701382
2540,-0.6115674,0.6115674
2541,4.289247,4.289247
2542,4.925236,4.925236
2543,3.434158,3.434158
2544,-7.608217,7.608217
2545,0.3666058,0.3666058
2546,-1.329221,1.329221
2547,-0.7459402,0.7459402
2548,-0.1166827,0.1166827
2549,0.0003136269,0.0003136269
2550,12.97532,12.97532
2551,-0.05813437,0.05813437
2552,-4.045012,4.045012
2553,-3.116969,3.116969
2554,-0.9869529,0.9869529
2555,-2.643316,2.643316
2556,-0.5142137,0.5142137
2557,-0.01235069,0.01235069
2558,17.99014,17.99014
2559,0.0001257994,0.0001257994
2560,1.968995,1.968995
2561,10.63768,10.63768
2562,-0.3426553,0.3426553
2563,-0.4529496,0.4529496
2564,0.4350774,0.4350774
2565,-5.525004,5.525004
2566,-10.01167,10.01167
2567,19.30502,19.30502
2568,0.7422528,0.7422528
2569,5.272757,5.272757
2570,-1.141523,1.141523
2571,-0.9434927,0.9434927
2572,0.3325326,0.3325326
2573,-9.506429,9.506429
2574,-22.24583,22.24583
2575,3.304445,3.304445
2576,10.82278,10.82278
2577,0.002230113,0.002230113
2578,0.292919,0.292919
2579,-0.0158789,0.0158789
2580,-0.1154321,0.1154321
2581,-0.784157,0.784157
2582,-1.361466,1.361466
2583,-0.1764486,0.1764486
2584,0.5963313,0.5963313
2585,-0.4406555,0.4406555
2586,0.01352468,0.01352468
2587,-0.1337742,0.1337742
2588,0.5640311,0.5640311
2589,-1.849619,1.849619
2590,-0.2530507,0.2530507
2591,0.9552195,0.9552195
2592,0.2428477,0.2428477
2593,-5.264629,5.264629
2594,-1.148905,1.148905
2595,-1.185034,1.185034
2596,-0.6368481,0.6368481
2597,-1.541581,1.541581
2598,0.0005880412,0.0005880412
2599,3.56892,3.56892
2600,2.993763,2.993763
2601,-3.193962,3.193962
2602,1.773233,1.773233
2603,1.651998,1.651998
2604,2.777827,2.777827
2605,-0.09086712,0.09086712
2606,0.4345984,0.4345984
2607,0.3705283,0.3705283
2608,-0.04205506,0.04205506
2609,0.01170532,0.01170532
2610,-0.448994,0.448994
2611,-0.1134145,0.1134145
2612,0.4010969,0.4010969
2613,-4.500847,4.500847
2614,-0.3412271,0.3412271
2615,1.309883,1.309883
2616,3.447042,3.447042
2617,0.03720551,0.03720551
2618,0.001773674,0.001773674
2619,-0.4114799,0.4114799
2620,-0.01648115,0.01648115
2621,-5.9024,5.9024
2622,0.04856756,0.04856756
2623,0.0003195645,0.0003195645
2624,-0.01357138,0.01357138
2625,-10.17643,10.17643
2626,0.1484091,0.1484091
2627,0.9880466,0.9880466
2628,0.2218218,0.2218218
2629,-0.02396297,0.02396297
2630,0.2704788,0.2704788
2631,4.723589,4.723589
2632,0.2835008,0.2835008
2633,0.00646868,0.00646868
2634,0.1427669,0.1427669
2635,-0.06127165,0.06127165
2636,0.4460306,0.4460306
2637,4.768222,4.768222
2638,3.119135,3.119135
2639,-0.5120975,0.5120975
2640,-0.1625165,0.1625165
2641,-0.2140271,0.2140271
2642,0.1806322,0.1806322
2643,-0.1587703,0.1587703
2644,-0.09712915,0.09712915
2645,0.7927808,0.7927808
2646,2.316829,2.316829
2647,-0.354166,0.354166
2648,2.857213,2.857213
2649,0.06795486,0.06795486
2650,0.7986076,0.7986076
2651,-0.07905591,0.07905591
2652,0.002247005,0.002247005
2653,-1.055327,1.055327
2654,-0.674279,0.674279
2655,0.08855212,0.08855212
2656,-0.003181931,0.003181931
2657,-0.04585429,0.04585429
2658,3.04295,3.04295
2659,4.204692,4.204692
2660,-0.1065518,0.1065518
2661,0.3936291,0.3936291
2662,-1.158163,1.158163
2663,0.7242875,0.7242875
2664,-0.7723113,0.7723113
2665,-3.739081,3.739081
2666,7.040965,7.040965
2667,8.979833,8.979833
2668,0.5192902,0.5192902
2669,0.8137473,0.8137473
2670,0.001686295,0.001686295
2671,5.448101,5.448101
2672,1.737212,1.737212
2673,-0.07368579,0.07368579
2674,12.16559,12.16559
2675,-0.04794779,0.04794779
2676,1.874565,1.874565
2677,0.2440136,0.2440136
2678,0.001900044,0.001900044
2679,0.1986038,0.1986038
2680,-0.1953622,0.1953622
2681,-3.421292,3.421292
2682,0.2751756,0.2751756
2683,0.1977249,0.1977249
2684,-0.01844649,0.01844649
2685,0.105564,0.105564
2686,5.309334,5.309334
2687,0.0583575,0.0583575
2688,3.870163,3.870163
2689,0.06326841,0.06326841
2690,-0.007246034,0.007246034
2691,0.06837693,0.06837693
2692,0.2849107,0.2849107
2693,-0.6348928,0.6348928
2694,-0.009144638,0.009144638
2695,0.7503722,0.7503722
2696,-0.01357587,0.01357587
2697,0.3404372,0.3404372
2698,-0.2417153,0.2417153
2699,0.09382048,0.09382048
2700,-0.265132,0.265132
2701,-0.1769676,0.1769676
2702,0.00198,0.00198
2703,-4.233275,4.233275
2704,0.7462479,0.7462479
2705,0.04128865,0.04128865
2706,0.001405545,0.001405545
2707,1.583909,1.583909
2708,-0.103752,0.103752
2709,-0.09748223,0.09748223
2710,-0.02796113,0.02796113
2711,-6.710536,6.710536
2712,0.1541958,0.1541958
2713,0.1813452,0.1813452
2714,-0.183342,0.183342
2715,-0.2229146,0.2229146
2716,-0.6979741,0.6979741
2717,0.7101587,0.7101587
2718,0.6043784,0.6043784
2719,-0.0007308639,0.0007308639
2720,0.7434693,0.7434693
2721,-4.130531,4.130531
2722,2.152674,2.152674
2723,-3.029503,3.029503
2724,-0.134825,0.134825
2725,4.558837,4.558837
2726,0.02673003,0.02673003
2727,-0.188353,0.188353
2728,0.2909735,0.2909735
2729,0.04209726,0.04209726
2730,-1.040263,1.040263
2731,0.7466651,0.7466651
2732,-1.486989,1.486989
2733,3.986971,3.986971
2734,0.082757,0.082757
2735,-11.80832,11.80832
2736,0.1803537,0.1803537
2737,-0.1008396,0.1008396
2738,-0.2252532,0.2252532
2739,0.01135408,0.01135408
2740,0.003316548,0.003316548
2741,11.97065,11.97065
2742,0.9403311,0.9403311
2743,-5.074966,5.074966
2744,0.02553333,0.02553333
2745,0.3257723,0.3257723
2746,-0.0003127963,0.0003127963
2747,0.3972144,0.3972144
2748,-0.006750511,0.006750511
2749,-10.52755,10.52755
2750,-16.20477,16.20477
2751,-0.3248427,0.3248427
2752,9.317302,9.317302
2753,-3.441653,3.441653
2754,0.1505029,0.1505029
2755,-0.08051465,0.08051465
2756,1.339684,1.339684
2757,0.5739537,0.5739537
2758,-0.004906192,0.004906192
2759,9.993787,9.993787
2760,0.4121788,0.4121788
2761,0.6512433,0.6512433
2762,-0.07666797,0.07666797
2763,-9.638262,9.638262
2764,0.06512512,0.06512512
2765,-0.163415,0.163415
2766,0.07939114,0.07939114
2767,-0.4439716,0.4439716
2768,0.6608499,0.6608499
2769,-0.6070844,0.6070844
2770,-0.27564,0.27564
2771,-0.2783235,0.2783235
2772,0.9522096,0.9522096
2773,-0.2242633,0.2242633
2774,2.748162,2.748162
2775,-0.5686682,0.5686682
2776,0.3142343,0.3142343
2777,0.5090719,0.5090719
2778,-0.379409,0.379409
2779,-1.726793,1.726793
2780,-1.905936,1.905936
2781,0.190929,0.190929
2782,2.904869,2.904869
2783,-1.142435,1.142435
2784,0.1277838,0.1277838
2785,0.2811633,0.2811633
2786,-0.8575636,0.8575636
2787,-0.2066184,0.2066184
2788,-0.7602945,0.7602945
2789,0.1872577,0.1872577
2790,1.939888,1.939888
2791,2.876468,2.876468
2792,-0.4965186,0.4965186
2793,0.5764704,0.5764704
2794,1.288049,1.288049
2795,-1.269545,1.269545
2796,-0.9969212,0.9969212
2797,-1.472942,1.472942
2798,11.79499,11.79499
2799,9.169276,9.169276
2800,-2.334628,2.334628
2801,-4.013302,4.013302
2802,-0.1338131,0.1338131
2803,-8.201718,8.201718
2804,0.006611253,0.006611253
2805,1.771171,1.771171
2806,8.871816,8.871816
2807,0.529548,0.529548
2808,-1.641552,1.641552
2809,-4.316144,4.316144
2810,-0.02319666,0.02319666
2811,14.17923,14.17923
2812,4.268502,4.268502
2813,14.07561,14.07561
2814,1.50729,1.50729
2815,-0.7042156,0.7042156
2816,-1.893904,1.893904
2817,0.8746107,0.8746107
2818,0.001189586,0.001189586
2819,0.6003132,0.6003132
2820,0.01012993,0.01012993
2821,-4.788613,4.788613
2822,1.105842,1.105842
2823,-4.571368,4.571368
2824,-1.214931,1.214931
2825,7.274692,7.274692
2826,-1.428055,1.428055
2827,-0.05307263,0.05307263
2828,-0.57602,0.57602
2829,-12.20055,12.20055
2830,1.462954,1.462954
2831,-8.398414,8.398414
2832,0.5318184,0.5318184
2833,0.277974,0.277974
2834,0.5738527,0.5738527
2835,-1.905731,1.905731
2836,0.7030927,0.7030927
2837,-9.065337,9.065337
2838,-0.001885134,0.001885134
2839,0.03430794,0.03430794
2840,2.730746,2.730746
2841,0.01811809,0.01811809
2842,-0.8222122,0.8222122
2843,0.2450026,0.2450026
2844,-1.058188,1.058188
2845,-11.76536,11.76536
2846,-0.4600661,0.4600661
2847,-14.01454,14.01454
2848,6.468909,6.468909
2849,0.07906236,0.07906236
2850,-0.2277797,0.2277797
2851,0.8234221,0.8234221
2852,-10.26275,10.26275
2853,-2.034648,2.034648
2854,-4.001127,4.001127
2855,-0.2822196,0.2822196
2856,2.448653,2.448653
2857,-0.04058803,0.04058803
2858,-0.4687359,0.4687359
2859,0.5250096,0.5250096
2860,-2.50034,2.50034
2861,-0.01625653,0.01625653
2862,-0.0186248,0.0186248
2863,-0.2987264,0.2987264
2864,1.843891,1.843891
2865,13.34065,13.34065
2866,-0.5703425,0.5703425
2867,-0.3598,0.3598
2868,-0.1904968,0.1904968
2869,-5.671024,5.671024
2870,2.354994,2.354994
2871,-14.87447,14.87447
2872,-0.09217537,0.09217537
2873,0.715976,0.715976
2874,-0.04507952,0.04507952
2875,0.002158704,0.002158704
2876,-6.512992,6.512992
2877,-0.6451471,0.6451471
2878,-1.039227,1.039227
2879,-4.173411,4.173411
2880,-0.2580079,0.2580079
2881,-14.24413,14.24413
2882,3.027131,3.027131
2883,0.2753995,0.2753995
2884,0.4618247,0.4618247
2885,0.1640142,0.1640142
2886,14.13021,14.13021
2887,2.265437,2.265437
2888,11.16849,11.16849
2889,-0.7745545,0.7745545
2890,0.03935111,0.03935111
2891,0.03876481,0.03876481
2892,0.2347579,0.2347579
2893,-0.1686721,0.1686721
2894,-0.8267093,0.8267093
2895,-0.06741457,0.06741457
2896,-0.01765482,0.01765482
2897,-0.3993214,0.3993214
2898,-0.601827,0.601827
2899,-0.7862879,0.7862879
2900,-0.3144809,0.3144809
2901,3.174567,3.174567
2902,-0.007334848,0.007334848
2903,-3.996644,3.996644
2904,0.2457442,0.2457442
2905,-0.8327774,0.8327774
2906,-5.469978,5.469978
2907,-2.108057,2.108057
2908,-6.298433,6.298433
2909,0.02712157,0.02712157
2910,1.563939,1.563939
2911,-18.14737,18.14737
2912,-5.578792,5.578792
2913,-5.354062,5.354062
2914,7.664348,7.664348
2915,9.180199,9.180199
2916,0.1992111,0.1992111
2917,6.517131,6.517131
2918,3.352148,3.352148
2919,0.3241776,0.3241776
2920,-1.06606e-06,1.06606e-06
2921,-12.76504,12.76504
2922,16.74207,16.74207
2923,4.551628,4.551628
2924,0.04592801,0.04592801
2925,3.569399,3.569399
2926,0.5153652,0.5153652
2927,1.063117,1.063117
2928,21.65298,21.65298
2929,-0.91628,0.91628
2930,0.5733289,0.5733289
2931,-1.003661,1.003661
2932,0.2583841,0.2583841
2933,0.9168468,0.9168468
2934,0.6588013,0.6588013
2935,0.4215553,0.4215553
2936,0.6254939,0.6254939
2937,-28.09261,28.09261
2938,0.3481402,0.3481402
2939,1.242595,1.242595
2940,1.334683,1.334683
2941,3.257266,3.257266
2942,10.01337,10.01337
2943,16.23816,16.23816
2944,4.501172,4.501172
2945,0.3211605,0.3211605
2946,0.0881864,0.0881864
2947,0.1078725,0.1078725
2948,-0.02260871,0.02260871
2949,-3.028898,3.028898
2950,-7.806044,7.806044
2951,1.87746,1.87746
2952,1.22315,1.22315
2953,1.057344,1.057344
2954,-0.9493289,0.9493289
2955,-0.00197677,0.00197677
2956,0.006011792,0.006011792
2957,-1.43509,1.43509
2958,0.02515365,0.02515365
2959,0.004567547,0.004567547
2960,0.1344501,0.1344501
2961,-2.017432,2.017432
2962,-2.080969,2.080969
2963,1.344257,1.344257
2964,-2.208852,2.208852
2965,3.837335,3.837335
2966,1.051947,1.051947
2967,-1.344934,1.344934
2968,-1.013094,1.013094
2969,5.653498,5.653498
2970,-0.5264127,0.5264127
2971,-0.0534163,0.0534163
2972,-0.3637957,0.3637957
2973,-0.5821844,0.5821844
2974,-0.02851812,0.02851812
2975,0.09104045,0.09104045
2976,2.586668,2.586668
2977,5.466567,5.466567
2978,-3.070303,3.070303
2979,-0.5229889,0.5229889
2980,0.3511706,0.3511706
2981,-0.9191822,0.9191822
2982,-0.804612,0.804612
2983,3.326396,3.326396
2984,-0.0307825,0.0307825
2985,0.1247739,0.1247739
2986,-4.86114,4.86114
2987,2.457164,2.457164
2988,0.0647537,0.0647537
2989,-3.601485,3.601485
2990,-2.725367,2.725367
2991,0.003652511,0.003652511
2992,-0.693218,0.693218
2993,54.93271,54.93271
2994,0.9447079,0.9447079
2995,-0.1205107,0.1205107
2996,0.2327656,0.2327656
2997,-12.60613,12.60613
2998,-14.6188,14.6188
2999,49.69936,49.69936
3000,17.47223,17.47223
3001,-3.045556,3.045556
3002,0.0668923,0.0668923
3003,-0.01504938,0.01504938
3004,-0.07046811,0.07046811
3005,-7.654108,7.654108
3006,-2.599695,2.599695
3007,0.01854999,0.01854999
3008,3.949518,3.949518
3009,-2.045618,2.045618
3010,0.565635,0.565635
3011,-0.8887049,0.8887049
3012,0.1132427,0.1132427
3013,-4.328272,4.328272
3014,-1.439444,1.439444
3015,4.006134,4.006134
3016,3.74119,3.74119
3017,-0.3221404,0.3221404
3018,0.4956005,0.4956005
3019,-0.03877032,0.03877032
3020,0.5487009,0.5487009
3021,-3.029463,3.029463
3022,-3.540794,3.540794
3023,0.193906,0.193906
3024,2.348735,2.348735
3025,0.4100888,0.4100888
3026,-0.001031734,0.001031734
3027,-5.679341,5.679341
3028,-0.1052396,0.1052396
3029,-0.7755689,0.7755689
3030,-2.976098,2.976098
3031,-0.7189052,0.7189052
3032,0.3943895,0.3943895
3033,0.4840383,0.4840383
3034,-1.566496,1.566496
3035,-0.386576,0.386576
3036,-0.1041106,0.1041106
3037,-12.5411,12.5411
3038,-1.042265,1.042265
3039,-0.05890134,0.05890134
3040,4.028519,4.028519
3041,-0.726406,0.726406
3042,-2.52093,2.52093
3043,0.0004975892,0.0004975892
3044,-3.404991,3.404991
3045,0.08047331,0.08047331
3046,2.24655,2.24655
3047,-0.4418652,0.4418652
3048,3.319384,3.319384
3049,-4.579679,4.579679
3050,2.23044,2.23044
3051,-0.0024229,0.0024229
3052,0.4634413,0.4634413
3053,-0.8726184,0.8726184
3054,9.136544,9.136544
3055,11.48356,11.48356
3056,-0.6422058,0.6422058
3057,-1.104728,1.104728
3058,1.361053,1.361053
3059,0.2004263,0.2004263
3060,-0.02780266,0.02780266
3061,-1.565251,1.565251
3062,1.285459,1.285459
3063,1.518391,1.518391
3064,-0.5298061,0.5298061
3065,-13.54299,13.54299
3066,0.2991282,0.2991282
3067,-0.6169428,0.6169428
3068,0.6144675,0.6144675
3069,-0.1898722,0.1898722
3070,-4.064501,4.064501
3071,0.1133797,0.1133797
3072,10.90952,10.90952
3073,-0.2815382,0.2815382
3074,-0.16901,0.16901
3075,-0.4008598,0.4008598
3076,2.211229,2.211229
3077,-0.0005666491,0.0005666491
3078,-0.5872207,0.5872207
3079,39.319,39.319
3080,0.04476556,0.04476556
3081,0.5394911,0.5394911
3082,0.5264825,0.5264825
3083,0.004182716,0.004182716
3084,0.3394719,0.3394719
3085,-0.0258547,0.0258547
3086,-0.1784454,0.1784454
3087,0.04426939,0.04426939
3088,0.07379034,0.07379034
3089,-2.580435,2.580435
3090,-0.4027139,0.4027139
3091,0.534229,0.534229
3092,0.01654794,0.01654794
3093,0.002168882,0.002168882
3094,0.05984784,0.05984784
3095,-4.918839,4.918839
3096,-0.01441616,0.01441616
3097,-0.05698125,0.05698125
3098,0.3184858,0.3184858
3099,-0.09736267,0.09736267
3100,-0.1078188,0.1078188
3101,-0.003409093,0.003409093
3102,0.1005678,0.1005678
3103,-0.7413693,0.7413693
3104,-0.001099504,0.001099504
3105,0.9923626,0.9923626
3106,3.167869,3.167869
3107,-10.96129,10.96129
3108,-3.43308,3.43308
3109,-1.80523,1.80523
3110,-1.647756,1.647756
3111,-5.060512,5.060512
3112,5.401098,5.401098
3113,2.384616,2.384616
3114,10.53313,10.53313
3115,4.263307,4.263307
3116,0.8427382,0.8427382
3117,-0.1473223,0.1473223
3118,3.785805,3.785805
3119,-0.1593849,0.1593849
3120,-6.156726,6.156726
3121,2.101165,2.101165
3122,3.695062,3.695062
3123,3.874874,3.874874
3124,20.74519,20.74519
3125,4.925367,4.925367
3126,1.01274,1.01274
3127,33.91934,33.91934
3128,-45.55265,45.55265
3129,-2.232109,2.232109
3130,-1.496324,1.496324
3131,1.421864,1.421864
3132,1.169214,1.169214
3133,-4.989737,4.989737
3134,-15.6955,15.6955
3135,10.24608,10.24608
3136,-1.122459,1.122459
3137,6.974977,6.974977
3138,4.783339,4.783339
3139,6.783121,6.783121
3140,0.008345075,0.008345075
3141,-1.772669,1.772669
3142,-7.939675,7.939675
3143,0.1048225,0.1048225
3144,-0.1963883,0.1963883
3145,0.4531409,0.4531409
3146,0.01289834,0.01289834
3147,0.7085645,0.7085645
3148,0.7341394,0.7341394
3149,-0.4349699,0.4349699
3150,-1.270935,1.270935
3151,0.02043108,0.02043108
3152,0.3148126,0.3148126
3153,1.38396,1.38396
3154,-0.002381911,0.002381911
3155,2.371916,2.371916
3156,2.899096e-06,2.899096e-06
3157,-2.806461,2.806461
3158,-0.1450308,0.1450308
3159,0.9251792,0.9251792
3160,0.04041921,0.04041921
3161,0.1212966,0.1212966
3162,-0.02319389,0.02319389
3163,0.5505999,0.5505999
3164,-0.2694525,0.2694525
3165,0.1399668,0.1399668
3166,-0.345312,0.345312
3167,1.856185,1.856185
3168,-0.4995518,0.4995518
3169,1.523689,1.523689
3170,-0.06568132,0.06568132
3171,1.558546,1.558546
3172,-0.0007220841,0.0007220841
3173,0.5572925,0.5572925
3174,1.063476,1.063476
3175,6.167118,6.167118
3176,-0.9437251,0.9437251
3177,-0.5694916,0.5694916
3178,0.05557228,0.05557228
3179,-0.0227936,0.0227936
3180,0.2857412,0.2857412
3181,-0.9158923,0.9158923
3182,8.61035,8.61035
3183,17.84433,17.84433
3184,-1.101302,1.101302
3185,-5.643964,5.643964
3186,0.02482128,0.02482128
3187,2.087285,2.087285
3188,1.148617,1.148617
3189,1.15717,1.15717
3190,0.5140738,0.5140738
3191,-10.24068,10.24068
3192,0.005562056,0.005562056
3193,12.9689,12.9689
3194,0.2857969,0.2857969
3195,-0.001531778,0.001531778
3196,-0.2781101,0.2781101
3197,2.797784,2.797784
3198,-0.005770614,0.005770614
3199,1.349899,1.349899
3200,-2.028855,2.028855
3201,3.233153,3.233153
3202,0.03642246,0.03642246
3203,-0.3711858,0.3711858
3204,0.6157691,0.6157691
3205,-0.4040546,0.4040546
3206,0.5837635,0.5837635
3207,0.3465571,0.3465571
3208,-5.7528,5.7528
3209,0.01058309,0.01058309
3210,0.003934053,0.003934053
3211,-2.364347,2.364347
3212,-2.307076,2.307076
3213,-6.199958,6.199958
3214,-0.3553211,0.3553211
3215,-0.1103788,0.1103788
3216,2.820358,2.820358
3217,-0.008069202,0.008069202
3218,-0.05309268,0.05309268
3219,0.2193018,0.2193018
3220,-0.9159973,0.9159973
3221,-2.653703,2.653703
3222,0.4496935,0.4496935
3223,4.563282,4.563282
3224,0.004972818,0.004972818
3225,-0.05959559,0.05959559
3226,-1.570327,1.570327
3227,-2.195041,2.195041
3228,1.136375,1.136375
3229,-0.4959939,0.4959939
3230,3.800982,3.800982
3231,0.3552002,0.3552002
3232,-0.007370975,0.007370975
3233,-5.002598,5.002598
3234,-8.094642,8.094642
3235,-1.066242,1.066242
3236,-2.18924,2.18924
3237,-3.301919,3.301919
3238,-0.8473945,0.8473945
3239,7.489961,7.489961
3240,1.252994,1.252994
3241,-1.683948,1.683948
3242,0.1473964,0.1473964
3243,0.6276359,0.6276359
3244,-0.1443682,0.1443682
3245,-17.52952,17.52952
3246,0.4046047,0.4046047
3247,18.29031,18.29031
3248,-0.09476523,0.09476523
3249,2.63374,2.63374
3250,-0.07363414,0.07363414
3251,-1.612655,1.612655
3252,-0.5870262,0.5870262
3253,-0.2478615,0.2478615
3254,8.044321,8.044321
3255,0.7962846,0.7962846
3256,-1.95795,1.95795
3257,10.82823,10.82823
3258,-0.3653467,0.3653467
3259,-0.833681,0.833681
3260,0.0001133267,0.0001133267
3261,-4.337557,4.337557
3262,-2.926352,2.926352
3263,13.50237,13.50237
3264,-3.513878,3.513878
3265,6.771026,6.771026
3266,0.04723244,0.04723244
3267,-0.2126695,0.2126695
3268,0.4130655,0.4130655
3269,5.341952,5.341952
3270,-0.04279415,0.04279415
3271,4.371123,4.371123
3272,-5.116585,5.116585
3273,0.05273519,0.05273519
3274,0.0572263,0.0572263
3275,0.8772843,0.8772843
3276,2.46698,2.46698
3277,-2.421757,2.421757
3278,2.096659,2.096659
3279,1.275345,1.275345
3280,-0.114161,0.114161
3281,2.160644,2.160644
3282,-0.01138523,0.01138523
3283,0.05791935,0.05791935
3284,-0.05105581,0.05105581
3285,1.677286,1.677286
3286,1.102434,1.102434
3287,0.2462542,0.2462542
3288,-0.09155188,0.09155188
3289,0.1775669,0.1775669
3290,0.1199499,0.1199499
3291,-0.3240742,0.3240742
3292,1.34444,1.34444
3293,0.02412514,0.02412514
3294,0.3010718,0.3010718
3295,0.05829874,0.05829874
3296,-1.272081,1.272081
3297,3.362727,3.362727
3298,-0.7131912,0.7131912
3299,-0.5952554,0.5952554
3300,0.8176259,0.8176259
3301,6.283722,6.283722
3302,-12.1194,12.1194
3303,-0.8533683,0.8533683
3304,-7.363489,7.363489
3305,0.8551202,0.8551202
3306,-0.0468023,0.0468023
3307,0.2288219,0.2288219
3308,0.1075918,0.1075918
3309,-0.1906878,0.1906878
3310,0.08949203,0.08949203
3311,1.423067,1.423067
3312,-0.2712161,0.2712161
3313,2.460894,2.460894
3314,1.30528,1.30528
3315,-0.001082182,0.001082182
3316,1.209493,1.209493
3317,0.32973,0.32973
3318,6.522491,6.522491
3319,0.4180337,0.4180337
3320,-1.337249,1.337249
3321,19.33903,19.33903
3322,-2.00117,2.00117
3323,-0.003947528,0.003947528
3324,0.0007993685,0.0007993685
3325,-0.4391438,0.4391438
3326,0.5480852,0.5480852
3327,1.188601,1.188601
3328,-1.824519,1.824519
3329,19.09823,19.09823
3330,-1.559048,1.559048
3331,-2.144116,2.144116
3332,1.265283,1.265283
3333,-9.820984,9.820984
3334,-10.68419,10.68419
3335,17.70315,17.70315
3336,-0.03778731,0.03778731
3337,-0.3049581,0.3049581
3338,-0.001256012,0.001256012
3339,3.352445,3.352445
3340,0.1704003,0.1704003
3341,-13.74015,13.74015
3342,2.623972,2.623972
3343,-1.090542,1.090542
3344,-0.2165558,0.2165558
3345,0.01752779,0.01752779
3346,2.411001,2.411001
3347,5.088761,5.088761
3348,1.701216,1.701216
3349,-2.018937,2.018937
3350,7.148967,7.148967
3351,1.728316,1.728316
3352,-7.891212,7.891212
3353,0.5621712,0.5621712
3354,2.555931,2.555931
3355,0.7388636,0.7388636
3356,2.232554,2.232554
3357,-0.001135115,0.001135115
3358,3.494398,3.494398
3359,0.6894088,0.6894088
3360,-3.157609,3.157609
3361,-4.037604,4.037604
3362,0.3118065,0.3118065
3363,-0.8932465,0.8932465
3364,1.124136,1.124136
3365,4.381164,4.381164
3366,9.277306,9.277306
3367,-0.08108353,0.08108353
3368,-1.403069,1.403069
3369,6.954222,6.954222
3370,10.27734,10.27734
3371,9.56837,9.56837
3372,11.90985,11.90985
3373,0.0005915907,0.0005915907
3374,0.7662774,0.7662774
3375,13.14348,13.14348
3376,-10.66367,10.66367
3377,-0.4848536,0.4848536
3378,0.03155538,0.03155538
3379,6.426291,6.426291
3380,5.653244,5.653244
3381,9.534277,9.534277
3382,20.43818,20.43818
3383,-2.686712,2.686712
3384,-17.13914,17.13914
3385,12.99678,12.99678
3386,-1.655616,1.655616
3387,-0.1020652,0.1020652
3388,0.6258246,0.6258246
3389,-2.452674,2.452674
3390,-4.780878,4.780878
3391,19.33986,19.33986
3392,1.170764,1.170764
3393,6.505186,6.505186
3394,-0.3282911,0.3282911
3395,-0.9191172,0.9191172
3396,0.00607584,0.00607584
3397,-0.5460277,0.5460277
3398,-4.686,4.686
3399,-2.287899,2.287899
3400,0.479829,0.479829
3401,0.1808559,0.1808559
3402,-0.009391651,0.009391651
3403,-0.0017208,0.0017208
3404,-0.06066836,0.06066836
3405,-0.007055264,0.007055264
3406,-0.02421068,0.02421068
3407,-0.07808916,0.07808916
3408,0.1956827,0.1956827
3409,-0.3971405,0.3971405
3410,2.744211,2.744211
3411,1.432158,1.432158
3412,3.498219,3.498219
3413,-0.2179752,0.2179752
3414,0.04368168,0.04368168
3415,1.211521,1.211521
3416,-0.1051388,0.1051388
3417,0.09685015,0.09685015
3418,26.15968,26.15968
3419,0.0009344051,0.0009344051
3420,11.70809,11.70809
3421,-0.2638511,0.2638511
3422,-0.7401997,0.7401997
3423,4.665005,4.665005
3424,13.00507,13.00507
3425,-6.195323,6.195323
3426,7.190348,7.190348
3427,16.02547,16.02547
3428,13.38321,13.38321
3429,6.597269,6.597269
3430,0.00231868,0.00231868
3431,0.1469177,0.1469177
3432,-1.384608,1.384608
3433,0.1975064,0.1975064
3434,24.26464,24.26464
3435,5.522107,5.522107
3436,8.601302,8.601302
3437,-3.959266,3.959266
3438,-0.0005304044,0.0005304044
3439,-1.485011,1.485011
3440,-0.004865775,0.004865775
3441,-4.10987,4.10987
3442,-0.02572101,0.02572101
3443,0.03817173,0.03817173
3444,0.4540823,0.4540823
3445,-6.750448,6.750448
3446,-7.343115,7.343115
3447,-0.6639935,0.6639935
3448,6.734989,6.734989
3449,-9.618025,9.618025
3450,-0.5584748,0.5584748
3451,-1.073963,1.073963
3452,-0.0241091,0.0241091
3453,-6.331033,6.331033
3454,-8.291697,8.291697
3455,-1.072798,1.072798
3456,23.51721,23.51721
3457,-0.6019983,0.6019983
3458,0.07225458,0.07225458
3459,-3.35225,3.35225
3460,0.07886674,0.07886674
3461,-4.54625,4.54625
3462,-8.714544,8.714544
3463,8.96865,8.96865
3464,12.7973,12.7973
3465,1.160627,1.160627
3466,-1.020674,1.020674
3467,-0.03685594,0.03685594
3468,0.6812853,0.6812853
3469,-0.3432099,0.3432099
3470,-2.561334,2.561334
3471,4.768524,4.768524
3472,1.05209,1.05209
3473,20.32294,20.32294
3474,7.305185,7.305185
3475,15.4617,15.4617
3476,1.830355,1.830355
3477,-4.539237,4.539237
3478,-5.577873,5.577873
3479,7.484096,7.484096
3480,1.880872,1.880872
3481,0.7535983,0.7535983
3482,-0.05359711,0.05359711
3483,-0.5303011,0.5303011
3484,-0.2606994,0.2606994
3485,-0.7141532,0.7141532
3486,2.05643,2.05643
3487,4.925593,4.925593
3488,0.0731631,0.0731631
3489,41.77928,41.77928
3490,2.629702,2.629702
3491,-1.410154,1.410154
3492,-0.1581281,0.1581281
3493,7.776376,7.776376
3494,-0.01549845,0.01549845
3495,25.42891,25.42891
3496,-0.02427992,0.02427992
3497,28.88306,28.88306
3498,0.03845463,0.03845463
3499,0.2586044,0.2586044
3500,6.307423,6.307423
3501,-3.74553,3.74553
3502,-0.07150204,0.07150204
3503,24.40299,24.40299
3504,-2.233268,2.233268
3505,-0.205508,0.205508
3506,0.04949947,0.04949947
3507,-2.727714,2.727714
3508,0.04506895,0.04506895
3509,-6.875196,6.875196
3510,-0.2930554,0.2930554
3511,27.93061,27.93061
3512,1.853728,1.853728
3513,0.1429117,0.1429117
3514,-0.6714006,0.6714006
3515,-3.322859,3.322859
3516,0.02165383,0.02165383
3517,-2.57601,2.57601
3518,-1.506949,1.506949
3519,47.28386,47.28386
3520,2.40911,2.40911
3521,8.787898,8.787898
3522,-0.1186305,0.1186305
3523,0.7134376,0.7134376
3524,0.9060743,0.9060743
3525,-1.426968,1.426968
3526,-0.4987486,0.4987486
3527,25.31986,25.31986
3528,-2.259204,2.259204
3529,1.240473,1.240473
3530,0.2874751,0.2874751
3531,-0.001048378,0.001048378
3532,0.04742036,0.04742036
3533,-2.281847,2.281847
3534,2.109276,2.109276
3535,6.117588,6.117588
3536,0.0001724535,0.0001724535
3537,1.314792,1.314792
3538,0.4499065,0.4499065
3539,0.3084113,0.3084113
3540,5.512822,5.512822
3541,5.137596,5.137596
3542,-0.1754143,0.1754143
3543,2.786097,2.786097
3544,-1.329988,1.329988
3545,-0.8058661,0.8058661
3546,0.00817913,0.00817913
3547,-3.861633,3.861633
3548,0.3874217,0.3874217
3549,3.212446,3.212446
3550,2.492224e-05,2.492224e-05
3551,-0.0388795,0.0388795
3552,-0.006626004,0.006626004
3553,5.24144,5.24144
3554,2.407648,2.407648
3555,2.167982,2.167982
3556,0.3504932,0.3504932
3557,0.6953145,0.6953145
3558,1.837365,1.837365
3559,18.63819,18.63819
3560,-1.808312,1.808312
3561,18.01476,18.01476
3562,2.747573,2.747573
3563,11.20136,11.20136
3564,1.691752,1.691752
3565,6.608448,6.608448
3566,-6.577683,6.577683
3567,0.3743194,0.3743194
3568,-11.87066,11.87066
3569,-0.00625597,0.00625597
3570,-0.1357566,0.1357566
3571,1.132031,1.132031
3572,0.8848594,0.8848594
3573,0.9350853,0.9350853
3574,0.2079965,0.2079965
3575,4.906996,4.906996
3576,-1.188593,1.188593
3577,14.08733,14.08733
3578,-0.3581809,0.3581809
3579,-3.829527,3.829527
3580,-0.7119322,0.7119322
3581,-1.350303,1.350303
3582,-21.00361,21.00361
3583,12.83254,12.83254
3584,21.9897,21.9897
3585,1.964183,1.964183
3586,0.3232538,0.3232538
3587,2.101509,2.101509
3588,0.2012638,0.2012638
3589,4.4039,4.4039
3590,2.598555,2.598555
3591,-8.15449,8.15449
3592,-4.499523,4.499523
3593,-0.2926065,0.2926065
3594,-1.723555,1.723555
3595,4.070531,4.070531
3596,-0.3721407,0.3721407
3597,1.211306,1.211306
3598,0.1301105,0.1301105
3599,-0.07956918,0.07956918
3600,-0.01764156,0.01764156
3601,-0.130156,0.130156
3602,0.5444076,0.5444076
3603,0.2873272,0.2873272
3604,4.830088,4.830088
3605,3.27467,3.27467
3606,-0.1618823,0.1618823
3607,1.832396,1.832396
3608,-0.6436185,0.6436185
3609,-0.03472828,0.03472828
3610,-0.2560596,0.2560596
3611,0.4268023,0.4268023
3612,1.267184,1.267184
3613,5.967155,5.967155
3614,-0.1658368,0.1658368
3615,0.03494375,0.03494375
3616,-0.3055537,0.3055537
3617,0.7748523,0.7748523
3618,6.081958,6.081958
3619,1.858841,1.858841
3620,1.963415,1.963415
3621,9.553697,9.553697
3622,0.2380375,0.2380375
3623,0.5020871,0.5020871
3624,-5.726015,5.726015
3625,19.60595,19.60595
3626,0.8025476,0.8025476
3627,4.923319,4.923319
3628,1.630819,1.630819
3629,0.7402754,0.7402754
3630,-5.192028,5.192028
3631,4.981799,4.981799
3632,-2.652311,2.652311
3633,-18.08976,18.08976
3634,0.4983912,0.4983912
3635,4.91544,4.91544
3636,5.765506,5.765506
3637,29.60971,29.60971
3638,33.47464,33.47464
3639,-3.458131,3.458131
3640,-26.06648,26.06648
3641,-7.358806,7.358806
3642,-0.3391005,0.3391005
3643,0.9098869,0.9098869
3644,2.216068,2.216068
3645,27.77397,27.77397
3646,6.57798,6.57798
3647,-8.908813e-05,8.908813e-05
3648,-16.85688,16.85688
3649,5.310899,5.310899
3650,0.984328,0.984328
3651,-0.1294041,0.1294041
3652,3.877927,3.877927
3653,-1.839376,1.839376
3654,-8.25839,8.25839
3655,5.035473,5.035473
3656,2.116886,2.116886
3657,-1.061112,1.061112
3658,-1.071681,1.071681
3659,1.631408,1.631408
3660,-0.2332922,0.2332922
3661,4.190458,4.190458
3662,5.202727,5.202727
3663,0.376573,0.376573
3664,-1.316053,1.316053
3665,-0.0002805913,0.0002805913
3666,-0.03282999,0.03282999
3667,0.1791137,0.1791137
3668,2.883893,2.883893
3669,2.158818,2.158818
3670,-7.178504,7.178504
3671,6.568939,6.568939
3672,-0.2631759,0.2631759
3673,5.202091,5.202091
3674,0.2576744,0.2576744
3675,0.4902506,0.4902506
3676,-0.180262,0.180262
3677,-11.53052,11.53052
3678,-3.537586,3.537586
3679,1.87574,1.87574
3680,0.4934893,0.4934893
3681,-0.5798855,0.5798855
3682,1.463288,1.463288
3683,1.329021,1.329021
3684,0.3697126,0.3697126
3685,-0.06642646,0.06642646
3686,-34.1927,34.1927
3687,32.71636,32.71636
3688,0.6704194,0.6704194
3689,0.1237276,0.1237276
3690,1.387903,1.387903
3691,0.1964467,0.1964467
3692,0.04731989,0.04731989
3693,-40.49313,40.49313
3694,17.21176,17.21176
3695,34.9999,34.9999
3696,13.37281,13.37281
3697,-4.829879,4.829879
3698,0.1849796,0.1849796
3699,0.599398,0.599398
3700,3.302325,3.302325
3701,4.827976,4.827976
3702,0.2742687,0.2742687
3703,30.31315,30.31315
3704,-10.5147,10.5147
3705,2.840213,2.840213
3706,0.0228553,0.0228553
3707,-4.060063,4.060063
3708,-0.3762291,0.3762291
3709,-4.544163,4.544163
3710,-17.90218,17.90218
3711,18.02282,18.02282
3712,26.64398,26.64398
3713,17.10872,17.10872
3714,3.811863,3.811863
3715,0.394134,0.394134
3716,4.730938,4.730938
3717,1.517685,1.517685
3718,4.283774,4.283774
3719,1.254352,1.254352
3720,-10.21371,10.21371
3721,0.09551722,0.09551722
3722,0.8286288,0.8286288
3723,0.3766075,0.3766075
3724,3.286593,3.286593
3725,0.2444512,0.2444512
3726,-2.020603,2.020603
3727,0.03373841,0.03373841
3728,-0.8135458,0.8135458
3729,0.001320781,0.001320781
3730,0.06832082,0.06832082
3731,0.4948244,0.4948244
3732,0.04857431,0.04857431
3733,2.192146,2.192146
3734,0.08586328,0.08586328
3735,0.8193517,0.8193517
3736,-0.1421533,0.1421533
3737,-0.3865003,0.3865003
3738,0.004106884,0.004106884
3739,-0.5699351,0.5699351
3740,0.6848504,0.6848504
3741,2.204888,2.204888
3742,6.107978,6.107978
3743,0.04118161,0.04118161
3744,0.1254505,0.1254505
3745,-0.1079033,0.1079033
3746,0.567684,0.567684
3747,-0.03218912,0.03218912
3748,6.420033,6.420033
3749,21.00783,21.00783
3750,-1.300133,1.300133
3751,-0.6095148,0.6095148
3752,-1.075003,1.075003
3753,-3.926969,3.926969
3754,0.2767315,0.2767315
3755,6.112945,6.112945
3756,1.156263,1.156263
3757,-6.667785,6.667785
3758,4.045473,4.045473
3759,-8.443272,8.443272
3760,-2.726807,2.726807
3761,-5.815154,5.815154
3762,0.02712354,0.02712354
3763,4.820508,4.820508
3764,0.003943695,0.003943695
3765,0.4505382,0.4505382
3766,-4.522409,4.522409
3767,-4.756822,4.756822
3768,-3.757478,3.757478
3769,9.044788,9.044788
3770,-0.02985485,0.02985485
3771,-2.065096,2.065096
3772,-0.03502903,0.03502903
3773,-0.01020633,0.01020633
3774,-1.199599,1.199599
3775,0.07107125,0.07107125
3776,0.004874363,0.004874363
3777,9.745689,9.745689
3778,0.6456768,0.6456768
3779,0.2974033,0.2974033
3780,7.846195,7.846195
3781,7.882035,7.882035
3782,1.420474,1.420474
3783,6.475194,6.475194
3784,-14.6061,14.6061
3785,0.8023602,0.8023602
3786,1.854993,1.854993
3787,-0.6987715,0.6987715
3788,0.2625122,0.2625122
3789,0.8526346,0.8526346
3790,0.7623686,0.7623686
3791,-0.05727249,0.05727249
3792,0.2670573,0.2670573
3793,0.02610382,0.02610382
3794,-0.2226753,0.2226753
3795,-0.2100558,0.2100558
3796,-2.902848,2.902848
3797,-6.096226,6.096226
3798,-1.890438,1.890438
3799,-1.793319,1.793319
3800,4.079764,4.079764
3801,-0.07067478,0.07067478
3802,-0.01538385,0.01538385
3803,0.01674914,0.01674914
3804,0.9444204,0.9444204
3805,-0.5801248,0.5801248
3806,-1.502847,1.502847
3807,-0.1207713,0.1207713
3808,2.132676,2.132676
3809,-1.140341,1.140341
3810,0.8522481,0.8522481
3811,11.70329,11.70329
3812,4.815102,4.815102
3813,7.3416,7.3416
3814,2.058444,2.058444
3815,1.674229,1.674229
3816,-2.739776,2.739776
3817,3.201247,3.201247
3818,-0.4898699,0.4898699
3819,4.009674,4.009674
3820,6.04385,6.04385
3821,0.1952346,0.1952346
3822,8.299806,8.299806
3823,1.61209,1.61209
3824,-3.303413,3.303413
3825,0.06443422,0.06443422
3826,-0.3017584,0.3017584
3827,1.383703,1.383703
3828,0.1277382,0.1277382
3829,8.1369,8.1369
3830,1.223005,1.223005
3831,1.816726,1.816726
3832,-4.017267,4.017267
3833,-0.4719722,0.4719722
3834,0.1019283,0.1019283
3835,1.268267,1.268267
3836,1.733277,1.733277
3837,0.05757273,0.05757273
3838,4.804366,4.804366
3839,9.799136,9.799136
3840,-8.353854,8.353854
3841,0.3105382,0.3105382
3842,0.091484,0.091484
3843,-1.483184,1.483184
3844,1.057286,1.057286
3845,-0.1509856,0.1509856
3846,-1.122738,1.122738
3847,-2.302584,2.302584
3848,0.6671963,0.6671963
3849,-0.007047008,0.007047008
3850,0.2642312,0.2642312
3851,-1.103407,1.103407
3852,0.07160599,0.07160599
3853,0.003918999,0.003918999
3854,-1.272633,1.272633
3855,-0.10668,0.10668
3856,0.9169257,0.9169257
3857,-0.2574856,0.2574856
3858,0.0005041889,0.0005041889
3859,-1.663638,1.663638
3860,0.2137185,0.2137185
3861,-3.168551,3.168551
3862,0.0017953,0.0017953
3863,0.2447273,0.2447273
3864,0.3304007,0.3304007
3865,0.394965,0.394965
3866,2.821483,2.821483
3867,-3.920038,3.920038
3868,0.03969984,0.03969984
3869,-1.024396,1.024396
3870,-0.8955556,0.8955556
3871,-0.02027411,0.02027411
3872,2.099793,2.099793
3873,-0.7042972,0.7042972
3874,-0.01598192,0.01598192
3875,-3.86799,3.86799
3876,0.001638709,0.001638709
3877,-7.541236,7.541236
3878,-10.04081,10.04081
3879,1.873857,1.873857
3880,5.625807,5.625807
3881,-1.107294,1.107294
3882,7.795739,7.795739
3883,-1.747917,1.747917
3884,0.5830567,0.5830567
3885,0.00387686,0.00387686
3886,7.994453e-05,7.994453e-05
3887,-6.733959,6.733959
3888,1.523855,1.523855
3889,-3.764841,3.764841
3890,-0.4006137,0.4006137
3891,-2.323944,2.323944
3892,0.34277,0.34277
3893,0.7873783,0.7873783
3894,-9.542113,9.542113
3895,-6.325684,6.325684
3896,8.878389,8.878389
3897,0.01223306,0.01223306
3898,-0.5712439,0.5712439
3899,-5.079355,5.079355
3900,-0.230026,0.230026
3901,-1.847273,1.847273
3902,-13.10181,13.10181
3903,1.163667,1.163667
3904,16.89374,16.89374
3905,6.914137,6.914137
3906,-1.509578,1.509578
3907,-2.746979,2.746979
3908,-0.508095,0.508095
3909,-0.5577219,0.5577219
3910,4.686698,4.686698
3911,0.003557408,0.003557408
3912,-0.09233044,0.09233044
3913,-25.67016,25.67016
3914,-0.5039303,0.5039303
3915,0.6715066,0.6715066
3916,2.5763,2.5763
3917,5.199615,5.199615
3918,0.4831068,0.4831068
3919,-14.92766,14.92766
3920,1.911371,1.911371
3921,0.3017724,0.3017724
3922,-0.1832899,0.1832899
3923,-0.6793258,0.6793258
3924,-1.297838,1.297838
3925,-0.1317752,0.1317752
3926,17.93177,17.93177
3927,1.510876,1.510876
3928,0.213569,0.213569
3929,-2.018951,2.018951
3930,-0.5112975,0.5112975
3931,0.7419523,0.7419523
3932,-1.19671,1.19671
3933,-3.959659,3.959659
3934,-0.450128,0.450128
3935,-3.033229,3.033229
3936,1.357883,1.357883
3937,-0.6588541,0.6588541
3938,1.024314,1.024314
3939,-0.6052343,0.6052343
3940,3.413632,3.413632
3941,0.3757571,0.3757571
3942,4.292172,4.292172
3943,6.084498,6.084498
3944,-0.8459525,0.8459525
3945,1.147536,1.147536
3946,3.13669,3.13669
3947,23.28985,23.28985
3948,6.045521,6.045521
3949,2.055578,2.055578
3950,-2.633314,2.633314
3951,-0.1336243,0.1336243
3952,-3.727146,3.727146
3953,8.165368,8.165368
3954,-0.02261566,0.02261566
3955,-2.854938,2.854938
3956,-1.160398,1.160398
3957,-2.143247,2.143247
3958,-0.5180266,0.5180266
3959,-1.196142,1.196142
3960,3.337033,3.337033
3961,-0.5911549,0.5911549
3962,-1.732081,1.732081
3963,1.083284,1.083284
3964,1.109837,1.109837
3965,0.5951701,0.5951701
3966,2.890485,2.890485
3967,-20.14706,20.14706
3968,0.7728667,0.7728667
3969,-0.04881382,0.04881382
3970,-0.2062309,0.2062309
3971,-1.152749,1.152749
3972,-3.537986,3.537986
3973,-2.888995,2.888995
3974,-4.141603,4.141603
3975,-10.53501,10.53501
3976,6.166848,6.166848
3977,0.07151471,0.07151471
3978,2.027643,2.027643
3979,-0.6488506,0.6488506
3980,0.6133085,0.6133085
3981,-2.547017,2.547017
3982,1.111606,1.111606
3983,-0.2829002,0.2829002
3984,-0.1806654,0.1806654
3985,1.986631,1.986631
3986,1.164764,1.164764
3987,0.09259309,0.09259309
3988,3.232815,3.232815
3989,-1.185946,1.185946
3990,-0.1405802,0.1405802
3991,3.297456,3.297456
3992,-0.7576001,0.7576001
3993,0.1941192,0.1941192
3994,0.9521738,0.9521738
3995,1.655782,1.655782
3996,-7.023756,7.023756
3997,-36.39996,36.39996
3998,-9.100653,9.100653
3999,-7.758676,7.758676
4000,4.313577,4.313577
4001,0.5700564,0.5700564
4002,2.067426,2.067426
4003,0.6383306,0.6383306
4004,0.6825636,0.6825636
4005,0.8057598,0.8057598
4006,-0.08198807,0.08198807
4007,1.935798,1.935798
4008,-2.080024,2.080024
4009,0.2973606,0.2973606
4010,5.847773,5.847773
4011,-0.005410635,0.005410635
4012,3.598623,3.598623
4013,-2.392763,2.392763
4014,-0.08310933,0.08310933
4015,-0.03755804,0.03755804
4016,-1.035051,1.035051
4017,1.87227,1.87227
4018,0.05580556,0.05580556
4019,-5.760413,5.760413
4020,0.114674,0.114674
4021,-12.54691,12.54691
4022,-19.51137,19.51137
4023,-2.594826,2.594826
4024,5.990231,5.990231
4025,1.198348,1.198348
4026,-0.9120462,0.9120462
4027,1.622215,1.622215
4028,-4.941313,4.941313
4029,-0.01023183,0.01023183
4030,-2.890622,2.890622
4031,-0.6282308,0.6282308
4032,-0.2816385,0.2816385
4033,5.418666,5.418666
4034,-0.06950233,0.06950233
4035,2.458041,2.458041
4036,13.43207,13.43207
4037,15.50544,15.50544
4038,13.96238,13.96238
4039,-0.002305852,0.002305852
4040,-19.94298,19.94298
4041,0.3912434,0.3912434
4042,-0.001087122,0.001087122
4043,-0.3835016,0.3835016
4044,0.03717609,0.03717609
4045,11.80233,11.80233
4046,18.65282,18.65282
4047,-0.08830682,0.08830682
4048,-3.07805,3.07805
4049,0.02325741,0.02325741
4050,-0.8008013,0.8008013
4051,0.0001759118,0.0001759118
4052,0.1099189,0.1099189
4053,15.64209,15.64209
4054,9.779099,9.779099
4055,-2.683646,2.683646
4056,0.06802412,0.06802412
4057,-4.390317,4.390317
4058,-0.6226581,0.6226581
4059,0.5664806,0.5664806
4060,-0.007668446,0.007668446
4061,5.774117,5.774117
4062,9.887168,9.887168
4063,-2.924032,2.924032
4064,-0.002943237,0.002943237
4065,4.66449,4.66449
4066,0.3901187,0.3901187
4067,0.01785114,0.01785114
4068,-3.054144,3.054144
4069,1.231121,1.231121
4070,-0.04726282,0.04726282
4071,0.8905645,0.8905645
4072,-0.8509123,0.8509123
4073,-3.335442,3.335442
4074,-1.180676,1.180676
4075,0.06905911,0.06905911
4076,0.04168841,0.04168841
4077,10.02963,10.02963
4078,-0.4185097,0.4185097
4079,-1.054693,1.054693
4080,-0.01622514,0.01622514
4081,0.1495501,0.1495501
4082,-1.12165,1.12165
4083,0.8467692,0.8467692
4084,0.0750573,0.0750573
4085,-1.574338,1.574338
4086,0.2368414,0.2368414
4087,-4.70038,4.70038
4088,0.9749614,0.9749614
4089,3.62195,3.62195
4090,-1.953878,1.953878
4091,-0.2364135,0.2364135
4092,2.653772,2.653772
4093,19.69519,19.69519
4094,16.54362,16.54362
4095,-0.6993502,0.6993502
4096,-9.660534,9.660534
4097,0.06733685,0.06733685
4098,4.087147,4.087147
4099,0.1281372,0.1281372
4100,0.07482804,0.07482804
4101,0.02632285,0.02632285
4102,0.319653,0.319653
4103,-3.958128,3.958128
4104,-0.7617075,0.7617075
4105,-0.0001620637,0.0001620637
4106,-0.12278,0.12278
4107,1.789091,1.789091
4108,1.580391,1.580391
4109,0.07154199,0.07154199
4110,3.518863,3.518863
4111,-8.177591,8.177591
4112,-0.04577296,0.04577296
4113,-4.410936,4.410936
4114,1.164746,1.164746
4115,-0.1441639,0.1441639
4116,0.006597582,0.006597582
4117,3.585057,3.585057
4118,9.325195,9.325195
4119,-7.685581,7.685581
4120,-0.8837695,0.8837695
4121,-0.2888649,0.2888649
4122,-0.08883759,0.08883759
4123,0.3599967,0.3599967
4124,-1.11451,1.11451
4125,-0.4975294,0.4975294
4126,-0.04485755,0.04485755
4127,-4.085332,4.085332
4128,0.6303026,0.6303026
4129,0.1224087,0.1224087
4130,1.235112,1.235112
4131,11.47784,11.47784
4132,1.737461,1.737461
4133,-1.204796,1.204796
4134,-26.20609,26.20609
4135,3.490748,3.490748
4136,-0.004554205,0.004554205
4137,-2.726098,2.726098
4138,4.484068,4.484068
4139,12.84611,12.84611
4140,20.09333,20.09333
4141,0.06124634,0.06124634
4142,9.481166,9.481166
4143,0.2868242,0.2868242
4144,-4.825402,4.825402
4145,-13.30916,13.30916
4146,2.43286,2.43286
4147,7.529616,7.529616
4148,1.041265,1.041265
4149,3.24851,3.24851
4150,4.449519,4.449519
4151,-13.1384,13.1384
4152,-0.8649019,0.8649019
4153,3.614513,3.614513
4154,-0.3107083,0.3107083
4155,-6.130122,6.130122
4156,-3.276222,3.276222
4157,-13.11239,13.11239
4158,-57.94535,57.94535
4159,-9.745886,9.745886
4160,46.13048,46.13048
4161,-1.005221,1.005221
4162,-2.017189,2.017189
4163,0.7723917,0.7723917
4164,-2.696223,2.696223
4165,-8.015975,8.015975
4166,10.85088,10.85088
4167,-3.286762,3.286762
4168,0.311637,0.311637
4169,-0.8937734,0.8937734
4170,0.004275079,0.004275079
4171,-1.249265,1.249265
4172,-3.53192,3.53192
4173,0.490303,0.490303
4174,1.039002,1.039002
4175,-0.3589982,0.3589982
4176,-0.04238456,0.04238456
4177,-1.482042,1.482042
4178,-0.05277096,0.05277096
4179,-5.011551,5.011551
4180,-1.657854,1.657854
4181,0.3677183,0.3677183
4182,2.186862,2.186862
4183,-0.1115473,0.1115473
4184,1.34512,1.34512
4185,0.05753045,0.05753045
4186,-2.420191,2.420191
4187,-0.07933207,0.07933207
4188,-3.255018,3.255018
4189,-4.40079,4.40079
4190,-1.023899,1.023899
4191,-0.6663002,0.6663002
4192,4.22854,4.22854
4193,-0.00213441,0.00213441
4194,-0.005723174,0.005723174
4195,0.05806592,0.05806592
4196,-7.926143,7.926143
4197,-0.2635561,0.2635561
4198,-2.271092,2.271092
4199,-0.5497409,0.5497409
4200,1.353287,1.353287
4201,0.09014637,0.09014637
4202,-1.694675,1.694675
4203,-0.6099792,0.6099792
4204,0.03081069,0.03081069
4205,-1.381993,1.381993
4206,-0.8195757,0.8195757
4207,-0.009917297,0.009917297
4208,0.7691061,0.7691061
4209,-2.052153,2.052153
4210,0.01213212,0.01213212
4211,3.317925,3.317925
4212,-0.3361725,0.3361725
4213,-1.850471,1.850471
4214,20.23236,20.23236
4215,-2.943877,2.943877
4216,-0.1863634,0.1863634
4217,-5.470948,5.470948
4218,-3.403173,3.403173
4219,-1.047163,1.047163
4220,0.02121072,0.02121072
4221,-2.315337,2.315337
4222,-1.940949,1.940949
4223,-4.795013,4.795013
4224,11.86017,11.86017
4225,3.31296,3.31296
4226,-0.4607479,0.4607479
4227,-1.374493,1.374493
4228,-0.3143228,0.3143228
4229,0.2954322,0.2954322
4230,0.1548893,0.1548893
4231,1.491206,1.491206
4232,-0.6725457,0.6725457
4233,-5.90491,5.90491
4234,-4.589357,4.589357
4235,-4.40923,4.40923
4236,-2.648918,2.648918
4237,-1.251499,1.251499
4238,-0.0475002,0.0475002
4239,-2.615834,2.615834
4240,10.79127,10.79127
4241,9.708739,9.708739
4242,-10.76145,10.76145
4243,1.829559,1.829559
4244,-1.574291,1.574291
4245,-3.005261,3.005261
4246,-1.118785,1.118785
4247,1.029386,1.029386
4248,9.640858,9.640858
4249,-0.005207133,0.005207133
4250,-9.267617,9.267617
4251,-0.02029585,0.02029585
4252,-6.478129,6.478129
4253,-1.548273,1.548273
4254,-0.0001549204,0.0001549204
4255,-5.225274,5.225274
4256,0.7229586,0.7229586
4257,3.659417,3.659417
4258,-0.0008550723,0.0008550723
4259,3.748325,3.748325
4260,-6.030988,6.030988
4261,2.322356,2.322356
4262,1.472942,1.472942
4263,14.04187,14.04187
4264,2.615262,2.615262
4265,5.465366,5.465366
4266,-0.1214648,0.1214648
4267,-0.0601498,0.0601498
4268,-2.360309,2.360309
4269,-0.4228753,0.4228753
4270,-0.07938732,0.07938732
4271,0.005288019,0.005288019
4272,2.486872,2.486872
4273,-0.3311157,0.3311157
4274,-0.2309863,0.2309863
4275,0.08462428,0.08462428
4276,-1.762833,1.762833
4277,2.134566,2.134566
4278,-0.001409536,0.001409536
4279,0.5929271,0.5929271
4280,-0.09521712,0.09521712
4281,-1.47729,1.47729
4282,-3.115257,3.115257
4283,-0.2228752,0.2228752
4284,-1.347468,1.347468
4285,-0.05911489,0.05911489
4286,-0.005526634,0.005526634
4287,-3.311211,3.311211
4288,5.902655,5.902655
4289,0.02278938,0.02278938
4290,-0.5011481,0.5011481
4291,2.012708,2.012708
4292,0.2688188,0.2688188
4293,-1.198957,1.198957
4294,14.05231,14.05231
4295,-0.1028313,0.1028313
4296,-17.86629,17.86629
4297,3.304486,3.304486
4298,3.033006,3.033006
4299,0.2122747,0.2122747
4300,-0.745554,0.745554
4301,-8.882032,8.882032
4302,-2.841418,2.841418
4303,1.037963,1.037963
4304,9.853413,9.853413
4305,-0.0002216699,0.0002216699
4306,-1.245085,1.245085
4307,5.674829,5.674829
4308,-0.5610843,0.5610843
4309,-0.3991416,0.3991416
4310,0.179849,0.179849
4311,-3.514392,3.514392
4312,-0.001259346,0.001259346
4313,-0.1823231,0.1823231
4314,-0.5779095,0.5779095
4315,-2.652587e-06,2.652587e-06
4316,0.03477303,0.03477303
4317,0.5702031,0.5702031
4318,-2.976713,2.976713
4319,-0.3007336,0.3007336
4320,1.613508,1.613508
4321,-0.09113181,0.09113181
4322,9.747209,9.747209
4323,6.743937,6.743937
4324,1.916858,1.916858
4325,-0.06447086,0.06447086
4326,-0.089288,0.089288
4327,-0.8607653,0.8607653
4328,0.01218862,0.01218862
4329,6.545469,6.545469
4330,29.64631,29.64631
4331,2.75177,2.75177
4332,0.8774196,0.8774196
4333,8.508093,8.508093
4334,-2.174125,2.174125
4335,-0.3246441,0.3246441
4336,-1.291394,1.291394
4337,-0.0007008522,0.0007008522
4338,-0.07902763,0.07902763
4339,0.03193803,0.03193803
4340,-1.295522,1.295522
4341,-2.38848,2.38848
4342,-0.07123545,0.07123545
4343,-0.5669724,0.5669724
4344,1.372781,1.372781
4345,0.0648364,0.0648364
4346,0.05195852,0.05195852
4347,-0.0004476006,0.0004476006
4348,0.03225982,0.03225982
4349,-4.003323,4.003323
4350,-1.777666,1.777666
4351,0.504333,0.504333
4352,3.019881,3.019881
4353,-3.828201,3.828201
4354,0.2698274,0.2698274
4355,3.658679,3.658679
4356,-0.03727098,0.03727098
4357,-0.01156085,0.01156085
4358,1.378031,1.378031
4359,-1.074318,1.074318
4360,-1.34562,1.34562
4361,0.3976284,0.3976284
4362,1.028326,1.028326
4363,0.05766551,0.05766551
4364,1.094257,1.094257
4365,-6.211237,6.211237
4366,-0.6217159,0.6217159
4367,0.0440782,0.0440782
4368,0.9864281,0.9864281
4369,-0.8549928,0.8549928
4370,-0.2637144,0.2637144
4371,1.24664,1.24664
4372,0.3375781,0.3375781
4373,0.04180779,0.04180779
4374,0.05764411,0.05764411
4375,-0.2217582,0.2217582
4376,-0.03049478,0.03049478
4377,-4.234949,4.234949
4378,-0.7900558,0.7900558
4379,-2.437751,2.437751
4380,0.9663285,0.9663285
4381,0.1621634,0.1621634
4382,-1.303571,1.303571
4383,-2.01772,2.01772
4384,1.749768,1.749768
4385,2.175852,2.175852
4386,0.0007797996,0.0007797996
4387,1.970837,1.970837
4388,-1.577707,1.577707
4389,-3.660733,3.660733
4390,-8.842388,8.842388
4391,-0.2920052,0.2920052
4392,1.794043,1.794043
4393,-0.001587007,0.001587007
4394,0.02230593,0.02230593
4395,-7.091933e-05,7.091933e-05
4396,-0.2575937,0.2575937
4397,-0.8814183,0.8814183
4398,-3.323973,3.323973
4399,-1.736688,1.736688
4400,1.242395,1.242395
4401,-14.18826,14.18826
4402,-0.2119294,0.2119294
4403,-0.1808341,0.1808341
4404,-0.1019234,0.1019234
4405,-0.01234065,0.01234065
4406,-1.211899,1.211899
4407,-3.66906,3.66906
4408,3.139739,3.139739
4409,-2.432199,2.432199
4410,0.1827856,0.1827856
4411,-1.074371,1.074371
4412,-0.4736694,0.4736694
4413,-5.830561,5.830561
4414,-15.80588,15.80588
4415,-1.102054,1.102054
4416,15.1803,15.1803
4417,0.06760813,0.06760813
4418,-0.487555,0.487555
4419,0.05596107,0.05596107
4420,0.4426346,0.4426346
4421,1.916287,1.916287
4422,9.215726,9.215726
4423,-3.40678,3.40678
4424,0.1403946,0.1403946
4425,-3.749628,3.749628
4426,-2.281463,2.281463
4427,12.68108,12.68108
4428,-0.6215159,0.6215159
4429,-9.825085,9.825085
4430,-0.1590189,0.1590189
4431,-8.045023,8.045023
4432,-9.712214,9.712214
4433,0.9970269,0.9970269
4434,-2.294018,2.294018
4435,-4.461291,4.461291
4436,0.2184787,0.2184787
4437,-0.1609146,0.1609146
4438,-4.78683,4.78683
4439,-0.008108988,0.008108988
4440,0.03931532,0.03931532
4441,1.160575,1.160575
4442,4.024978,4.024978
4443,5.734729,5.734729
4444,2.903482,2.903482
4445,0.3396674,0.3396674
4446,-1.719726,1.719726
4447,2.540202,2.540202
4448,1.952524,1.952524
4449,2.619896,2.619896
4450,1.3862,1.3862
4451,7.864233,7.864233
4452,11.81516,11.81516
4453,-0.3609012,0.3609012
4454,0.1431929,0.1431929
4455,2.10634,2.10634
4456,-0.4885253,0.4885253
4457,18.60231,18.60231
4458,9.025346,9.025346
4459,14.48329,14.48329
4460,3.74653,3.74653
4461,2.845026,2.845026
4462,-0.4416494,0.4416494
4463,-0.1426318,0.1426318
4464,-0.105342,0.105342
4465,-0.8094553,0.8094553
4466,-1.361086,1.361086
4467,3.028544,3.028544
4468,-0.02252935,0.02252935
4469,0.1468381,0.1468381
4470,-0.6169377,0.6169377
4471,-0.1920887,0.1920887
4472,0.4427086,0.4427086
4473,1.048796,1.048796
4474,-0.389807,0.389807
4475,-0.1745854,0.1745854
4476,-0.00162018,0.00162018
4477,-2.439795,2.439795
4478,-3.963681,3.963681
4479,-3.222101,3.222101
4480,0.3703417,0.3703417
4481,0.4279919,0.4279919
4482,2.379666,2.379666
4483,0.07083446,0.07083446
4484,38.67776,38.67776
4485,10.12746,10.12746
4486,-2.743144,2.743144
4487,-0.8451376,0.8451376
4488,-0.7388126,0.7388126
4489,0.2210069,0.2210069
4490,1.588006,1.588006
4491,-6.757214,6.757214
4492,14.30787,14.30787
4493,-0.6924612,0.6924612
4494,-1.206879,1.206879
4495,-0.09761442,0.09761442
4496,0.00276707,0.00276707
4497,0.8884211,0.8884211
4498,-0.6488492,0.6488492
4499,0.2575596,0.2575596
4500,1.132753,1.132753
4501,-0.00204539,0.00204539
4502,-1.713988,1.713988
4503,0.2117142,0.2117142
4504,0.3147869,0.3147869
4505,-1.899377,1.899377
4506,0.05087581,0.05087581
4507,-1.890034,1.890034
4508,0.5684475,0.5684475
4509,-8.688589,8.688589
4510,1.348728e-05,1.348728e-05
4511,-0.07527333,0.07527333
4512,2.625436,2.625436
4513,2.383262,2.383262
4514,2.5674,2.5674
4515,0.3891456,0.3891456
4516,0.7773158,0.7773158
4517,-1.590305,1.590305
4518,-6.559025,6.559025
4519,8.439153,8.439153
4520,-1.859978,1.859978
4521,15.0754,15.0754
4522,0.3690057,0.3690057
4523,1.319501,1.319501
4524,0.4706373,0.4706373
4525,-0.1826596,0.1826596
4526,-5.078218,5.078218
4527,0.1355209,0.1355209
4528,-0.1323728,0.1323728
4529,0.7383345,0.7383345
4530,0.4538857,0.4538857
4531,1.216923,1.216923
4532,7.61977,7.61977
4533,0.5979401,0.5979401
4534,-5.768496,5.768496
4535,-4.345954,4.345954
4536,0.5655544,0.5655544
4537,11.55069,11.55069
4538,0.05967402,0.05967402
4539,-1.400027,1.400027
4540,6.300886,6.300886
4541,-0.3455106,0.3455106
4542,-7.861335,7.861335
4543,-0.1085321,0.1085321
4544,0.01526836,0.01526836
4545,21.80024,21.80024
4546,0.0006921391,0.0006921391
4547,-4.420087,4.420087
4548,-3.608778,3.608778
4549,-16.77339,16.77339
4550,-14.58513,14.58513
4551,0.0002625599,0.0002625599
4552,9.996481,9.996481
4553,1.165159,1.165159
4554,0.6416027,0.6416027
4555,-0.7037003,0.7037003
4556,-2.537036,2.537036
4557,-0.6220387,0.6220387
4558,4.674307,4.674307
4559,0.008693479,0.008693479
4560,3.065756,3.065756
4561,-0.006125109,0.006125109
4562,-0.1126807,0.1126807
4563,-2.229855,2.229855
4564,-0.0938097,0.0938097
4565,0.1684522,0.1684522
4566,0.8399034,0.8399034
4567,0.3042806,0.3042806
4568,-1.124481,1.124481
4569,-0.04956917,0.04956917
4570,-0.183649,0.183649
4571,-0.3051348,0.3051348
4572,-1.635638,1.635638
4573,0.005836263,0.005836263
4574,-0.5121174,0.5121174
4575,-21.56092,21.56092
4576,2.468313,2.468313
4577,4.903876,4.903876
4578,2.408535,2.408535
4579,-0.5134671,0.5134671
4580,0.1488945,0.1488945
4581,4.130219,4.130219
4582,0.09829062,0.09829062
4583,-0.602114,0.602114
4584,-0.8340663,0.8340663
4585,0.7161202,0.7161202
4586,3.977049,3.977049
4587,11.44349,11.44349
4588,1.359351,1.359351
4589,5.175923,5.175923
4590,-0.06978254,0.06978254
4591,-2.515436,2.515436
4592,-2.213381,2.213381
4593,11.07226,11.07226
4594,-0.7359543,0.7359543
4595,-5.063805,5.063805
4596,-0.05268819,0.05268819
4597,-2.549242,2.549242
4598,-0.1669008,0.1669008
4599,-1.139344,1.139344
4600,0.6689892,0.6689892
4601,2.538086,2.538086
4602,-1.866429,1.866429
4603,-7.067627,7.067627
4604,0.1887151,0.1887151
4605,-7.067248,7.067248
4606,-2.782769,2.782769
4607,0.1893479,0.1893479
4608,7.227793,7.227793
4609,-1.297437,1.297437
4610,3.181206,3.181206
4611,-1.165224,1.165224
4612,6.586185,6.586185
4613,-1.399029,1.399029
4614,-0.2387085,0.2387085
4615,2.515764,2.515764
4616,-10.35665,10.35665
4617,2.598944,2.598944
4618,5.536657,5.536657
4619,1.252138,1.252138
4620,0.08296859,0.08296859
4621,-5.209972,5.209972
4622,6.743573,6.743573
4623,2.880264,2.880264
4624,-7.00582,7.00582
4625,-0.0005300977,0.0005300977
4626,-1.961421,1.961421
4627,0.6352324,0.6352324
4628,0.03710384,0.03710384
4629,-1.990358,1.990358
4630,-0.234439,0.234439
4631,-0.06574158,0.06574158
4632,-0.395133,0.395133
4633,1.698971,1.698971
4634,0.06289345,0.06289345
4635,-0.04624429,0.04624429
4636,-3.488559,3.488559
4637,-0.8352523,0.8352523
4638,-1.142801,1.142801
4639,0.06362471,0.06362471
4640,2.257773,2.257773
4641,-1.278724,1.278724
4642,-0.02236864,0.02236864
4643,8.861577,8.861577
4644,-2.092984,2.092984
4645,-0.6473505,0.6473505
4646,-0.3925551,0.3925551
4647,-4.470854,4.470854
4648,0.401315,0.401315
4649,-0.1040146,0.1040146
4650,-0.7786981,0.7786981
4651,0.7976976,0.7976976
4652,-0.02330551,0.02330551
4653,-0.4234022,0.4234022
4654,-0.1224082,0.1224082
4655,1.576616,1.576616
4656,0.02251581,0.02251581
4657,0.6770501,0.6770501
4658,0.4445505,0.4445505
4659,3.886541,3.886541
4660,-0.3340715,0.3340715
4661,-8.140988,8.140988
4662,4.357093,4.357093
4663,-4.832484,4.832484
4664,-2.142743,2.142743
4665,2.99501,2.99501
4666,1.448086,1.448086
4667,0.4462353,0.4462353
4668,2.297507,2.297507
4669,-1.862396,1.862396
4670,-0.1651622,0.1651622
4671,0.0003204175,0.0003204175
4672,-0.03500909,0.03500909
4673,-13.17822,13.17822
4674,0.1222521,0.1222521
4675,5.927684,5.927684
4676,-2.937076,2.937076
4677,-3.104987,3.104987
4678,1.842364,1.842364
4679,-1.745696,1.745696
4680,-2.123431,2.123431
4681,-1.809491,1.809491
4682,-2.356993,2.356993
4683,0.3149659,0.3149659
4684,5.159856,5.159856
4685,-0.0675614,0.0675614
4686,1.192971,1.192971
4687,-2.173714,2.173714
4688,-0.2589171,0.2589171
4689,2.995423,2.995423
4690,-0.5616502,0.5616502
4691,1.244367,1.244367
4692,-0.2762185,0.2762185
4693,-0.2461908,0.2461908
4694,0.002187181,0.002187181
4695,-0.5284076,0.5284076
4696,0.05184681,0.05184681
4697,1.697919,1.697919
4698,0.2791332,0.2791332
4699,1.105992,1.105992
4700,1.274224,1.274224
4701,-0.09131804,0.09131804
4702,-0.3596145,0.3596145
4703,-1.212723,1.212723
4704,-0.1252961,0.1252961
4705,-3.243803,3.243803
4706,0.06402987,0.06402987
4707,6.533296,6.533296
4708,-0.01258874,0.01258874
4709,-0.01258681,0.01258681
4710,0.002310716,0.002310716
4711,-8.897514,8.897514
4712,-0.5198395,0.5198395
4713,4.802445,4.802445
4714,3.889096,3.889096
4715,4.1124,4.1124
4716,-0.6112853,0.6112853
4717,2.109035,2.109035
4718,2.963665,2.963665
4719,3.592523,3.592523
4720,-6.996248,6.996248
4721,-0.4876056,0.4876056
4722,-0.0216761,0.0216761
4723,-0.01423463,0.01423463
4724,-4.502128,4.502128
4725,5.627282,5.627282
4726,13.05861,13.05861
4727,-0.6310924,0.6310924
4728,-0.05385427,0.05385427
4729,0.0139446,0.0139446
4730,-0.07101008,0.07101008
4731,0.2889378,0.2889378
4732,-5.158151,5.158151
4733,-0.001641992,0.001641992
4734,-0.9424056,0.9424056
4735,-54.43193,54.43193
4736,4.812385,4.812385
4737,3.674589,3.674589
4738,14.77389,14.77389
4739,-0.7099625,0.7099625
4740,35.82698,35.82698
4741,10.02725,10.02725
4742,-8.172074,8.172074
4743,5.844448,5.844448
4744,-18.78593,18.78593
4745,1.793002,1.793002
4746,9.87524,9.87524
4747,9.371028,9.371028
4748,10.08552,10.08552
4749,3.573908,3.573908
4750,9.920178,9.920178
4751,8.290821,8.290821
4752,-9.292245,9.292245
4753,6.748918,6.748918
4754,-0.09264825,0.09264825
4755,5.364288,5.364288
4756,-0.01974586,0.01974586
4757,2.952178,2.952178
4758,2.285501,2.285501
4759,-0.08544844,0.08544844
4760,-3.764079,3.764079
4761,11.23271,11.23271
4762,2.731396,2.731396
4763,5.567468,5.567468
4764,6.840892,6.840892
4765,6.795823,6.795823
4766,21.59823,21.59823
4767,3.570392,3.570392
4768,-22.90899,22.90899
4769,7.789013,7.789013
4770,0.2790523,0.2790523
4771,9.219454,9.219454
4772,-1.826354,1.826354
4773,0.294756,0.294756
4774,-0.4504878,0.4504878
4775,0.4623498,0.4623498
4776,-1.253698,1.253698
4777,6.94712,6.94712
4778,0.8523046,0.8523046
4779,0.1371292,0.1371292
4780,6.146494,6.146494
4781,-12.03719,12.03719
4782,-1.28336,1.28336
4783,0.09482531,0.09482531
4784,-0.2307393,0.2307393
4785,3.953888e-05,3.953888e-05
4786,7.623931,7.623931
4787,0.9717753,0.9717753
4788,13.38259,13.38259
4789,2.361738,2.361738
4790,-9.039563,9.039563
4791,-7.642852,7.642852
4792,-49.74792,49.74792
4793,3.089587,3.089587
4794,-0.1815303,0.1815303
4795,1.160917,1.160917
4796,0.4779577,0.4779577
4797,0.04484013,0.04484013
4798,-0.0005167836,0.0005167836
4799,-39.10335,39.10335
4800,0.5387982,0.5387982
4801,4.467482,4.467482
4802,20.1424,20.1424
4803,9.113852,9.113852
4804,16.00216,16.00216
4805,4.290499,4.290499
4806,1.432931,1.432931
4807,3.879854,3.879854
4808,-8.946844,8.946844
4809,1.929332,1.929332
4810,-0.06111544,0.06111544
4811,0.3910155,0.3910155
4812,6.175172,6.175172
4813,-14.82822,14.82822
4814,2.165698,2.165698
4815,0.2605402,0.2605402
4816,-0.6335353,0.6335353
4817,13.00875,13.00875
4818,0.3943972,0.3943972
4819,-4.991548,4.991548
4820,-2.854903,2.854903
4821,-8.937444,8.937444
4822,-1.549518,1.549518
4823,0.6898522,0.6898522
4824,-0.02180152,0.02180152
4825,22.02085,22.02085
4826,1.040176,1.040176
4827,0.06006935,0.06006935
4828,-22.17064,22.17064
4829,-16.04946,16.04946
4830,0.6168807,0.6168807
4831,13.12195,13.12195
4832,-0.01576238,0.01576238
4833,9.060872,9.060872
4834,0.5296667,0.5296667
4835,0.3248317,0.3248317
4836,3.27789,3.27789
4837,-4.319028,4.319028
4838,0.5482103,0.5482103
4839,0.668696,0.668696
4840,-2.485942,2.485942
4841,0.1195966,0.1195966
4842,-0.0004635381,0.0004635381
4843,1.154107,1.154107
4844,11.34503,11.34503
4845,9.190081,9.190081
4846,-2.437075,2.437075
4847,-0.9755941,0.9755941
4848,-13.82044,13.82044
4849,10.17039,10.17039
4850,0.9733596,0.9733596
4851,6.940018,6.940018
4852,16.23156,16.23156
4853,2.050026,2.050026
4854,-0.0001454521,0.0001454521
4855,21.98034,21.98034
4856,-4.229941,4.229941
4857,8.162432,8.162432
4858,-0.1441912,0.1441912
4859,6.854036,6.854036
4860,2.309751,2.309751
4861,2.449112,2.449112
4862,-0.1476495,0.1476495
4863,-3.086446,3.086446
4864,-1.293446,1.293446
4865,1.382455,1.382455
4866,1.934279,1.934279
4867,5.163456,5.163456
4868,13.15649,13.15649
4869,2.462437,2.462437
4870,-3.738458,3.738458
4871,8.920221,8.920221
4872,-8.905598,8.905598
4873,4.478312,4.478312
4874,-0.2948259,0.2948259
4875,0.2751533,0.2751533
4876,0.09682661,0.09682661
4877,-0.001532093,0.001532093
4878,0.02649289,0.02649289
4879,4.9884,4.9884
4880,-0.1718707,0.1718707
4881,0.630419,0.630419
4882,0.170551,0.170551
4883,2.037197,2.037197
4884,2.620816,2.620816
4885,-0.8288862,0.8288862
4886,-5.628819,5.628819
4887,-0.8963607,0.8963607
4888,0.3519047,0.3519047
4889,3.280168,3.280168
4890,0.2723767,0.2723767
4891,3.733115,3.733115
4892,0.6736025,0.6736025
4893,0.07084228,0.07084228
4894,-11.61137,11.61137
4895,0.292823,0.292823
4896,-0.2085385,0.2085385
4897,-4.145403,4.145403
4898,0.3286254,0.3286254
4899,13.39157,13.39157
4900,5.285135,5.285135
4901,5.298901,5.298901
4902,-0.2866293,0.2866293
4903,-2.801011,2.801011
4904,-3.833507,3.833507
4905,-0.6886469,0.6886469
4906,3.611108,3.611108
4907,0.1261788,0.1261788
4908,7.517473,7.517473
4909,4.150389,4.150389
4910,14.56822,14.56822
4911,-1.364978,1.364978
4912,-6.096293,6.096293
4913,-0.7445238,0.7445238
4914,9.394847,9.394847
4915,0.223091,0.223091
4916,15.20439,15.20439
4917,0.2540054,0.2540054
4918,-1.495489,1.495489
4919,5.154272,5.154272
4920,-4.611086,4.611086
4921,4.257586,4.257586
4922,-0.9158571,0.9158571
4923,1.650581,1.650581
4924,2.628381,2.628381
4925,3.108705,3.108705
4926,-12.51096,12.51096
4927,-7.482159,7.482159
4928,-0.005421212,0.005421212
4929,-1.201218,1.201218
4930,0.6965971,0.6965971
4931,0.8709364,0.8709364
4932,3.417081,3.417081
4933,0.9639176,0.9639176
4934,1.213233,1.213233
4935,0.1876697,0.1876697
4936,-26.89201,26.89201
4937,1.819857,1.819857
4938,1.312225,1.312225
4939,-0.004922827,0.004922827
4940,0.01569582,0.01569582
4941,-0.9602103,0.9602103
4942,-0.2558804,0.2558804
4943,-0.0004687622,0.0004687622
4944,4.55258,4.55258
4945,-1.222865,1.222865
4946,1.242817,1.242817
4947,-0.3543009,0.3543009
4948,2.982152,2.982152
4949,0.06362285,0.06362285
4950,-0.5185572,0.5185572
4951,-1.301457,1.301457
4952,-0.1187809,0.1187809
4953,-0.9082826,0.9082826
4954,0.7598717,0.7598717
4955,-0.7853068,0.7853068
4956,0.1395522,0.1395522
4957,0.8789362,0.8789362
4958,0.08644719,0.08644719
4959,0.2757342,0.2757342
4960,-3.121888,3.121888
4961,0.0251943,0.0251943
4962,0.1500767,0.1500767
4963,0.1073412,0.1073412
4964,5.076512,5.076512
4965,-8.106481,8.106481
4966,6.09276,6.09276
4967,0.6891801,0.6891801
4968,-10.21461,10.21461
4969,2.504171,2.504171
4970,2.919127,2.919127
4971,0.118184,0.118184
4972,0.582274,0.582274
4973,0.1703508,0.1703508
4974,0.149182,0.149182
4975,-10.21945,10.21945
4976,-1.014513,1.014513
4977,3.197461,3.197461
4978,1.093731,1.093731
4979,0.2130578,0.2130578
4980,3.313143,3.313143
4981,0.3432899,0.3432899
4982,-0.9012303,0.9012303
4983,12.6915,12.6915
4984,-3.98795,3.98795
4985,5.130844,5.130844
4986,0.02761864,0.02761864
4987,-0.9006195,0.9006195
4988,2.313351,2.313351
4989,-2.290703,2.290703
4990,-17.32612,17.32612
4991,-0.4153733,0.4153733
4992,36.52768,36.52768
4993,0.1875114,0.1875114
4994,-0.1105264,0.1105264
4995,0.05961954,0.05961954
4996,2.590401,2.590401
4997,2.520276,2.520276
4998,-0.1156589,0.1156589
4999,2.972397,2.972397
5000,-1.215631,1.215631
5001,4.416547,4.416547
5002,0.6072395,0.6072395
5003,0.3079894,0.3079894
5004,3.549868,3.549868
5005,-0.1288353,0.1288353
5006,-3.152645,3.152645
5007,4.928948,4.928948
5008,-4.833829,4.833829
5009,5.315868,5.315868
5010,3.685722,3.685722
5011,0.4553282,0.4553282
5012,6.168554,6.168554
5013,0.2844756,0.2844756
5014,-9.884232,9.884232
5015,6.38935,6.38935
5016,-6.620343,6.620343
5017,18.95405,18.95405
5018,14.25148,14.25148
5019,-0.1956628,0.1956628
5020,2.25558,2.25558
5021,3.436385,3.436385
5022,-0.0403,0.0403
5023,45.05362,45.05362
5024,-6.590123,6.590123
5025,11.80395,11.80395
5026,-0.02433768,0.02433768
5027,2.772164,2.772164
5028,3.957161,3.957161
5029,8.443273,8.443273
5030,1.298889,1.298889
5031,25.33096,25.33096
5032,-6.559071,6.559071
5033,11.78432,11.78432
5034,9.634521,9.634521
5035,0.001800473,0.001800473
5036,15.2115,15.2115
5037,4.742925,4.742925
5038,0.8717475,0.8717475
5039,12.05603,12.05603
5040,-15.25834,15.25834
5041,-0.06790944,0.06790944
5042,-1.598451,1.598451
5043,-0.3000439,0.3000439
5044,-0.0908983,0.0908983
5045,-0.01182347,0.01182347
5046,0.03677142,0.03677142
5047,15.33706,15.33706
5048,-2.352132,2.352132
5049,2.007863,2.007863
5050,0.02393609,0.02393609
5051,1.451252,1.451252
5052,1.18321,1.18321
5053,-8.01683,8.01683
5054,-10.79392,10.79392
5055,7.89222,7.89222
5056,0.02854073,0.02854073
5057,-4.252287,4.252287
5058,-0.170833,0.170833
5059,0.1069579,0.1069579
5060,-0.00290614,0.00290614
5061,-0.03356368,0.03356368
5062,-0.01865058,0.01865058
5063,-0.6332891,0.6332891
5064,0.7994204,0.7994204
5065,4.24486,4.24486
5066,-0.9181138,0.9181138
5067,1.375821,1.375821
5068,3.931303,3.931303
5069,-0.0002303205,0.0002303205
5070,0.1666053,0.1666053
5071,8.636982,8.636982
5072,-4.000823,4.000823
5073,0.8534098,0.8534098
5074,-1.535411,1.535411
5075,5.990776,5.990776
5076,-3.010484,3.010484
5077,-2.023971,2.023971
5078,-2.414967,2.414967
5079,0.005659773,0.005659773
5080,2.76389,2.76389
5081,4.878348,4.878348
5082,-3.226682,3.226682
5083,-0.8378276,0.8378276
5084,0.03013082,0.03013082
5085,-0.0914294,0.0914294
5086,10.7184,10.7184
5087,2.393029,2.393029
5088,-0.1014943,0.1014943
5089,0.1266023,0.1266023
5090,-5.663078,5.663078
5091,-4.04271,4.04271
5092,0.2402664,0.2402664
5093,-0.2642279,0.2642279
5094,-7.32621,7.32621
5095,2.271398,2.271398
5096,5.83497,5.83497
5097,2.493305,2.493305
5098,1.082049,1.082049
5099,-3.111801,3.111801
5100,8.746087,8.746087
5101,0.02275099,0.02275099
5102,-0.6166199,0.6166199
5103,4.330718,4.330718
5104,0.3282512,0.3282512
5105,-0.3168054,0.3168054
5106,0.355431,0.355431
5107,1.557818,1.557818
5108,17.94006,17.94006
5109,0.1397689,0.1397689
5110,1.225935,1.225935
5111,0.04651812,0.04651812
5112,-5.045063,5.045063
5113,4.401414,4.401414
5114,2.863938,2.863938
5115,4.351721,4.351721
5116,21.9414,21.9414
5117,0.0360703,0.0360703
5118,-0.2116528,0.2116528
5119,0.69936,0.69936
5120,-12.42594,12.42594
5121,2.099549,2.099549
5122,6.072384,6.072384
5123,2.785497,2.785497
5124,5.378126,5.378126
5125,-3.171219,3.171219
5126,-0.7522262,0.7522262
5127,-0.07846472,0.07846472
5128,-1.642472,1.642472
5129,1.888127,1.888127
5130,7.393519,7.393519
5131,2.580993,2.580993
5132,0.6345103,0.6345103
5133,1.593131,1.593131
5134,0.1758476,0.1758476
5135,19.42259,19.42259
5136,-13.44561,13.44561
5137,0.3833419,0.3833419
5138,2.069613,2.069613
5139,2.627731,2.627731
5140,9.278658,9.278658
5141,0.8615012,0.8615012
5142,0.2648757,0.2648757
5143,3.92114,3.92114
5144,-6.357284,6.357284
5145,-0.3430956,0.3430956
5146,2.121142,2.121142
5147,8.797729,8.797729
5148,5.215188,5.215188
5149,0.4381706,0.4381706
5150,2.097495,2.097495
5151,7.112226,7.112226
5152,-7.16414,7.16414
5153,0.05727084,0.05727084
5154,-0.1931057,0.1931057
5155,7.166359,7.166359
5156,0.3425813,0.3425813
5157,-1.887041,1.887041
5158,-5.070625,5.070625
5159,7.104715,7.104715
5160,0.6227993,0.6227993
5161,-0.1651582,0.1651582
5162,-1.898883,1.898883
5163,1.842183,1.842183
5164,-4.421947,4.421947
5165,-1.347694,1.347694
5166,2.181639,2.181639
5167,3.431109,3.431109
5168,-0.1180818,0.1180818
5169,1.950362,1.950362
5170,-0.02721361,0.02721361
5171,2.49186,2.49186
5172,0.3854084,0.3854084
5173,-10.71937,10.71937
5174,3.500411,3.500411
5175,-11.26838,11.26838
5176,-1.507254,1.507254
5177,3.771774,3.771774
5178,-15.53709,15.53709
5179,-0.01293164,0.01293164
5180,-4.383177,4.383177
5181,-1.781312,1.781312
5182,-2.551172,2.551172
5183,-8.451728,8.451728
5184,9.463118,9.463118
5185,0.882113,0.882113
5186,6.509827,6.509827
5187,0.6027208,0.6027208
5188,6.304211,6.304211
5189,-1.175436,1.175436
5190,-22.95644,22.95644
5191,0.08338155,0.08338155
5192,-0.617019,0.617019
5193,12.81675,12.81675
5194,-0.2861599,0.2861599
5195,-0.05259032,0.05259032
5196,0.9822648,0.9822648
5197,-8.837378,8.837378
5198,0.0009347341,0.0009347341
5199,-0.9227381,0.9227381
5200,-0.6618283,0.6618283
5201,1.348642,1.348642
5202,0.1852863,0.1852863
5203,-0.03638747,0.03638747
5204,0.01847052,0.01847052
5205,-3.031902,3.031902
5206,-0.03373,0.03373
5207,-1.816688,1.816688
5208,-0.0459017,0.0459017
5209,0.375928,0.375928
5210,-1.845061,1.845061
5211,-0.0002148381,0.0002148381
5212,0.01691625,0.01691625
5213,-1.536056,1.536056
5214,8.715518,8.715518
5215,-0.4933882,0.4933882
5216,0.1027349,0.1027349
5217,-0.0006410026,0.0006410026
5218,-1.588441,1.588441
5219,-0.222978,0.222978
5220,4.025362,4.025362
5221,0.02043128,0.02043128
5222,-2.297254,2.297254
5223,-0.5732522,0.5732522
5224,-1.367715,1.367715
5225,11.46972,11.46972
5226,5.484383,5.484383
5227,-0.9817632,0.9817632
5228,1.914928,1.914928
5229,-20.90621,20.90621
5230,-4.101903,4.101903
5231,-0.6800762,0.6800762
5232,1.292767,1.292767
5233,14.0141,14.0141
5234,15.34999,15.34999
5235,-1.991435e-05,1.991435e-05
5236,26.64877,26.64877
5237,0.05934918,0.05934918
5238,-1.472156,1.472156
5239,17.08592,17.08592
5240,-4.582858,4.582858
5241,17.58152,17.58152
5242,0.1200795,0.1200795
5243,0.06040892,0.06040892
5244,4.499985,4.499985
5245,-3.151151,3.151151
5246,-16.93073,16.93073
5247,0.1382097,0.1382097
5248,-0.2760735,0.2760735
5249,4.33327,4.33327
5250,0.2381334,0.2381334
5251,-2.467643,2.467643
5252,15.09747,15.09747
5253,1.169708,1.169708
5254,-0.6679695,0.6679695
5255,22.93229,22.93229
5256,-0.1124194,0.1124194
5257,-0.07449636,0.07449636
5258,-0.008206976,0.008206976
5259,0.3379524,0.3379524
5260,1.038701,1.038701
5261,0.8531564,0.8531564
5262,5.901495,5.901495
5263,-1.666538,1.666538
5264,-1.14606,1.14606
5265,-0.001173091,0.001173091
5266,0.4310929,0.4310929
5267,0.7879314,0.7879314
5268,4.391686,4.391686
5269,-0.9612371,0.9612371
5270,5.413985,5.413985
5271,-4.411258,4.411258
5272,-1.418535,1.418535
5273,0.8958088,0.8958088
5274,-0.00120426,0.00120426
5275,0.05507513,0.05507513
5276,-1.593339,1.593339
5277,3.259602,3.259602
5278,8.939209,8.939209
5279,2.77822,2.77822
5280,-0.2730649,0.2730649
5281,19.70758,19.70758
5282,-8.596376,8.596376
5283,-0.6382079,0.6382079
5284,0.2374981,0.2374981
5285,1.073731,1.073731
5286,1.100033,1.100033
5287,4.208104,4.208104
5288,0.649497,0.649497
5289,6.709517,6.709517
5290,-2.175442,2.175442
5291,0.02109703,0.02109703
5292,5.198777,5.198777
5293,0.001567748,0.001567748
5294,0.003713993,0.003713993
5295,-1.370337,1.370337
5296,-1.366203,1.366203
5297,5.820473,5.820473
5298,1.920814,1.920814
5299,-2.867206,2.867206
5300,6.103952,6.103952
5301,0.2732898,0.2732898
5302,-5.460049,5.460049
5303,3.818653,3.818653
5304,5.524998,5.524998
5305,8.346074,8.346074
5306,-0.5822602,0.5822602
5307,0.004730588,0.004730588
5308,1.578215,1.578215
5309,0.5398716,0.5398716
5310,1.694062,1.694062
5311,0.5565016,0.5565016
5312,-3.253311,3.253311
5313,18.59444,18.59444
5314,0.1248544,0.1248544
5315,3.073737,3.073737
5316,5.467499,5.467499
5317,0.1772597,0.1772597
5318,-1.48238,1.48238
5319,9.863064,9.863064
5320,-14.76186,14.76186
5321,20.1315,20.1315
5322,1.331923,1.331923
5323,1.041683,1.041683
5324,9.155213,9.155213
5325,-0.2498633,0.2498633
5326,-3.757303,3.757303
5327,0.6439259,0.6439259
5328,-18.97437,18.97437
5329,0.3031946,0.3031946
5330,2.065129,2.065129
5331,-0.6431611,0.6431611
5332,-0.1262107,0.1262107
5333,-0.5850032,0.5850032
5334,-13.34936,13.34936
5335,-0.05799305,0.05799305
5336,-1.319723,1.319723
5337,22.11395,22.11395
5338,0.001222933,0.001222933
5339,1.501036,1.501036
5340,-17.6156,17.6156
5341,-7.282981,7.282981
5342,0.06900083,0.06900083
5343,1.666406,1.666406
5344,-0.4684427,0.4684427
5345,-0.01173601,0.01173601
5346,4.679601,4.679601
5347,7.056631,7.056631
5348,-0.3033717,0.3033717
5349,3.247098,3.247098
5350,4.435938,4.435938
5351,0.02655989,0.02655989
5352,-0.2857484,0.2857484
5353,1.378704,1.378704
5354,5.347795,5.347795
5355,3.706594,3.706594
5356,-4.223227,4.223227
5357,0.02987496,0.02987496
5358,0.04711566,0.04711566
5359,0.06036918,0.06036918
5360,0.01135509,0.01135509
5361,57.74421,57.74421
5362,0.206615,0.206615
5363,5.571366,5.571366
5364,8.002184,8.002184
5365,0.04105835,0.04105835
5366,0.04631675,0.04631675
5367,7.742369,7.742369
5368,-2.598493,2.598493
5369,10.79686,10.79686
5370,-0.000669312,0.000669312
5371,0.2447161,0.2447161
5372,1.400796,1.400796
5373,-0.0008783376,0.0008783376
5374,-20.01451,20.01451
5375,-27.22524,27.22524
5376,1.082358,1.082358
5377,-56.40852,56.40852
5378,-12.63703,12.63703
5379,-5.648119,5.648119
5380,-3.860059,3.860059
5381,1.829751,1.829751
5382,-1.015706,1.015706
5383,-83.53902,83.53902
5384,46.80298,46.80298
5385,-33.64944,33.64944
5386,-26.66903,26.66903
5387,-10.39815,10.39815
5388,-24.13575,24.13575
5389,-7.947431,7.947431
5390,-0.2066987,0.2066987
5391,-48.77639,48.77639
5392,30.78481,30.78481
5393,-4.597239,4.597239
5394,-1.691451,1.691451
5395,-12.2907,12.2907
5396,-2.688065,2.688065
5397,-2.374963,2.374963
5398,0.5439922,0.5439922
5399,-0.3551075,0.3551075
5400,3.401729,3.401729
5401,-32.94143,32.94143
5402,-18.73766,18.73766
5403,0.1085544,0.1085544
5404,-54.75349,54.75349
5405,-43.81229,43.81229
5406,-2.062282,2.062282
5407,-2.237791,2.237791
5408,22.09222,22.09222
5409,-4.988417,4.988417
5410,-0.011804,0.011804
5411,-1.200745,1.200745
5412,-14.45432,14.45432
5413,-10.95367,10.95367
5414,-0.4570803,0.4570803
5415,0.2587611,0.2587611
5416,13.78169,13.78169
5417,0.2321779,0.2321779
5418,-0.2075951,0.2075951
5419,-0.3762004,0.3762004
5420,-10.89261,10.89261
5421,-14.11208,14.11208
5422,0.2085751,0.2085751
5423,17.06116,17.06116
5424,15.26689,15.26689
5425,-56.87983,56.87983
5426,-4.659497,4.659497
5427,0.3153136,0.3153136
5428,-3.214903,3.214903
5429,3.553556,3.553556
5430,12.52971,12.52971
5431,-63.59993,63.59993
5432,4.328844,4.328844
5433,0.1264755,0.1264755
5434,3.567899,3.567899
5435,-0.5270804,0.5270804
5436,0.9700916,0.9700916
5437,2.896747,2.896747
5438,5.207428,5.207428
5439,-39.05001,39.05001
5440,3.085776,3.085776
5441,-38.5134,38.5134
5442,3.908537,3.908537
5443,-2.005196,2.005196
5444,-0.5164805,0.5164805
5445,-1.93407,1.93407
5446,1.280558,1.280558
5447,-23.09443,23.09443
5448,21.86713,21.86713
5449,-0.3878606,0.3878606
5450,7.631673,7.631673
5451,-0.00720776,0.00720776
5452,-1.832051,1.832051
5453,0.6417472,0.6417472
5454,-6.055533,6.055533
5455,7.369271,7.369271
5456,10.94611,10.94611
5457,-2.860152,2.860152
5458,-0.08894825,0.08894825
5459,-0.9916463,0.9916463
5460,-3.646954,3.646954
5461,-1.063153,1.063153
5462,0.9581044,0.9581044
5463,1.776019,1.776019
5464,0.3265738,0.3265738
5465,-0.9050015,0.9050015
5466,-0.3348268,0.3348268
5467,-0.6348105,0.6348105
5468,-0.2637282,0.2637282
5469,-1.637848,1.637848
5470,-0.1977393,0.1977393
5471,27.19191,27.19191
5472,1.908679,1.908679
5473,5.964803,5.964803
5474,-0.2730553,0.2730553
5475,-1.634258,1.634258
5476,0.4013681,0.4013681
5477,10.54637,10.54637
5478,-7.633919,7.633919
5479,59.59958,59.59958
5480,1.889054,1.889054
5481,0.1589485,0.1589485
5482,5.427809,5.427809
5483,-0.4088922,0.4088922
5484,0.9813821,0.9813821
5485,1.982623,1.982623
5486,0.4020717,0.4020717
5487,11.34484,11.34484
5488,-2.51753,2.51753
5489,-28.03997,28.03997
5490,2.426696,2.426696
5491,-0.9631876,0.9631876
5492,0.09903882,0.09903882
5493,-0.9938176,0.9938176
5494,-4.925817,4.925817
5495,-4.630363,4.630363
5496,21.35445,21.35445
5497,-32.67198,32.67198
5498,-5.917216,5.917216
5499,-2.741967,2.741967
5500,-6.764887,6.764887
5501,-4.740821,4.740821
5502,-13.13479,13.13479
5503,-5.806067,5.806067
5504,32.43707,32.43707
5505,1.016189,1.016189
5506,6.508174,6.508174
5507,0.01935041,0.01935041
5508,0.712315,0.712315
5509,37.69141,37.69141
5510,-1.341037,1.341037
5511,1.992835,1.992835
5512,-6.313705,6.313705
5513,1.052592,1.052592
5514,1.483923,1.483923
5515,0.04504167,0.04504167
5516,0.1350058,0.1350058
5517,5.471704,5.471704
5518,0.9731872,0.9731872
5519,2.224711,2.224711
5520,-3.663306,3.663306
5521,21.55227,21.55227
5522,0.5323709,0.5323709
5523,3.167862,3.167862
5524,-0.8691535,0.8691535
5525,3.253759,3.253759
5526,4.331908,4.331908
5527,24.06463,24.06463
5528,-0.4144132,0.4144132
5529,13.18517,13.18517
5530,-0.2828217,0.2828217
5531,0.3088768,0.3088768
5532,5.121824,5.121824
5533,4.086482,4.086482
5534,4.887244,4.887244
5535,34.41832,34.41832
5536,-22.12314,22.12314
5537,-0.2917613,0.2917613
5538,0.301058,0.301058
5539,3.882805,3.882805
5540,10.44288,10.44288
5541,18.00094,18.00094
5542,5.817388,5.817388
5543,18.5734,18.5734
5544,-18.73202,18.73202
5545,-1.20916,1.20916
5546,-2.453825,2.453825
5547,-0.1397452,0.1397452
5548,5.470542,5.470542
5549,10.78143,10.78143
5550,21.26782,21.26782
5551,16.62009,16.62009
5552,-19.16781,19.16781
5553,-10.22833,10.22833
5554,0.9201876,0.9201876
5555,0.1360325,0.1360325
5556,1.079585,1.079585
5557,24.64255,24.64255
5558,-1.257573,1.257573
5559,0.8807716,0.8807716
5560,3.882027e-05,3.882027e-05
5561,34.7084,34.7084
5562,0.009589412,0.009589412
5563,2.583123,2.583123
5564,7.071468,7.071468
5565,19.46118,19.46118
5566,13.3491,13.3491
5567,66.3493,66.3493
5568,-74.60741,74.60741
5569,17.38799,17.38799
5570,-0.05571102,0.05571102
5571,-0.6585106,0.6585106
5572,-0.1235836,0.1235836
5573,-10.18015,10.18015
5574,6.269575,6.269575
5575,2.164466,2.164466
5576,-2.981211,2.981211
5577,0.8353837,0.8353837
5578,0.0355498,0.0355498
5579,0.2439256,0.2439256
5580,0.5174929,0.5174929
5581,-4.670005,4.670005
5582,-7.996417,7.996417
5583,2.513218,2.513218
5584,6.559552,6.559552
5585,6.207905,6.207905
5586,7.017722e-06,7.017722e-06
5587,-4.467622,4.467622
5588,0.9668721,0.9668721
5589,-1.841255,1.841255
5590,-0.1421388,0.1421388
5591,0.005948683,0.005948683
5592,1.892787,1.892787
5593,31.37168,31.37168
5594,-1.821697,1.821697
5595,-4.60244,4.60244
5596,-0.208365,0.208365
5597,-8.406547,8.406547
5598,-2.742248,2.742248
5599,62.78716,62.78716
5600,7.339923,7.339923
5601,19.67085,19.67085
5602,-2.860529,2.860529
5603,-4.356292,4.356292
5604,-2.091205,2.091205
5605,-0.01211062,0.01211062
5606,-1.530637,1.530637
5607,24.35228,24.35228
5608,0.1449384,0.1449384
5609,1.901748,1.901748
5610,1.891925,1.891925
5611,-9.639673,9.639673
5612,-1.381622,1.381622
5613,-0.7402883,0.7402883
5614,-15.03053,15.03053
5615,5.762317,5.762317
5616,3.568304,3.568304
5617,5.639356,5.639356
5618,-3.221071,3.221071
5619,-6.103433,6.103433
5620,-5.949611,5.949611
5621,-18.1147,18.1147
5622,0.3663543,0.3663543
5623,10.52526,10.52526
5624,1.297847,1.297847
5625,3.091337,3.091337
5626,-0.3007026,0.3007026
5627,-7.435606,7.435606
5628,-1.944286,1.944286
5629,-8.929788,8.929788
5630,-14.13274,14.13274
5631,-8.895905,8.895905
5632,14.7557,14.7557
5633,5.779216,5.779216
5634,5.410566,5.410566
5635,5.013053,5.013053
5636,3.389676,3.389676
5637,35.95765,35.95765
5638,42.30395,42.30395
5639,26.79886,26.79886
5640,-48.44484,48.44484
5641,0.04615031,0.04615031
5642,-0.03886169,0.03886169
5643,-1.224648,1.224648
5644,-3.36504,3.36504
5645,0.5231972,0.5231972
5646,1.919005,1.919005
5647,2.156899,2.156899
5648,-0.4563015,0.4563015
5649,0.1644373,0.1644373
5650,6.934639,6.934639
5651,-0.1262669,0.1262669
5652,-1.158343,1.158343
5653,4.082942,4.082942
5654,3.897764,3.897764
5655,0.0177085,0.0177085
5656,-9.807783,9.807783
5657,3.258313,3.258313
5658,1.275902,1.275902
5659,0.3071827,0.3071827
5660,-0.1893877,0.1893877
5661,-3.130306,3.130306
5662,5.794994,5.794994
5663,9.227826,9.227826
5664,-1.106503,1.106503
5665,-1.585001,1.585001
5666,0.06989208,0.06989208
5667,-0.01697741,0.01697741
5668,9.227522,9.227522
5669,-3.900386,3.900386
5670,17.38504,17.38504
5671,6.34048,6.34048
5672,-8.876369,8.876369
5673,0.3130071,0.3130071
5674,0.03690476,0.03690476
5675,2.511633,2.511633
5676,9.437062,9.437062
5677,12.66381,12.66381
5678,0.01031026,0.01031026
5679,3.027383,3.027383
5680,-35.79035,35.79035
5681,34.95433,34.95433
5682,44.17204,44.17204
5683,17.99677,17.99677
5684,16.65486,16.65486
5685,18.98579,18.98579
5686,52.88471,52.88471
5687,75.61193,75.61193
5688,-107.9973,107.9973
5689,0.3694211,0.3694211
5690,-1.125921,1.125921
5691,-3.735632,3.735632
5692,-3.983627,3.983627
5693,2.296651,2.296651
5694,-0.3412365,0.3412365
5695,-0.705479,0.705479
5696,5.071128,5.071128
5697,-3.014123,3.014123
5698,-2.55663,2.55663
5699,-11.96824,11.96824
5700,-15.10833,15.10833
5701,-12.5792,12.5792
5702,-32.89675,32.89675
5703,0.4831627,0.4831627
5704,97.87971,97.87971
5705,1.732369,1.732369
5706,0.01734469,0.01734469
5707,-0.01815836,0.01815836
5708,-0.2110748,0.2110748
5709,-2.281164,2.281164
5710,-24.72151,24.72151
5711,4.218905,4.218905
5712,54.75264,54.75264
5713,-8.244011,8.244011
5714,-1.337687,1.337687
5715,-5.526927,5.526927
5716,0.1195401,0.1195401
5717,-0.01308458,0.01308458
5718,-4.071644,4.071644
5719,-1.453424,1.453424
5720,3.747278,3.747278
5721,1.992998,1.992998
5722,-0.144224,0.144224
5723,4.256416,4.256416
5724,-1.135399,1.135399
5725,-4.855398,4.855398
5726,-24.37473,24.37473
5727,17.86696,17.86696
5728,18.94491,18.94491
5729,-1.302,1.302
5730,0.001214662,0.001214662
5731,-0.08269118,0.08269118
5732,-6.02085,6.02085
5733,-6.192821,6.192821
5734,-23.33776,23.33776
5735,0.02162112,0.02162112
5736,19.69385,19.69385
5737,-19.46904,19.46904
5738,0.3627776,0.3627776
5739,0.3696654,0.3696654
5740,-5.071069,5.071069
5741,0.001983731,0.001983731
5742,-54.57913,54.57913
5743,-4.643862,4.643862
5744,6.635886,6.635886
5745,-14.47778,14.47778
5746,-1.420538,1.420538
5747,-8.568541,8.568541
5748,-24.95321,24.95321
5749,-26.64408,26.64408
5750,-67.31252,67.31252
5751,-21.53782,21.53782
5752,101.9104,101.9104
5753,-22.19732,22.19732
5754,-1.628592,1.628592
5755,-8.7839,8.7839
5756,-2.189079,2.189079
5757,-9.430779,9.430779
5758,-38.95974,38.95974
5759,-22.50016,22.50016
5760,49.70905,49.70905
5761,1.257289,1.257289
5762,3.578516,3.578516
5763,8.361664,8.361664
5764,3.61164,3.61164
5765,4.080691,4.080691
5766,1.216992,1.216992
5767,12.34741,12.34741
5768,-9.581842,9.581842
5769,-11.03519,11.03519
5770,-0.0008065344,0.0008065344
5771,4.463789,4.463789
5772,-1.696176,1.696176
5773,1.18139,1.18139
5774,-1.324206,1.324206
5775,0.01702239,0.01702239
5776,-4.32607,4.32607
5777,-0.2662012,0.2662012
5778,-0.6214909,0.6214909
5779,1.536773,1.536773
5780,-0.5602734,0.5602734
5781,2.207797,2.207797
5782,-1.030915,1.030915
5783,-0.91976,0.91976
5784,-0.3268566,0.3268566
5785,12.7051,12.7051
5786,1.358293,1.358293
5787,4.924995,4.924995
5788,-1.994239,1.994239
5789,0.3853617,0.3853617
5790,6.091903,6.091903
5791,34.29511,34.29511
5792,-3.507981,3.507981
5793,3.815907,3.815907
5794,7.947421,7.947421
5795,-1.579311,1.579311
5796,3.247027,3.247027
5797,0.4114024,0.4114024
5798,2.023816,2.023816
5799,9.622296,9.622296
5800,-3.26732,3.26732
5801,-3.8014,3.8014
5802,2.121782,2.121782
5803,-2.004966,2.004966
5804,-2.13267,2.13267
5805,-4.308492,4.308492
5806,-17.07064,17.07064
5807,-5.807531,5.807531
5808,13.31851,13.31851
5809,-44.62105,44.62105
5810,-1.62054,1.62054
5811,-1.353062,1.353062
5812,10.28458,10.28458
5813,2.584848,2.584848
5814,-17.31084,17.31084
5815,-43.10608,43.10608
5816,64.51467,64.51467
5817,-8.335514,8.335514
5818,-0.1561636,0.1561636
5819,-0.5131891,0.5131891
5820,0.1633115,0.1633115
5821,-1.145557,1.145557
5822,-6.283306,6.283306
5823,-0.1400948,0.1400948
5824,8.946786,8.946786
5825,-1.461278,1.461278
5826,-4.314171,4.314171
5827,-2.700631,2.700631
5828,-0.6491463,0.6491463
5829,0.8876285,0.8876285
5830,0.0992772,0.0992772
5831,22.47714,22.47714
5832,-37.70712,37.70712
5833,5.071719,5.071719
5834,0.2595637,0.2595637
5835,7.715636,7.715636
5836,14.16458,14.16458
5837,6.877502,6.877502
5838,6.052678,6.052678
5839,2.316384,2.316384
5840,-14.77587,14.77587
5841,12.04343,12.04343
5842,2.818549,2.818549
5843,2.573352,2.573352
5844,5.66062,5.66062
5845,9.56916,9.56916
5846,4.720634,4.720634
5847,3.375446,3.375446
5848,-12.77953,12.77953
5849,20.55025,20.55025
5850,8.735378,8.735378
5851,2.121162,2.121162
5852,0.9887307,0.9887307
5853,0.001459332,0.001459332
5854,20.93578,20.93578
5855,32.47231,32.47231
5856,-7.082917,7.082917
5857,12.96652,12.96652
5858,2.560036,2.560036
5859,1.437624,1.437624
5860,3.419812,3.419812
5861,4.936914,4.936914
5862,0.9985726,0.9985726
5863,18.22322,18.22322
5864,-8.609528,8.609528
5865,19.95705,19.95705
5866,7.554249,7.554249
5867,1.831545,1.831545
5868,9.763199,9.763199
5869,1.964791,1.964791
5870,11.86953,11.86953
5871,19.64886,19.64886
5872,-19.18477,19.18477
5873,29.89559,29.89559
5874,3.564569,3.564569
5875,0.7707611,0.7707611
5876,14.25046,14.25046
5877,1.939929,1.939929
5878,-1.130781,1.130781
5879,27.35847,27.35847
5880,-30.58493,30.58493
5881,63.3111,63.3111
5882,-0.3071673,0.3071673
5883,-1.389697,1.389697
5884,1.577124,1.577124
5885,-0.00723928,0.00723928
5886,-23.54924,23.54924
5887,13.53647,13.53647
5888,-12.3881,12.3881
5889,-16.68981,16.68981
5890,0.01693283,0.01693283
5891,-0.09003539,0.09003539
5892,0.8355727,0.8355727
5893,11.41837,11.41837
5894,1.576837,1.576837
5895,-22.95795,22.95795
5896,6.308932,6.308932
5897,-4.005381,4.005381
5898,-3.032363,3.032363
5899,0.4693996,0.4693996
5900,-0.04920178,0.04920178
5901,-1.234655,1.234655
5902,2.188014,2.188014
5903,-0.1012607,0.1012607
5904,-0.0001630979,0.0001630979
5905,0.4351462,0.4351462
5906,1.034077,1.034077
5907,4.682519,4.682519
5908,-0.2774861,0.2774861
5909,-0.5391226,0.5391226
5910,0.006045608,0.006045608
5911,6.031971,6.031971
5912,-1.897201,1.897201
5913,0.4668135,0.4668135
5914,0.2829498,0.2829498
5915,2.856366,2.856366
5916,7.405948,7.405948
5917,-0.09062897,0.09062897
5918,-0.6074878,0.6074878
5919,3.441965,3.441965
5920,-3.572028,3.572028
5921,13.15839,13.15839
5922,-0.4053249,0.4053249
5923,0.5582989,0.5582989
5924,3.323427,3.323427
5925,0.1734865,0.1734865
5926,-3.042486,3.042486
5927,22.75632,22.75632
5928,-8.229393,8.229393
5929,4.029426,4.029426
5930,-0.0626061,0.0626061
5931,0.2867169,0.2867169
5932,19.22914,19.22914
5933,5.523866,5.523866
5934,-0.08173375,0.08173375
5935,18.9745,18.9745
5936,-24.97299,24.97299
5937,-1.857934,1.857934
5938,2.060571,2.060571
5939,1.107001,1.107001
5940,11.70798,11.70798
5941,12.88942,12.88942
5942,4.67857,4.67857
5943,-13.53633,13.53633
5944,3.007215,3.007215
5945,-8.619462,8.619462
5946,-0.8168021,0.8168021
5947,-0.1849878,0.1849878
5948,0.8057144,0.8057144
5949,5.892336,5.892336
5950,0.4105208,0.4105208
5951,-15.38433,15.38433
5952,3.717151,3.717151
5953,27.06935,27.06935
5954,10.79828,10.79828
5955,0.01644058,0.01644058
5956,24.88407,24.88407
5957,10.72884,10.72884
5958,-3.750848,3.750848
5959,22.03689,22.03689
5960,-13.86832,13.86832
5961,2.576483,2.576483
5962,0.5230877,0.5230877
5963,-1.49012,1.49012
5964,0.9833356,0.9833356
5965,-0.7849196,0.7849196
5966,-14.73019,14.73019
5967,0.7324834,0.7324834
5968,2.978134,2.978134
5969,-0.8034002,0.8034002
5970,1.59004,1.59004
5971,3.109381,3.109381
5972,0.8417354,0.8417354
5973,-0.2899332,0.2899332
5974,-6.830379,6.830379
5975,0.5104066,0.5104066
5976,0.3520292,0.3520292
5977,25.74154,25.74154
5978,0.08790661,0.08790661
5979,-0.04123257,0.04123257
5980,5.434153,5.434153
5981,11.49475,11.49475
5982,11.33391,11.33391
5983,32.84819,32.84819
5984,-1.57037,1.57037
5985,-0.5104259,0.5104259
5986,0.02680168,0.02680168
5987,-1.101086,1.101086
5988,5.638057,5.638057
5989,8.037435,8.037435
5990,0.6961276,0.6961276
5991,1.546808,1.546808
5992,-2.313493,2.313493
5993,1.463022,1.463022
5994,0.2515599,0.2515599
5995,-0.0007665112,0.0007665112
5996,8.708368,8.708368
5997,5.120442,5.120442
5998,1.734634,1.734634
5999,2.593269,2.593269
6000,-15.45505,15.45505
6001,34.1256,34.1256
6002,13.49745,13.49745
6003,2.195158,2.195158
6004,28.78647,28.78647
6005,15.57885,15.57885
6006,2.703506,2.703506
6007,22.03904,22.03904
6008,-65.86774,65.86774
6009,0.0009661759,0.0009661759
6010,0.002398161,0.002398161
6011,-2.076491,2.076491
6012,-0.08924054,0.08924054
6013,3.082857,3.082857
6014,-3.53562,3.53562
6015,-4.168706,4.168706
6016,2.885697,2.885697
6017,-16.54291,16.54291
6018,-0.7269393,0.7269393
6019,9.443703,9.443703
6020,0.2212483,0.2212483
6021,6.054089,6.054089
6022,26.85723,26.85723
6023,-12.97979,12.97979
6024,-43.44063,43.44063
6025,-0.02763757,0.02763757
6026,-1.926927,1.926927
6027,0.2832399,0.2832399
6028,-0.3823771,0.3823771
6029,-0.02066076,0.02066076
6030,0.06241852,0.06241852
6031,-0.1708156,0.1708156
6032,-7.123625,7.123625
6033,1.875074,1.875074
6034,6.539046,6.539046
6035,-0.2584769,0.2584769
6036,-0.0759563,0.0759563
6037,3.860119,3.860119
6038,0.05752658,0.05752658
6039,1.90865,1.90865
6040,-0.3960372,0.3960372
6041,-0.2679757,0.2679757
6042,-0.2006723,0.2006723
6043,7.780151,7.780151
6044,0.62436,0.62436
6045,1.895593,1.895593
6046,1.927706,1.927706
6047,0.0899184,0.0899184
6048,-23.76547,23.76547
6049,0.8473433,0.8473433
6050,6.815551,6.815551
6051,-0.01821385,0.01821385
6052,1.45327,1.45327
6053,0.1790144,0.1790144
6054,3.125751,3.125751
6055,2.305654,2.305654
6056,-5.307121,5.307121
6057,-1.585534,1.585534
6058,4.199772,4.199772
6059,9.045141,9.045141
6060,1.749708,1.749708
6061,3.94734,3.94734
6062,1.35351,1.35351
6063,2.815499,2.815499
6064,-17.01343,17.01343
6065,-14.006,14.006
6066,-0.6757224,0.6757224
6067,11.72931,11.72931
6068,6.732511,6.732511
6069,23.11817,23.11817
6070,33.491,33.491
6071,-12.41679,12.41679
6072,-55.62079,55.62079
6073,-42.31065,42.31065
6074,-3.058024,3.058024
6075,0.8211385,0.8211385
6076,-1.670962,1.670962
6077,0.3873729,0.3873729
6078,7.418573,7.418573
6079,-19.42741,19.42741
6080,8.818552,8.818552
6081,52.76969,52.76969
6082,11.26606,11.26606
6083,-0.187903,0.187903
6084,0.4748935,0.4748935
6085,34.67863,34.67863
6086,5.946691,5.946691
6087,-6.662303,6.662303
6088,1.544933,1.544933
6089,-5.59275,5.59275
6090,-1.419844,1.419844
6091,0.5712472,0.5712472
6092,0.07822392,0.07822392
6093,9.152586,9.152586
6094,4.452785,4.452785
6095,-16.32809,16.32809
6096,0.03792087,0.03792087
6097,3.985107,3.985107
6098,0.06287204,0.06287204
6099,1.176599,1.176599
6100,2.679187,2.679187
6101,1.321364,1.321364
6102,-0.09608583,0.09608583
6103,-0.0388269,0.0388269
6104,-0.2194331,0.2194331
6105,8.719232,8.719232
6106,-0.9729151,0.9729151
6107,0.7360121,0.7360121
6108,-0.000202684,0.000202684
6109,-4.669577,4.669577
6110,20.5982,20.5982
6111,-0.5810137,0.5810137
6112,0.001861994,0.001861994
6113,17.33953,17.33953
6114,0.476027,0.476027
6115,11.41454,11.41454
6116,5.542117,5.542117
6117,15.53825,15.53825
6118,22.82976,22.82976
6119,-3.799059,3.799059
6120,-16.05355,16.05355
6121,3.227518,3.227518
6122,3.357264,3.357264
6123,32.6841,32.6841
6124,7.436633,7.436633
6125,34.32301,34.32301
6126,21.17083,21.17083
6127,-1.729304,1.729304
6128,-30.71766,30.71766
6129,27.10752,27.10752
6130,17.95299,17.95299
6131,1.931659,1.931659
6132,25.18857,25.18857
6133,46.29084,46.29084
6134,13.36159,13.36159
6135,-31.19747,31.19747
6136,-2.995923,2.995923
6137,-0.7263666,0.7263666
6138,3.068852,3.068852
6139,-0.002405446,0.002405446
6140,3.399755,3.399755
6141,11.88309,11.88309
6142,0.770882,0.770882
6143,-57.41113,57.41113
6144,23.24742,23.24742
6145,-45.55116,45.55116
6146,-0.54827,0.54827
6147,-2.279973,2.279973
6148,-0.7856838,0.7856838
6149,4.106716,4.106716
6150,-1.890139,1.890139
6151,-1.434603,1.434603
6152,12.92835,12.92835
6153,1.258063,1.258063
6154,-0.4538533,0.4538533
6155,-6.941931,6.941931
6156,2.212325,2.212325
6157,1.710182,1.710182
6158,0.6587682,0.6587682
6159,11.47916,11.47916
6160,-2.47967,2.47967
6161,1.892819,1.892819
6162,-0.01737465,0.01737465
6163,1.406236e-05,1.406236e-05
6164,4.338229,4.338229
6165,1.273281,1.273281
6166,0.7341032,0.7341032
6167,0.03040989,0.03040989
6168,-1.950305,1.950305
6169,-0.05838779,0.05838779
6170,-0.2337659,0.2337659
6171,6.657232,6.657232
6172,0.6553656,0.6553656
6173,-0.7507133,0.7507133
6174,-0.06897303,0.06897303
6175,0.2946488,0.2946488
6176,-0.005687277,0.005687277
6177,-0.02055448,0.02055448
6178,0.4514206,0.4514206
6179,1.502741,1.502741
6180,0.07674406,0.07674406
6181,0.1417999,0.1417999
6182,0.6052629,0.6052629
6183,0.1410923,0.1410923
6184,-1.647321,1.647321
6185,-1.754561,1.754561
6186,3.806519,3.806519
6187,5.831462,5.831462
6188,6.877471,6.877471
6189,4.793918,4.793918
6190,-1.418704,1.418704
6191,-10.18238,10.18238
6192,-0.2752969,0.2752969
6193,-47.00924,47.00924
6194,-3.637272,3.637272
6195,-0.1608984,0.1608984
6196,2.173296,2.173296
6197,1.232644,1.232644
6198,-0.6716963,0.6716963
6199,-11.21115,11.21115
6200,13.49477,13.49477
6201,-31.44572,31.44572
6202,-3.074957,3.074957
6203,-1.325381,1.325381
6204,-2.862407,2.862407
6205,-1.026947e-05,1.026947e-05
6206,-0.09331456,0.09331456
6207,-56.07246,56.07246
6208,20.7146,20.7146
6209,-65.77596,65.77596
6210,-3.715805,3.715805
6211,-3.611596,3.611596
6212,-9.165191,9.165191
6213,3.427226,3.427226
6214,-0.4495506,0.4495506
6215,-14.21204,14.21204
6216,29.61313,29.61313
6217,-11.72256,11.72256
6218,-2.860273,2.860273
6219,-0.8268172,0.8268172
6220,-3.641667,3.641667
6221,2.136552,2.136552
6222,12.23892,12.23892
6223,-30.58377,30.58377
6224,54.74207,54.74207
6225,-9.257956,9.257956
6226,0.5981987,0.5981987
6227,-0.03807069,0.03807069
6228,-0.03746737,0.03746737
6229,9.99631,9.99631
6230,7.038875,7.038875
6231,-17.20548,17.20548
6232,0.1805903,0.1805903
6233,-1.728447,1.728447
6234,-49.83023,49.83023
6235,-0.08589795,0.08589795
6236,-0.3337404,0.3337404
6237,-0.02100363,0.02100363
6238,6.94742,6.94742
6239,-15.55074,15.55074
6240,9.396509,9.396509
6241,-11.82662,11.82662
6242,-19.76398,19.76398
6243,0.0002677467,0.0002677467
6244,-3.999257,3.999257
6245,0.6499333,0.6499333
6246,-4.980499,4.980499
6247,-16.33237,16.33237
6248,12.18986,12.18986
6249,-11.81018,11.81018
6250,-2.887909,2.887909
6251,4.881392,4.881392
6252,5.389929,5.389929
6253,1.756405,1.756405
6254,-1.142331,1.142331
6255,-20.81182,20.81182
6256,0.872476,0.872476
6257,-82.56378,82.56378
6258,-24.57035,24.57035
6259,-8.15381,8.15381
6260,-11.82104,11.82104
6261,0.03680564,0.03680564
6262,-0.0054604,0.0054604
6263,-62.17221,62.17221
6264,111.4812,111.4812
6265,3.732199,3.732199
6266,-1.85319,1.85319
6267,0.5844508,0.5844508
6268,22.58898,22.58898
6269,16.29111,16.29111
6270,15.95038,15.95038
6271,-0.4906857,0.4906857
6272,-15.60301,15.60301
6273,14.44006,14.44006
6274,-0.06006096,0.06006096
6275,-11.04075,11.04075
6276,-4.435106,4.435106
6277,-0.2344824,0.2344824
6278,-19.43713,19.43713
6279,47.96558,47.96558
6280,4.695934,4.695934
6281,-11.5013,11.5013
6282,12.33158,12.33158
6283,0.04467394,0.04467394
6284,0.06699479,0.06699479
6285,-0.1116535,0.1116535
6286,-0.08872691,0.08872691
6287,-4.022219,4.022219
6288,-0.9072946,0.9072946
6289,-0.0009653568,0.0009653568
6290,15.47202,15.47202
6291,2.290145,2.290145
6292,10.00431,10.00431
6293,0.5349795,0.5349795
6294,0.04566164,0.04566164
6295,3.580575,3.580575
6296,-11.89541,11.89541
6297,2.570775,2.570775
6298,40.64834,40.64834
6299,3.10111,3.10111
6300,3.976251,3.976251
6301,19.9091,19.9091
6302,-5.721636,5.721636
6303,7.653911,7.653911
6304,-14.11073,14.11073
6305,-15.61728,15.61728
6306,3.010642,3.010642
6307,1.339296,1.339296
6308,0.2545311,0.2545311
6309,-9.30382,9.30382
6310,0.00735362,0.00735362
6311,-7.071664,7.071664
6312,0.6797464,0.6797464
6313,-27.41048,27.41048
6314,1.636252,1.636252
6315,-0.007105992,0.007105992
6316,4.807396,4.807396
6317,-2.97642e-06,2.97642e-06
6318,-9.221438,9.221438
6319,-9.822602,9.822602
6320,3.929878,3.929878
6321,-25.73458,25.73458
6322,7.205399,7.205399
6323,-1.935121,1.935121
6324,-2.522906,2.522906
6325,-3.310147,3.310147
6326,-28.2627,28.2627
6327,6.38982,6.38982
6328,-1.559182,1.559182
6329,8.198599,8.198599
6330,23.28556,23.28556
6331,-0.6011317,0.6011317
6332,35.45913,35.45913
6333,1.281486,1.281486
6334,-4.444427,4.444427
6335,-2.202043,2.202043
6336,-11.46444,11.46444
6337,-5.934294,5.934294
6338,-17.66385,17.66385
6339,-23.42307,23.42307
6340,-11.01939,11.01939
6341,-24.42441,24.42441
6342,-38.43182,38.43182
6343,0.03783631,0.03783631
6344,42.6579,42.6579
6345,1.151684,1.151684
6346,-19.25508,19.25508
6347,-14.5995,14.5995
6348,-5.439125,5.439125
6349,5.630597,5.630597
6350,2.903761,2.903761
6351,0.7934642,0.7934642
6352,3.258887,3.258887
6353,1.943334,1.943334
6354,-18.33989,18.33989
6355,-2.742148,2.742148
6356,-10.74316,10.74316
6357,-0.5096855,0.5096855
6358,-0.0007188015,0.0007188015
6359,0.2661728,0.2661728
6360,4.930742,4.930742
6361,16.00818,16.00818
6362,-71.47392,71.47392
6363,-9.334139,9.334139
6364,0.610053,0.610053
6365,-1.143426,1.143426
6366,1.431571,1.431571
6367,31.20707,31.20707
6368,4.441641,4.441641
6369,-2.824353,2.824353
6370,-19.38392,19.38392
6371,-9.587595,9.587595
6372,-2.158764,2.158764
6373,0.0004655682,0.0004655682
6374,-3.578262,3.578262
6375,-0.07663015,0.07663015
6376,7.711018,7.711018
6377,-1.73119,1.73119
6378,-0.1505677,0.1505677
6379,-3.949191,3.949191
6380,-0.00509001,0.00509001
6381,13.93262,13.93262
6382,9.763536,9.763536
6383,-0.04844959,0.04844959
6384,-0.450599,0.450599
6385,8.271458,8.271458
6386,-13.2822,13.2822
6387,-2.657001,2.657001
6388,-2.534763,2.534763
6389,-0.09192944,0.09192944
6390,0.02315,0.02315
6391,4.033444,4.033444
6392,2.771937,2.771937
6393,-87.78915,87.78915
6394,-3.94724,3.94724
6395,-0.8531364,0.8531364
6396,0.007020579,0.007020579
6397,9.695233,9.695233
6398,4.813741,4.813741
6399,-103.9376,103.9376
6400,8.053575,8.053575
6401,-78.78706,78.78706
6402,-0.07322212,0.07322212
6403,-0.9495773,0.9495773
6404,-3.949687,3.949687
6405,4.665714,4.665714
6406,5.453367,5.453367
6407,-85.54711,85.54711
6408,-18.31628,18.31628
6409,-1.843716,1.843716
6410,-0.703976,0.703976
6411,4.667275,4.667275
6412,-7.265359,7.265359
6413,-0.01211598,0.01211598
6414,2.826328,2.826328
6415,-9.696142,9.696142
6416,0.5724196,0.5724196
6417,-0.02377497,0.02377497
6418,-0.0778724,0.0778724
6419,1.117107,1.117107
6420,0.6901888,0.6901888
6421,6.914402,6.914402
6422,3.868996,3.868996
6423,-1.314352,1.314352
6424,-0.1805041,0.1805041
6425,4.912318,4.912318
6426,11.08934,11.08934
6427,6.822361,6.822361
6428,0.3071643,0.3071643
6429,3.26701,3.26701
6430,59.81068,59.81068
6431,0.00939879,0.00939879
6432,-19.88911,19.88911
6433,3.393782,3.393782
6434,14.15596,14.15596
6435,24.87448,24.87448
6436,3.948173,3.948173
6437,3.94154,3.94154
6438,11.56149,11.56149
6439,-3.23492,3.23492
6440,-12.7812,12.7812
6441,11.33538,11.33538
6442,8.454294,8.454294
6443,5.763103,5.763103
6444,2.939244,2.939244
6445,11.51125,11.51125
6446,11.92708,11.92708
6447,1.033284,1.033284
6448,-13.48936,13.48936
6449,-19.77299,19.77299
6450,-4.929803,4.929803
6451,-0.7846908,0.7846908
6452,-7.1749,7.1749
6453,3.751412,3.751412
6454,13.18045,13.18045
6455,-44.70454,44.70454
6456,-1.828621,1.828621
6457,-15.65521,15.65521
6458,8.082931,8.082931
6459,5.507346,5.507346
6460,0.0913585,0.0913585
6461,10.89505,10.89505
6462,7.720877,7.720877
6463,-14.73286,14.73286
6464,-3.03654,3.03654
6465,-37.74823,37.74823
6466,41.88139,41.88139
6467,4.293306,4.293306
6468,31.6344,31.6344
6469,46.7552,46.7552
6470,37.03931,37.03931
6471,-3.101016,3.101016
6472,-138.6232,138.6232
6473,10.34522,10.34522
6474,27.0325,27.0325
6475,1.348342,1.348342
6476,12.25184,12.25184
6477,24.26719,24.26719
6478,22.19959,22.19959
6479,14.64466,14.64466
6480,-19.01273,19.01273
6481,-0.1865311,0.1865311
6482,4.445896,4.445896
6483,15.46835,15.46835
6484,3.40326,3.40326
6485,2.555875,2.555875
6486,8.375672,8.375672
6487,2.907015,2.907015
6488,-9.40412,9.40412
6489,1.069936,1.069936
6490,21.91313,21.91313
6491,12.67377,12.67377
6492,19.83288,19.83288
6493,3.515759,3.515759
6494,10.06555,10.06555
6495,5.364453,5.364453
6496,-39.98944,39.98944
6497,-12.38136,12.38136
6498,3.991171,3.991171
6499,5.119963,5.119963
6500,28.33037,28.33037
6501,6.822565,6.822565
6502,7.999016,7.999016
6503,4.061564,4.061564
6504,-45.80113,45.80113
6505,-17.2876,17.2876
6506,13.32,13.32
6507,5.113272,5.113272
6508,16.657,16.657
6509,0.5615517,0.5615517
6510,3.213474,3.213474
6511,0.001380274,0.001380274
6512,-30.52051,30.52051
6513,-83.85399,83.85399
6514,20.47537,20.47537
6515,2.450184,2.450184
6516,2.337028,2.337028
6517,18.26973,18.26973
6518,23.85769,23.85769
6519,-35.18849,35.18849
6520,-145.0347,145.0347
6521,-1.515716,1.515716
6522,7.197949,7.197949
6523,1.821058,1.821058
6524,53.38007,53.38007
6525,33.8317,33.8317
6526,27.57138,27.57138
6527,-8.135303,8.135303
6528,-54.7971,54.7971
6529,-0.3213286,0.3213286
6530,13.73615,13.73615
6531,13.46953,13.46953
6532,22.53993,22.53993
6533,35.3626,35.3626
6534,9.348176,9.348176
6535,26.37069,26.37069
6536,-69.79031,69.79031
6537,-0.6925393,0.6925393
6538,-0.1323173,0.1323173
6539,1.800274,1.800274
6540,19.71765,19.71765
6541,-0.4687235,0.4687235
6542,1.625715,1.625715
6543,9.93261,9.93261
6544,-3.204464,3.204464
6545,1.101947,1.101947
6546,4.524664,4.524664
6547,7.204834,7.204834
6548,7.719082,7.719082
6549,2.651501,2.651501
6550,18.15738,18.15738
6551,50.86222,50.86222
6552,-12.27488,12.27488
6553,5.565107,5.565107
6554,-0.5251879,0.5251879
6555,5.856192,5.856192
6556,8.977805,8.977805
6557,0.003235589,0.003235589
6558,24.19711,24.19711
6559,69.34169,69.34169
6560,-5.921022,5.921022
6561,3.526423,3.526423
6562,13.7434,13.7434
6563,6.117615,6.117615
6564,19.5519,19.5519
6565,18.58039,18.58039
6566,17.96485,17.96485
6567,42.44857,42.44857
6568,-41.34655,41.34655
6569,-0.6121727,0.6121727
6570,38.25128,38.25128
6571,4.443726,4.443726
6572,22.64116,22.64116
6573,20.45672,20.45672
6574,0.1855666,0.1855666
6575,11.34726,11.34726
6576,-40.22071,40.22071
6577,-16.31233,16.31233
6578,12.27934,12.27934
6579,2.749351,2.749351
6580,42.2096,42.2096
6581,33.78051,33.78051
6582,6.947943,6.947943
6583,3.002533,3.002533
6584,-36.10718,36.10718
6585,24.05618,24.05618
6586,3.686033,3.686033
6587,2.006761,2.006761
6588,35.6453,35.6453
6589,73.92952,73.92952
6590,12.83414,12.83414
6591,16.2724,16.2724
6592,-56.25677,56.25677
6593,-39.54078,39.54078
6594,-29.12177,29.12177
6595,-1.349091,1.349091
6596,-6.961072,6.961072
6597,-5.633347,5.633347
6598,-2.966972,2.966972
6599,-41.36732,41.36732
6600,113.8417,113.8417
6601,-1.612146,1.612146
6602,-18.85999,18.85999
6603,-0.8668463,0.8668463
6604,-3.256543,3.256543
6605,-0.1438329,0.1438329
6606,0.004381445,0.004381445
6607,-11.14725,11.14725
6608,27.61297,27.61297
6609,-23.01622,23.01622
6610,-4.696898,4.696898
6611,-5.245471,5.245471
6612,-0.1374668,0.1374668
6613,4.534504,4.534504
6614,2.60534,2.60534
6615,-28.79638,28.79638
6616,5.215108,5.215108
6617,-27.0973,27.0973
6618,-33.01368,33.01368
6619,-0.6596676,0.6596676
6620,-5.706771,5.706771
6621,-0.9058825,0.9058825
6622,1.756598,1.756598
6623,-45.89937,45.89937
6624,51.5219,51.5219
6625,-19.24869,19.24869
6626,-6.818549,6.818549
6627,0.06506387,0.06506387
6628,-0.02915489,0.02915489
6629,-1.756429,1.756429
6630,3.443435,3.443435
6631,-54.14992,54.14992
6632,14.34112,14.34112
6633,-32.31232,32.31232
6634,0.4226938,0.4226938
6635,8.725976,8.725976
6636,6.492849,6.492849
6637,1.825755,1.825755
6638,4.00206,4.00206
6639,-45.35351,45.35351
6640,-1.910675,1.910675
6641,-85.88898,85.88898
6642,-1.706596,1.706596
6643,-8.202778,8.202778
6644,-0.6869518,0.6869518
6645,-1.433445,1.433445
6646,2.082157,2.082157
6647,-55.99036,55.99036
6648,50.04268,50.04268
6649,-51.89613,51.89613
6650,-0.14068,0.14068
6651,1.679811,1.679811
6652,1.631065,1.631065
6653,6.230766,6.230766
6654,20.88236,20.88236
6655,-129.1802,129.1802
6656,-3.845387,3.845387
6657,-19.47997,19.47997
6658,27.96652,27.96652
6659,-0.9725145,0.9725145
6660,-0.536104,0.536104
6661,-3.730864,3.730864
6662,-17.79099,17.79099
6663,13.23062,13.23062
6664,42.9482,42.9482
6665,-1.676935,1.676935
6666,0.4093588,0.4093588
6667,-4.875226,4.875226
6668,-6.705534,6.705534
6669,-5.655789,5.655789
6670,0.3424685,0.3424685
6671,-0.002104421,0.002104421
6672,24.49689,24.49689
6673,-5.790853,5.790853
6674,-0.4430153,0.4430153
6675,-0.1306617,0.1306617
6676,-32.20216,32.20216
6677,-9.351124,9.351124
6678,0.0136759,0.0136759
6679,-3.871472,3.871472
6680,17.42033,17.42033
6681,-3.874131,3.874131
6682,4.053245,4.053245
6683,-2.407997,2.407997
6684,-9.668758,9.668758
6685,-13.62087,13.62087
6686,0.2001103,0.2001103
6687,3.834421,3.834421
6688,8.995168,8.995168
6689,-2.774485,2.774485
6690,4.22719,4.22719
6691,0.001679129,0.001679129
6692,-0.02319026,0.02319026
6693,-6.080217,6.080217
6694,-0.07656382,0.07656382
6695,10.59092,10.59092
6696,0.3489444,0.3489444
6697,-0.1729908,0.1729908
6698,18.7271,18.7271
6699,0.04872783,0.04872783
6700,1.875783,1.875783
6701,4.361561,4.361561
6702,-2.506556,2.506556
6703,12.50819,12.50819
6704,-1.569405,1.569405
6705,-18.52761,18.52761
6706,38.16111,38.16111
6707,-0.000386389,0.000386389
6708,0.1312653,0.1312653
6709,-14.37921,14.37921
6710,-11.84628,11.84628
6711,4.370002,4.370002
6712,0.4758401,0.4758401
6713,-48.28501,48.28501
6714,-4.837883,4.837883
6715,-3.983967,3.983967
6716,-11.34049,11.34049
6717,-6.285617,6.285617
6718,-48.2994,48.2994
6719,-37.12688,37.12688
6720,79.16072,79.16072
6721,-51.98222,51.98222
6722,2.647704,2.647704
6723,0.0007094304,0.0007094304
6724,0.2121075,0.2121075
6725,0.09884374,0.09884374
6726,-2.000534,2.000534
6727,-15.60588,15.60588
6728,2.719706,2.719706
6729,2.191943,2.191943
6730,-6.296069,6.296069
6731,-5.169681,5.169681
6732,-0.250549,0.250549
6733,0.03816175,0.03816175
6734,0.08400083,0.08400083
6735,0.1285547,0.1285547
6736,2.594718,2.594718
6737,2.0082,2.0082
6738,-0.05195091,0.05195091
6739,0.9590489,0.9590489
6740,0.3672338,0.3672338
6741,-0.3892434,0.3892434
6742,-0.5168145,0.5168145
6743,0.4186871,0.4186871
6744,0.2585396,0.2585396
6745,0.8333282,0.8333282
6746,-1.433628,1.433628
6747,-0.8821352,0.8821352
6748,-0.03572692,0.03572692
6749,2.938218,2.938218
6750,-2.66208,2.66208
6751,-0.1245986,0.1245986
6752,10.38952,10.38952
6753,-0.005656518,0.005656518
6754,-0.3348989,0.3348989
6755,-4.137908,4.137908
6756,9.52065,9.52065
6757,30.6736,30.6736
6758,-1.843835,1.843835
6759,0.3385848,0.3385848
6760,-1.178502,1.178502
6761,-11.77343,11.77343
6762,-0.8655861,0.8655861
6763,-0.003921119,0.003921119
6764,12.84807,12.84807
6765,0.5005053,0.5005053
6766,3.638691,3.638691
6767,-5.654489,5.654489
6768,0.7287886,0.7287886
6769,-61.50541,61.50541
6770,-1.53847,1.53847
6771,1.933822,1.933822
6772,0.681199,0.681199
6773,0.7948949,0.7948949
6774,-0.03659487,0.03659487
6775,-46.55886,46.55886
6776,-0.1656494,0.1656494
6777,-3.724506,3.724506
6778,-0.9934679,0.9934679
6779,-0.3597976,0.3597976
6780,0.5470254,0.5470254
6781,1.458759,1.458759
6782,-2.917519,2.917519
6783,-17.00252,17.00252
6784,3.589045,3.589045
6785,-110.2204,110.2204
6786,-16.35947,16.35947
6787,-0.6909878,0.6909878
6788,0.03359285,0.03359285
6789,9.228456,9.228456
6790,-0.004993674,0.004993674
6791,-56.87973,56.87973
6792,2.397632,2.397632
6793,0.3392248,0.3392248
6794,0.117095,0.117095
6795,-1.128218,1.128218
6796,2.129074,2.129074
6797,7.46899,7.46899
6798,3.079321,3.079321
6799,-0.5760911,0.5760911
6800,0.009517487,0.009517487
6801,-1.235235,1.235235
6802,-0.8074262,0.8074262
6803,-4.363942,4.363942
6804,3.429918,3.429918
6805,7.871779,7.871779
6806,2.545485,2.545485
6807,-2.283357,2.283357
6808,-1.333635,1.333635
6809,-7.851906,7.851906
6810,5.031979,5.031979
6811,-1.605559,1.605559
6812,-0.3111832,0.3111832
6813,-0.1082618,0.1082618
6814,0.1516075,0.1516075
6815,-6.160563,6.160563
6816,0.2161462,0.2161462
6817,-3.567462,3.567462
6818,1.419547,1.419547
6819,-1.401601,1.401601
6820,0.1053822,0.1053822
6821,-0.004105563,0.004105563
6822,9.287511,9.287511
6823,-1.412491,1.412491
6824,-0.002778592,0.002778592
6825,-14.33672,14.33672
6826,3.763093,3.763093
6827,0.005012263,0.005012263
6828,3.319856,3.319856
6829,1.130229,1.130229
6830,10.58245,10.58245
6831,-15.30738,15.30738
6832,-6.265265,6.265265
6833,-47.20294,47.20294
6834,-2.967046,2.967046
6835,-1.446133,1.446133
6836,-0.02716762,0.02716762
6837,2.505775,2.505775
6838,-0.1863512,0.1863512
6839,-32.15051,32.15051
6840,0.9341154,0.9341154
6841,-45.85821,45.85821
6842,-2.796659,2.796659
6843,0.08796311,0.08796311
6844,-0.1344589,0.1344589
6845,0.8492354,0.8492354
6846,1.040542,1.040542
6847,-12.94957,12.94957
6848,-0.007686879,0.007686879
6849,-82.73832,82.73832
6850,2.699912,2.699912
6851,-0.1056589,0.1056589
6852,0.006711218,0.006711218
6853,-5.884491,5.884491
6854,-4.200587,4.200587
6855,-109.581,109.581
6856,43.30545,43.30545
6857,-8.351403,8.351403
6858,-0.4008703,0.4008703
6859,-6.988761,6.988761
6860,-0.09356891,0.09356891
6861,-1.986129,1.986129
6862,-2.106943,2.106943
6863,-0.7309335,0.7309335
6864,5.89126,5.89126
6865,-14.41359,14.41359
6866,0.6935988,0.6935988
6867,-1.185313,1.185313
6868,-0.1393925,0.1393925
6869,0.1925689,0.1925689
6870,5.1559,5.1559
6871,-1.970214,1.970214
6872,0.347784,0.347784
6873,-12.94368,12.94368
6874,20.94151,20.94151
6875,-0.1329691,0.1329691
6876,-7.443047,7.443047
6877,-3.487102,3.487102
6878,0.2078211,0.2078211
6879,-3.115112,3.115112
6880,10.38152,10.38152
6881,-1.82961,1.82961
6882,3.412689,3.412689
6883,0.07747395,0.07747395
6884,-0.7279291,0.7279291
6885,-5.737012,5.737012
6886,7.224735,7.224735
6887,2.816851,2.816851
6888,-1.150194,1.150194
6889,-8.310106,8.310106
6890,9.159992,9.159992
6891,1.634193,1.634193
6892,-1.785776,1.785776
6893,-0.01534079,0.01534079
6894,3.57152,3.57152
6895,-3.368514,3.368514
6896,-0.4539556,0.4539556
6897,-89.89368,89.89368
6898,1.75052,1.75052
6899,-2.052172,2.052172
6900,2.060606,2.060606
6901,-7.502267,7.502267
6902,-14.32019,14.32019
6903,-98.48891,98.48891
6904,24.32077,24.32077
6905,-5.909443,5.909443
6906,3.655082,3.655082
6907,-0.05956953,0.05956953
6908,3.389047,3.389047
6909,-0.05306761,0.05306761
6910,-2.609809,2.609809
6911,-16.69094,16.69094
6912,0.9848742,0.9848742
6913,143.5358,143.5358
6914,42.584,42.584
6915,-0.08837048,0.08837048
6916,-0.06034185,0.06034185
6917,-0.005430814,0.005430814
6918,-1.736198,1.736198
6919,88.78463,88.78463
6920,-5.574883,5.574883
6921,10.63799,10.63799
6922,1.376012,1.376012
6923,0.3623994,0.3623994
6924,23.67972,23.67972
6925,0.2101108,0.2101108
6926,0.2902615,0.2902615
6927,-22.55608,22.55608
6928,-8.03716,8.03716
6929,73.43464,73.43464
6930,4.248947,4.248947
6931,1.715345,1.715345
6932,20.30193,20.30193
6933,2.087818,2.087818
6934,1.466067,1.466067
6935,-16.06582,16.06582
6936,-8.661022,8.661022
6937,2.579716,2.579716
6938,0.8820614,0.8820614
6939,0.3660492,0.3660492
6940,2.014078,2.014078
6941,2.296018,2.296018
6942,-0.7392523,0.7392523
6943,-16.80422,16.80422
6944,-11.34311,11.34311
6945,20.43941,20.43941
6946,7.004004,7.004004
6947,-1.893711,1.893711
6948,-0.2451616,0.2451616
6949,9.289456,9.289456
6950,-2.85252,2.85252
6951,-5.999224,5.999224
6952,-2.487706,2.487706
6953,15.83027,15.83027
6954,-2.753319,2.753319
6955,-1.172197,1.172197
6956,1.386429,1.386429
6957,2.775083,2.775083
6958,0.8680086,0.8680086
6959,-14.51678,14.51678
6960,-5.366961,5.366961
6961,94.56678,94.56678
6962,32.17141,32.17141
6963,0.08781387,0.08781387
6964,17.53998,17.53998
6965,32.11987,32.11987
6966,14.66148,14.66148
6967,59.61156,59.61156
6968,-37.77591,37.77591
6969,6.623627,6.623627
6970,-13.00126,13.00126
6971,-20.71428,20.71428
6972,-30.68223,30.68223
6973,-6.317411,6.317411
6974,-14.0027,14.0027
6975,1.671897,1.671897
6976,61.88252,61.88252
6977,91.79807,91.79807
6978,-0.2631826,0.2631826
6979,-8.799346,8.799346
6980,33.78881,33.78881
6981,1.595887,1.595887
6982,2.514438,2.514438
6983,0.7125896,0.7125896
6984,-75.17281,75.17281
6985,2.863751,2.863751
6986,0.08252104,0.08252104
6987,-24.42588,24.42588
6988,16.86592,16.86592
6989,-0.1721002,0.1721002
6990,-1.921305,1.921305
6991,-10.44195,10.44195
6992,27.74789,27.74789
6993,-37.03729,37.03729
6994,0.07997438,0.07997438
6995,-0.5829408,0.5829408
6996,1.572229,1.572229
6997,-1.540545,1.540545
6998,-1.115821,1.115821
6999,-9.04333,9.04333
7000,0.5010114,0.5010114
7001,14.96817,14.96817
7002,4.292516e-06,4.292516e-06
7003,-18.66331,18.66331
7004,12.74765,12.74765
7005,-1.939793,1.939793
7006,-1.147001,1.147001
7007,-0.008969807,0.008969807
7008,34.6063,34.6063
7009,-1.172143,1.172143
7010,-2.514708,2.514708
7011,-22.52427,22.52427
7012,28.75199,28.75199
7013,-0.03767838,0.03767838
7014,-8.892801,8.892801
7015,-1.25581,1.25581
7016,23.32759,23.32759
7017,1.591927,1.591927
7018,-1.567987,1.567987
7019,-45.23461,45.23461
7020,0.07744407,0.07744407
7021,-4.286947,4.286947
7022,-1.723448,1.723448
7023,0.248029,0.248029
7024,51.13937,51.13937
7025,108.7315,108.7315
7026,0.7568901,0.7568901
7027,0.1321127,0.1321127
7028,10.18445,10.18445
7029,31.94473,31.94473
7030,19.35007,19.35007
7031,82.24554,82.24554
7032,-91.18301,91.18301
7033,-18.01157,18.01157
7034,9.25434,9.25434
7035,-0.6157848,0.6157848
7036,7.515755,7.515755
7037,0.9037225,0.9037225
7038,-3.885033,3.885033
7039,-25.94983,25.94983
7040,0.1623925,0.1623925
7041,21.32421,21.32421
7042,17.92809,17.92809
7043,-1.252964,1.252964
7044,-0.01514176,0.01514176
7045,9.032671,9.032671
7046,3.611507,3.611507
7047,7.210904,7.210904
7048,-23.98009,23.98009
7049,-3.825501,3.825501
7050,0.02307615,0.02307615
7051,-0.9082488,0.9082488
7052,0.04860755,0.04860755
7053,-0.01189743,0.01189743
7054,-0.02686041,0.02686041
7055,19.04198,19.04198
7056,2.485442,2.485442
7057,-0.3364118,0.3364118
7058,-1.205651,1.205651
7059,-3.339839,3.339839
7060,3.262035,3.262035
7061,5.137119,5.137119
7062,0.03568541,0.03568541
7063,1.622503,1.622503
7064,-0.1695941,0.1695941
7065,-1.36513,1.36513
7066,0.05927744,0.05927744
7067,-0.4169511,0.4169511
7068,1.483115,1.483115
7069,-3.113719,3.113719
7070,-0.05731163,0.05731163
7071,13.29295,13.29295
7072,20.4387,20.4387
7073,-0.05147128,0.05147128
7074,0.7510817,0.7510817
7075,-0.2056798,0.2056798
7076,-2.769144,2.769144
7077,-2.517672,2.517672
7078,0.2863045,0.2863045
7079,18.63766,18.63766
7080,3.630603,3.630603
7081,0.3562384,0.3562384
7082,1.677877,1.677877
7083,0.002682789,0.002682789
7084,0.4383824,0.4383824
7085,-1.236175,1.236175
7086,-5.650882,5.650882
7087,5.422573,5.422573
7088,-0.002426555,0.002426555
7089,85.70778,85.70778
7090,17.27054,17.27054
7091,5.251871,5.251871
7092,47.99951,47.99951
7093,77.61486,77.61486
7094,33.91562,33.91562
7095,35.98438,35.98438
7096,-61.14558,61.14558
7097,-0.7603129,0.7603129
7098,1.753269,1.753269
7099,-1.628389,1.628389
7100,-0.005456261,0.005456261
7101,-0.463475,0.463475
7102,-15.89384,15.89384
7103,21.63367,21.63367
7104,14.43278,14.43278
7105,-89.82922,89.82922
7106,-1.160507,1.160507
7107,4.244327,4.244327
7108,-0.5325758,0.5325758
7109,22.33653,22.33653
7110,53.87329,53.87329
7111,-18.44006,18.44006
7112,-34.70057,34.70057
7113,-7.767601,7.767601
7114,7.464321,7.464321
7115,1.323759,1.323759
7116,0.9263543,0.9263543
7117,-0.0001108237,0.0001108237
7118,6.661455,6.661455
7119,-2.111981,2.111981
7120,-2.676121,2.676121
7121,-22.97069,22.97069
7122,1.323318,1.323318
7123,11.61376,11.61376
7124,-0.00211528,0.00211528
7125,0.13383,0.13383
7126,2.042445,2.042445
7127,-5.06734,5.06734
7128,-1.428513,1.428513
7129,-32.15335,32.15335
7130,35.51809,35.51809
7131,4.797526,4.797526
7132,34.27863,34.27863
7133,27.82825,27.82825
7134,24.04376,24.04376
7135,-4.678195,4.678195
7136,-44.02024,44.02024
7137,-6.733355,6.733355
7138,25.38655,25.38655
7139,2.817847,2.817847
7140,20.73381,20.73381
7141,53.39181,53.39181
7142,36.12804,36.12804
7143,-29.13972,29.13972
7144,-24.88472,24.88472
7145,-19.33267,19.33267
7146,1.310565,1.310565
7147,1.691566,1.691566
7148,11.3867,11.3867
7149,3.885108,3.885108
7150,52.18598,52.18598
7151,-26.15289,26.15289
7152,-5.882225,5.882225
7153,-14.80146,14.80146
7154,15.01398,15.01398
7155,1.472459,1.472459
7156,46.29413,46.29413
7157,22.78151,22.78151
7158,37.2424,37.2424
7159,-1.707763,1.707763
7160,-39.80537,39.80537
7161,-48.03275,48.03275
7162,15.372,15.372
7163,0.2146897,0.2146897
7164,5.145984,5.145984
7165,3.491198,3.491198
7166,-12.2479,12.2479
7167,-42.12585,42.12585
7168,30.49679,30.49679
7169,-31.72513,31.72513
7170,-1.158741,1.158741
7171,-15.30591,15.30591
7172,-13.04188,13.04188
7173,-28.0734,28.0734
7174,-64.83913,64.83913
7175,15.41023,15.41023
7176,139.6903,139.6903
7177,-0.06212443,0.06212443
7178,4.179787,4.179787
7179,-8.557451,8.557451
7180,-2.208361,2.208361
7181,-0.9018314,0.9018314
7182,-0.03943427,0.03943427
7183,15.97474,15.97474
7184,21.27268,21.27268
7185,-14.40594,14.40594
7186,-2.998355,2.998355
7187,0.07184465,0.07184465
7188,-3.800319,3.800319
7189,-2.047099,2.047099
7190,-1.361677,1.361677
7191,1.860101,1.860101
7192,6.630288,6.630288
7193,-5.352456,5.352456
7194,0.4933051,0.4933051
7195,-3.133672,3.133672
7196,-0.1640573,0.1640573
7197,-0.3115391,0.3115391
7198,0.1753839,0.1753839
7199,6.533276,6.533276
7200,0.6191812,0.6191812
7201,-21.87198,21.87198
7202,-2.381968,2.381968
7203,-5.962542,5.962542
7204,-0.3954727,0.3954727
7205,-3.460472,3.460472
7206,0.001165665,0.001165665
7207,2.605536,2.605536
7208,12.27013,12.27013
7209,-7.800313,7.800313
7210,-2.842301,2.842301
7211,-0.5600882,0.5600882
7212,-0.05209876,0.05209876
7213,-3.590403,3.590403
7214,-0.04552506,0.04552506
7215,-0.1024349,0.1024349
7216,8.157122,8.157122
7217,0.004577061,0.004577061
7218,10.1413,10.1413
7219,-0.3084865,0.3084865
7220,4.755691,4.755691
7221,3.282586,3.282586
7222,0.8158448,0.8158448
7223,0.8007162,0.8007162
7224,-4.791108,4.791108
7225,-55.81884,55.81884
7226,-27.2913,27.2913
7227,-24.18602,24.18602
7228,-5.047957,5.047957
7229,-3.921747,3.921747
7230,-10.87321,10.87321
7231,-3.050822,3.050822
7232,84.84024,84.84024
7233,-12.71195,12.71195
7234,0.001630912,0.001630912
7235,-1.781578,1.781578
7236,-0.124733,0.124733
7237,-4.510408,4.510408
7238,-20.29583,20.29583
7239,-4.950696,4.950696
7240,145.8492,145.8492
7241,1.83036,1.83036
7242,-8.825047,8.825047
7243,-0.0006110014,0.0006110014
7244,2.961357,2.961357
7245,-3.11121,3.11121
7246,-12.5862,12.5862
7247,0.6731885,0.6731885
7248,26.51665,26.51665
7249,-8.113735,8.113735
7250,-4.263963,4.263963
7251,0.5268743,0.5268743
7252,-3.827237,3.827237
7253,7.554571,7.554571
7254,-6.690685,6.690685
7255,-16.17046,16.17046
7256,4.682364,4.682364
7257,-0.8752037,0.8752037
7258,-5.076219,5.076219
7259,0.4072971,0.4072971
7260,-1.053132,1.053132
7261,-1.469477,1.469477
7262,-2.034877,2.034877
7263,3.075081,3.075081
7264,64.51539,64.51539
7265,-7.024832,7.024832
7266,0.01632927,0.01632927
7267,1.345061,1.345061
7268,0.0127738,0.0127738
7269,-0.1792339,0.1792339
7270,-13.90422,13.90422
7271,-8.364438,8.364438
7272,15.52322,15.52322
7273,-35.12438,35.12438
7274,-11.06098,11.06098
7275,0.4555957,0.4555957
7276,0.603728,0.603728
7277,-2.157198,2.157198
7278,-7.212305,7.212305
7279,-11.70054,11.70054
7280,31.80473,31.80473
7281,-7.524098e-05,7.524098e-05
7282,8.444061,8.444061
7283,-3.208587,3.208587
7284,11.64153,11.64153
7285,17.63076,17.63076
7286,1.386718,1.386718
7287,-7.073123,7.073123
7288,-4.851177,4.851177
7289,39.61047,39.61047
7290,3.924705,3.924705
7291,-3.526086,3.526086
7292,7.369761,7.369761
7293,0.7364408,0.7364408
7294,-23.82801,23.82801
7295,35.79462,35.79462
7296,-2.268086,2.268086
7297,114.7196,114.7196
7298,31.6292,31.6292
7299,11.72284,11.72284
7300,60.4443,60.4443
7301,3.868796,3.868796
7302,24.61242,24.61242
7303,41.31798,41.31798
7304,-111.1938,111.1938
7305,24.5068,24.5068
7306,63.74317,63.74317
7307,23.58859,23.58859
7308,60.05383,60.05383
7309,38.05645,38.05645
7310,13.84713,13.84713
7311,-11.24051,11.24051
7312,-77.39428,77.39428
7313,2.792151,2.792151
7314,16.91141,16.91141
7315,9.803287,9.803287
7316,32.4674,32.4674
7317,14.32923,14.32923
7318,21.14183,21.14183
7319,-0.5257981,0.5257981
7320,-24.88742,24.88742
7321,31.49603,31.49603
7322,45.27352,45.27352
7323,75.18962,75.18962
7324,116.5459,116.5459
7325,1.027795,1.027795
7326,44.46289,44.46289
7327,-0.9192644,0.9192644
7328,-126.148,126.148
7329,6.086479,6.086479
7330,35.12986,35.12986
7331,24.60589,24.60589
7332,53.01795,53.01795
7333,29.90787,29.90787
7334,31.58533,31.58533
7335,-1.485848,1.485848
7336,-44.29982,44.29982
7337,7.050779,7.050779
7338,2.036033,2.036033
7339,-1.880623,1.880623
7340,0.003787644,0.003787644
7341,5.796255,5.796255
7342,51.55641,51.55641
7343,0.0124469,0.0124469
7344,-50.49599,50.49599
7345,110.6682,110.6682
7346,4.409092,4.409092
7347,3.844364,3.844364
7348,73.22137,73.22137
7349,19.84337,19.84337
7350,20.81831,20.81831
7351,44.91302,44.91302
7352,-113.5445,113.5445
7353,62.49064,62.49064
7354,4.284102,4.284102
7355,6.886914,6.886914
7356,14.40073,14.40073
7357,5.602417,5.602417
7358,15.39525,15.39525
7359,-22.87754,22.87754
7360,-34.03021,34.03021
7361,49.95026,49.95026
7362,137.212,137.212
7363,0.04564415,0.04564415
7364,16.39791,16.39791
7365,-0.009538878,0.009538878
7366,-4.306136,4.306136
7367,44.27114,44.27114
7368,26.50288,26.50288
7369,7.866143,7.866143
7370,8.343926,8.343926
7371,0.7243528,0.7243528
7372,-4.330162,4.330162
7373,0.03634488,0.03634488
7374,1.071564,1.071564
7375,0.6930484,0.6930484
7376,-10.42417,10.42417
7377,0.08977819,0.08977819
7378,18.84998,18.84998
7379,2.158633,2.158633
7380,-0.07422204,0.07422204
7381,5.776856,5.776856
7382,5.197187,5.197187
7383,-1.32423,1.32423
7384,-20.96949,20.96949
7385,6.031725,6.031725
7386,14.46129,14.46129
7387,7.536996,7.536996
7388,-8.937935,8.937935
7389,0.1363009,0.1363009
7390,-0.02416067,0.02416067
7391,5.727429,5.727429
7392,-14.43494,14.43494
7393,6.726695,6.726695
7394,1.794722,1.794722
7395,16.12902,16.12902
7396,-4.90943,4.90943
7397,2.933107,2.933107
7398,0.1603469,0.1603469
7399,0.3219544,0.3219544
7400,-10.56739,10.56739
7401,-1.501436,1.501436
7402,-2.473093,2.473093
7403,0.1362883,0.1362883
7404,-3.616131,3.616131
7405,1.299352,1.299352
7406,11.57725,11.57725
7407,-0.04740106,0.04740106
7408,-26.17175,26.17175
7409,95.77965,95.77965
7410,25.65953,25.65953
7411,-0.03642966,0.03642966
7412,34.58228,34.58228
7413,25.10933,25.10933
7414,9.138831,9.138831
7415,69.16367,69.16367
7416,-39.09975,39.09975
7417,24.09672,24.09672
7418,30.46204,30.46204
7419,-0.0636009,0.0636009
7420,13.74208,13.74208
7421,11.20083,11.20083
7422,0.9950233,0.9950233
7423,-16.71575,16.71575
7424,-30.09274,30.09274
7425,9.571209,9.571209
7426,-34.65919,34.65919
7427,-0.02740231,0.02740231
7428,3.003845,3.003845
7429,0.3108007,0.3108007
7430,-30.64279,30.64279
7431,70.80095,70.80095
7432,43.76219,43.76219
7433,-4.611149,4.611149
7434,-14.02488,14.02488
7435,10.0955,10.0955
7436,15.30428,15.30428
7437,3.025708,3.025708
7438,-0.502203,0.502203
7439,-4.302738,4.302738
7440,0.1141381,0.1141381
7441,-34.41704,34.41704
7442,-7.727218,7.727218
7443,20.02756,20.02756
7444,-0.7003238,0.7003238
7445,0.05830421,0.05830421
7446,1.368984,1.368984
7447,-38.78754,38.78754
7448,-1.114054,1.114054
7449,-35.00053,35.00053
7450,-3.68263,3.68263
7451,25.6924,25.6924
7452,30.09644,30.09644
7453,2.446101,2.446101
7454,-12.33155,12.33155
7455,-11.41645,11.41645
7456,-2.532429,2.532429
7457,-54.27647,54.27647
7458,-16.97892,16.97892
7459,-0.1961783,0.1961783
7460,17.17291,17.17291
7461,20.88269,20.88269
7462,2.243158,2.243158
7463,-32.96989,32.96989
7464,-16.96132,16.96132
7465,-29.77225,29.77225
7466,-8.451488,8.451488
7467,3.233555,3.233555
7468,40.19219,40.19219
7469,12.75912,12.75912
7470,-16.6598,16.6598
7471,2.231126,2.231126
7472,0.05673313,0.05673313
7473,-21.67555,21.67555
7474,-64.45326,64.45326
7475,-9.683152,9.683152
7476,-26.55802,26.55802
7477,-1.177002,1.177002
7478,-25.38806,25.38806
7479,16.73607,16.73607
7480,108.3123,108.3123
7481,17.00684,17.00684
7482,20.29387,20.29387
7483,-2.487912,2.487912
7484,0.2151686,0.2151686
7485,3.429988,3.429988
7486,1.283825,1.283825
7487,-27.82154,27.82154
7488,-6.53871,6.53871
7489,84.45805,84.45805
7490,84.66573,84.66573
7491,12.49684,12.49684
7492,62.98062,62.98062
7493,56.66036,56.66036
7494,19.57343,19.57343
7495,-0.2059078,0.2059078
7496,-107.6739,107.6739
7497,99.57861,99.57861
7498,-2.322565,2.322565
7499,15.42199,15.42199
7500,32.88548,32.88548
7501,32.77405,32.77405
7502,24.73986,24.73986
7503,37.01591,37.01591
7504,-81.79797,81.79797
7505,65.32485,65.32485
7506,31.80049,31.80049
7507,8.582486,8.582486
7508,57.67631,57.67631
7509,29.08998,29.08998
7510,20.69458,20.69458
7511,-1.371808,1.371808
7512,-107.6658,107.6658
7513,101.5922,101.5922
7514,39.87381,39.87381
7515,28.26665,28.26665
7516,29.40369,29.40369
7517,69.67475,69.67475
7518,40.26981,40.26981
7519,10.87304,10.87304
7520,-161.0784,161.0784
7521,95.31227,95.31227
7522,-0.03253116,0.03253116
7523,-0.3752356,0.3752356
7524,35.62289,35.62289
7525,45.32836,45.32836
7526,26.45086,26.45086
7527,0.8373228,0.8373228
7528,-91.42538,91.42538
7529,44.03673,44.03673
7530,15.58707,15.58707
7531,3.253357,3.253357
7532,15.15312,15.15312
7533,54.46778,54.46778
7534,49.12119,49.12119
7535,-0.6630748,0.6630748
7536,-92.90592,92.90592
7537,79.64435,79.64435
7538,40.50687,40.50687
7539,0.5187852,0.5187852
7540,39.10504,39.10504
7541,76.38597,76.38597
7542,41.10033,41.10033
7543,-0.2933215,0.2933215
7544,-92.79489,92.79489
7545,143.5432,143.5432
7546,96.08199,96.08199
7547,21.54928,21.54928
7548,78.41119,78.41119
7549,50.20867,50.20867
7550,18.47074,18.47074
7551,-2.755152,2.755152
7552,-141.1828,141.1828
7553,32.28789,32.28789
7554,1.229254,1.229254
7555,-0.03725107,0.03725107
7556,0.9135686,0.9135686
7557,-0.6326542,0.6326542
7558,-1.550292,1.550292
7559,-7.522798,7.522798
7560,0.1455103,0.1455103
7561,0.004896057,0.004896057
7562,-2.691673,2.691673
7563,-19.98627,19.98627
7564,29.47455,29.47455
7565,-0.1106118,0.1106118
7566,25.85325,25.85325
7567,5.53041,5.53041
7568,-21.11248,21.11248
7569,0.2199929,0.2199929
7570,-0.644073,0.644073
7571,-0.6769348,0.6769348
7572,19.78928,19.78928
7573,1.824917,1.824917
7574,26.09163,26.09163
7575,1.118424,1.118424
7576,-11.99713,11.99713
7577,-2.459771,2.459771
7578,-1.377731,1.377731
7579,-0.01020083,0.01020083
7580,44.31618,44.31618
7581,-12.30171,12.30171
7582,9.155422,9.155422
7583,28.72245,28.72245
7584,-0.2421539,0.2421539
7585,12.39997,12.39997
7586,-2.441069,2.441069
7587,-3.386596,3.386596
7588,9.91715,9.91715
7589,-15.83615,15.83615
7590,1.825275,1.825275
7591,31.10192,31.10192
7592,-0.306387,0.306387
7593,-13.12969,13.12969
7594,-8.181678,8.181678
7595,-7.890358,7.890358
7596,7.336426,7.336426
7597,0.2691559,0.2691559
7598,8.896537,8.896537
7599,17.4883,17.4883
7600,-0.03410213,0.03410213
7601,18.41026,18.41026
7602,24.25553,24.25553
7603,1.46188,1.46188
7604,29.12616,29.12616
7605,17.62313,17.62313
7606,10.89124,10.89124
7607,-0.3650265,0.3650265
7608,-20.92558,20.92558
7609,21.11567,21.11567
7610,-0.01830666,0.01830666
7611,-0.6294974,0.6294974
7612,11.47975,11.47975
7613,-0.6432295,0.6432295
7614,-0.5464069,0.5464069
7615,17.61354,17.61354
7616,-7.078177,7.078177
7617,153.0574,153.0574
7618,17.63128,17.63128
7619,82.44634,82.44634
7620,121.1964,121.1964
7621,66.26257,66.26257
7622,33.50563,33.50563
7623,-105.6118,105.6118
7624,-158.1531,158.1531
7625,84.18264,84.18264
7626,7.358935,7.358935
7627,4.314136,4.314136
7628,17.95164,17.95164
7629,15.05033,15.05033
7630,1.305305,1.305305
7631,-13.46003,13.46003
7632,-52.7851,52.7851
7633,138.0064,138.0064
7634,11.57936,11.57936
7635,0.100967,0.100967
7636,2.381696,2.381696
7637,30.66575,30.66575
7638,1.303861,1.303861
7639,-4.817232,4.817232
7640,-64.4786,64.4786
7641,131.8369,131.8369
7642,11.74857,11.74857
7643,1.150955,1.150955
7644,14.8285,14.8285
7645,-0.9550297,0.9550297
7646,2.21366,2.21366
7647,-4.144355,4.144355
7648,-75.46667,75.46667
7649,104.3218,104.3218
7650,5.322914,5.322914
7651,27.26477,27.26477
7652,-0.9535857,0.9535857
7653,5.916095,5.916095
7654,-0.02653514,0.02653514
7655,-13.15227,13.15227
7656,-67.56462,67.56462
7657,158.5966,158.5966
7658,2.531719,2.531719
7659,0.002092626,0.002092626
7660,40.22043,40.22043
7661,-0.3757564,0.3757564
7662,29.11987,29.11987
7663,-1.653837,1.653837
7664,-60.13023,60.13023
7665,102.9269,102.9269
7666,21.06091,21.06091
7667,4.144101,4.144101
7668,15.27022,15.27022
7669,6.05126,6.05126
7670,36.41117,36.41117
7671,-100.0261,100.0261
7672,-0.33212,0.33212
7673,-0.8156456,0.8156456
7674,-7.345868,7.345868
7675,-5.785588,5.785588
7676,-1.422639,1.422639
7677,-13.68766,13.68766
7678,-21.92872,21.92872
7679,112.6987,112.6987
7680,54.39408,54.39408
7681,-69.41085,69.41085
7682,28.28525,28.28525
7683,-5.086722e-06,5.086722e-06
7684,14.90012,14.90012
7685,0.01715233,0.01715233
7686,-4.275078,4.275078
7687,2.29127,2.29127
7688,-28.34765,28.34765
7689,-50.67997,50.67997
7690,3.735409,3.735409
7691,0.2641827,0.2641827
7692,33.4836,33.4836
7693,-4.522025,4.522025
7694,-21.72985,21.72985
7695,5.970397,5.970397
7696,-4.837824,4.837824
7697,-96.12494,96.12494
7698,3.744307,3.744307
7699,3.102628,3.102628
7700,1.692653,1.692653
7701,-10.67352,10.67352
7702,-30.73439,30.73439
7703,38.19636,38.19636
7704,7.568669,7.568669
7705,-81.76469,81.76469
7706,15.43941,15.43941
7707,0.006612961,0.006612961
7708,20.96451,20.96451
7709,-6.248558,6.248558
7710,-19.91393,19.91393
7711,43.24463,43.24463
7712,1.790811,1.790811
7713,-47.01468,47.01468
7714,1.456924,1.456924
7715,0.1241796,0.1241796
7716,33.8624,33.8624
7717,-0.6190498,0.6190498
7718,-14.32539,14.32539
7719,17.52262,17.52262
7720,-4.448107,4.448107
7721,-90.44077,90.44077
7722,13.94453,13.94453
7723,0.1706116,0.1706116
7724,28.86962,28.86962
7725,-8.233687,8.233687
7726,-17.41725,17.41725
7727,17.45099,17.45099
7728,0.7571012,0.7571012
7729,0.03413717,0.03413717
7730,24.18119,24.18119
7731,0.3149226,0.3149226
7732,27.21539,27.21539
7733,20.04261,20.04261
7734,4.86132,4.86132
7735,-132.894,132.894
7736,71.91306,71.91306
7737,-56.75049,56.75049
7738,4.865577,4.865577
7739,-0.090274,0.090274
7740,0.004795385,0.004795385
7741,11.81767,11.81767
7742,-9.870646,9.870646
7743,-8.918324,8.918324
7744,31.24256,31.24256
7745,146.438,146.438
7746,43.19561,43.19561
7747,-1.626982,1.626982
7748,0.1648676,0.1648676
7749,-15.86017,15.86017
7750,-48.10013,48.10013
7751,167.6322,167.6322
7752,193.8197,193.8197
7753,-6.107763,6.107763
7754,-0.1414699,0.1414699
7755,-0.008086108,0.008086108
7756,-28.45528,28.45528
7757,-19.05545,19.05545
7758,-43.51659,43.51659
7759,65.88167,65.88167
7760,120.6699,120.6699
7761,35.3708,35.3708
7762,3.078626,3.078626
7763,-1.081532,1.081532
7764,11.37188,11.37188
7765,-3.223133,3.223133
7766,-16.65746,16.65746
7767,2.031229,2.031229
7768,72.0162,72.0162
7769,9.35711,9.35711
7770,20.17523,20.17523
7771,-7.324105,7.324105
7772,-0.07779274,0.07779274
7773,-15.96798,15.96798
7774,-43.41234,43.41234
7775,99.26585,99.26585
7776,146.4784,146.4784
7777,10.46963,10.46963
7778,18.58537,18.58537
7779,4.0479,4.0479
7780,-0.0001430473,0.0001430473
7781,-5.040638,5.040638
7782,-19.31838,19.31838
7783,24.92487,24.92487
7784,72.11041,72.11041
7785,46.0081,46.0081
7786,15.78955,15.78955
7787,-0.8815289,0.8815289
7788,3.87168,3.87168
7789,-3.483602,3.483602
7790,-36.02752,36.02752
7791,26.7946,26.7946
7792,89.16789,89.16789
7793,-106.4446,106.4446
7794,-42.53065,42.53065
7795,-23.80165,23.80165
7796,-28.39583,28.39583
7797,-41.70501,41.70501
7798,-63.04872,63.04872
7799,-30.79767,30.79767
7800,41.12047,41.12047
7801,-140.057,140.057
7802,-69.4708,69.4708
7803,-44.30339,44.30339
7804,-80.23254,80.23254
7805,-67.73974,67.73974
7806,-76.36282,76.36282
7807,-5.584892,5.584892
7808,29.51809,29.51809
7809,-222.8641,222.8641
7810,-62.42579,62.42579
7811,-12.17641,12.17641
7812,-35.46007,35.46007
7813,9.45383,9.45383
7814,-8.689122,8.689122
7815,194.783,194.783
7816,188.6073,188.6073
7817,-188.6598,188.6598
7818,1.063435,1.063435
7819,0.4397396,0.4397396
7820,-7.851204,7.851204
7821,24.56997,24.56997
7822,-0.8610514,0.8610514
7823,140.2241,140.2241
7824,156.6939,156.6939
7825,-104.8982,104.8982
7826,-34.74861,34.74861
7827,-0.06956921,0.06956921
7828,-9.42697,9.42697
7829,7.327388,7.327388
7830,-10.42563,10.42563
7831,121.2304,121.2304
7832,131.8252,131.8252
7833,-153.3441,153.3441
7834,-0.2320856,0.2320856
7835,-3.257741,3.257741
7836,3.020258,3.020258
7837,57.09581,57.09581
7838,-0.03155953,0.03155953
7839,116.3268,116.3268
7840,160.8858,160.8858
7841,-145.3336,145.3336
7842,-1.780678,1.780678
7843,-2.53854,2.53854
7844,0.008400194,0.008400194
7845,55.85484,55.85484
7846,-2.108195,2.108195
7847,120.1299,120.1299
7848,152.6693,152.6693
7849,-158.8034,158.8034
7850,-0.6996375,0.6996375
7851,-3.192337,3.192337
7852,-0.6905051,0.6905051
7853,36.22131,36.22131
7854,0.6788925,0.6788925
7855,101.8014,101.8014
7856,137.2978,137.2978
7857,-132.9279,132.9279
7858,-68.42666,68.42666
7859,-29.85012,29.85012
7860,-18.46474,18.46474
7861,-1.214373,1.214373
7862,-35.67181,35.67181
7863,-14.87193,14.87193
7864,48.28165,48.28165
7865,-130.6786,130.6786
7866,-72.93944,72.93944
7867,-35.57552,35.57552
7868,-27.72098,27.72098
7869,-8.168057,8.168057
7870,-34.12428,34.12428
7871,9.463413,9.463413
7872,37.23685,37.23685
7873,173.2292,173.2292
7874,72.39008,72.39008
7875,104.9474,104.9474
7876,140.4358,140.4358
7877,72.34635,72.34635
7878,69.65215,69.65215
7879,-193.7433,193.7433
7880,77.18673,77.18673
7881,68.73001,68.73001
7882,15.86563,15.86563
7883,58.73883,58.73883
7884,14.51276,14.51276
7885,40.50437,40.50437
7886,69.60809,69.60809
7887,-85.56851,85.56851
7888,65.57297,65.57297
7889,31.54358,31.54358
7890,9.126612,9.126612
7891,34.11944,34.11944
7892,40.25559,40.25559
7893,37.13047,37.13047
7894,19.02672,19.02672
7895,-34.42561,34.42561
7896,6.638264,6.638264
7897,89.70414,89.70414
7898,1.229747,1.229747
7899,17.02012,17.02012
7900,46.97101,46.97101
7901,17.26941,17.26941
7902,34.64141,34.64141
7903,-99.46243,99.46243
7904,86.92137,86.92137
7905,40.35386,40.35386
7906,9.938935,9.938935
7907,45.18827,45.18827
7908,27.72105,27.72105
7909,31.08838,31.08838
7910,20.1084,20.1084
7911,-72.88992,72.88992
7912,48.60045,48.60045
7913,48.48206,48.48206
7914,4.019713,4.019713
7915,21.592,21.592
7916,16.54667,16.54667
7917,8.623667,8.623667
7918,23.41307,23.41307
7919,-68.91299,68.91299
7920,45.53737,45.53737
7921,80.87971,80.87971
7922,-0.03311137,0.03311137
7923,-2.741081,2.741081
7924,27.79381,27.79381
7925,63.99058,63.99058
7926,34.58792,34.58792
7927,-115.975,115.975
7928,-142.82,142.82
7929,193.726,193.726
7930,19.22127,19.22127
7931,70.27493,70.27493
7932,155.1142,155.1142
7933,129.4161,129.4161
7934,92.69605,92.69605
7935,-156.0227,156.0227
7936,-159.4491,159.4491
7937,-134.3941,134.3941
7938,-15.62453,15.62453
7939,0.009834225,0.009834225
7940,19.09947,19.09947
7941,10.6401,10.6401
7942,0.5785083,0.5785083
7943,-136.8398,136.8398
7944,-125.8714,125.8714
7945,-1.91007,1.91007
7946,17.73462,17.73462
7947,0.0006968335,0.0006968335
7948,23.62386,23.62386
7949,12.04369,12.04369
7950,7.535031,7.535031
7951,-61.82685,61.82685
7952,-4.847999,4.847999
7953,3.412652,3.412652
7954,-0.1514416,0.1514416
7955,-0.02087601,0.02087601
7956,11.58904,11.58904
7957,18.63297,18.63297
7958,8.033305,8.033305
7959,-46.69294,46.69294
7960,-8.896361,8.896361
7961,-0.2627727,0.2627727
7962,-0.01131145,0.01131145
7963,0.8791459,0.8791459
7964,9.202662,9.202662
7965,14.14783,14.14783
7966,0.7364488,0.7364488
7967,-51.25106,51.25106
7968,-14.33089,14.33089
7969,-1.419256,1.419256
7970,5.859348,5.859348
7971,4.390401,4.390401
7972,22.29323,22.29323
7973,7.673025,7.673025
7974,4.361232,4.361232
7975,-85.99101,85.99101
7976,-65.91824,65.91824
7977,1.18714,1.18714
7978,5.803636,5.803636
7979,3.918296,3.918296
7980,7.273039,7.273039
7981,17.42274,17.42274
7982,-0.2336056,0.2336056
7983,-35.81946,35.81946
7984,-8.912587,8.912587
7985,15.08178,15.08178
7986,5.181806,5.181806
7987,8.468433,8.468433
7988,19.4641,19.4641
7989,16.8924,16.8924
7990,-6.766822,6.766822
7991,-75.21143,75.21143
7992,79.4234,79.4234
7993,7.05051,7.05051
7994,6.49946,6.49946
7995,14.20733,14.20733
7996,29.99346,29.99346
7997,33.30035,33.30035
7998,-3.075745,3.075745
7999,-83.87074,83.87074
8000,84.44536,84.44536
8001,-214.0215,214.0215
8002,-20.98243,20.98243
8003,-19.15709,19.15709
8004,-72.50575,72.50575
8005,-110.4973,110.4973
8006,-67.3228,67.3228
8007,186.0436,186.0436
8008,153.3547,153.3547
8009,-130.965,130.965
8010,-7.585495,7.585495
8011,-0.3539414,0.3539414
8012,-54.97355,54.97355
8013,-92.41089,92.41089
8014,-74.26198,74.26198
8015,78.28292,78.28292
8016,41.59501,41.59501
8017,-82.40941,82.40941
8018,-7.027365,7.027365
8019,-11.85002,11.85002
8020,-21.15847,21.15847
8021,-45.02218,45.02218
8022,-50.86564,50.86564
8023,26.92819,26.92819
8024,29.72271,29.72271
8025,-141.2378,141.2378
8026,-4.009975,4.009975
8027,-3.621315,3.621315
8028,-21.51952,21.51952
8029,-95.51111,95.51111
8030,-68.21238,68.21238
8031,96.41163,96.41163
8032,65.43124,65.43124
8033,-75.97476,75.97476
8034,4.057065,4.057065
8035,-0.08878639,0.08878639
8036,-0.0004616244,0.0004616244
8037,-89.04443,89.04443
8038,-53.87112,53.87112
8039,40.30234,40.30234
8040,37.74031,37.74031
8041,-85.59348,85.59348
8042,0.04629133,0.04629133
8043,-4.423741,4.423741
8044,-16.3003,16.3003
8045,-78.68865,78.68865
8046,-48.14901,48.14901
8047,47.49749,47.49749
8048,48.80764,48.80764
8049,-121.3285,121.3285
8050,-20.62568,20.62568
8051,-41.72226,41.72226
8052,-111.4439,111.4439
8053,-102.4621,102.4621
8054,-107.5755,107.5755
8055,-15.27103,15.27103
8056,46.69764,46.69764
8057,-148.4353,148.4353
8058,-53.02338,53.02338
8059,-92.67033,92.67033
8060,-116.3944,116.3944
8061,-136.7536,136.7536
8062,-114.5524,114.5524
8063,0.8265092,0.8265092
8064,26.89563,26.89563
8065,126.4855,126.4855
8066,-83.6385,83.6385
8067,-18.64482,18.64482
8068,-11.77524,11.77524
8069,14.18996,14.18996
8070,-8.804495,8.804495
8071,31.61568,31.61568
8072,2.243482,2.243482
8073,27.33166,27.33166
8074,-49.97136,49.97136
8075,-0.007758845,0.007758845
8076,-11.84472,11.84472
8077,-2.653053,2.653053
8078,0.005866838,0.005866838
8079,4.588838,4.588838
8080,0.6203733,0.6203733
8081,10.5952,10.5952
8082,-28.86003,28.86003
8083,-9.684951,9.684951
8084,-3.859869,3.859869
8085,3.926123,3.926123
8086,4.319583,4.319583
8087,0.09819847,0.09819847
8088,7.674685,7.674685
8089,17.89384,17.89384
8090,-66.42152,66.42152
8091,-26.91241,26.91241
8092,0.08573893,0.08573893
8093,7.768868,7.768868
8094,7.36569,7.36569
8095,0.1637873,0.1637873
8096,0.3370012,0.3370012
8097,24.18685,24.18685
8098,-48.44164,48.44164
8099,-21.17176,21.17176
8100,-0.2143516,0.2143516
8101,6.091369,6.091369
8102,5.002094,5.002094
8103,-8.500744,8.500744
8104,-2.826556,2.826556
8105,26.65035,26.65035
8106,-30.96403,30.96403
8107,-15.86982,15.86982
8108,1.722221,1.722221
8109,4.948565,4.948565
8110,0.832388,0.832388
8111,-0.6927058,0.6927058
8112,3.739059,3.739059
8113,84.70929,84.70929
8114,-1.289052,1.289052
8115,0.008430626,0.008430626
8116,7.922116,7.922116
8117,16.3049,16.3049
8118,-12.37845,12.37845
8119,-71.32019,71.32019
8120,69.76448,69.76448
8121,8.516953,8.516953
8122,-13.38128,13.38128
8123,-6.940415,6.940415
8124,-1.794637,1.794637
8125,1.23882,1.23882
8126,-20.87506,20.87506
8127,-47.13535,47.13535
8128,56.763,56.763
8129,78.20026,78.20026
8130,15.7633,15.7633
8131,0.0004069034,0.0004069034
8132,54.75794,54.75794
8133,25.09911,25.09911
8134,20.95642,20.95642
8135,-86.85778,86.85778
8136,-12.86308,12.86308
8137,4.42221,4.42221
8138,-39.9495,39.9495
8139,-0.7054,0.7054
8140,17.96949,17.96949
8141,30.8465,30.8465
8142,1.873991,1.873991
8143,-5.639948,5.639948
8144,0.1593114,0.1593114
8145,-0.1123238,0.1123238
8146,-6.371153,6.371153
8147,-0.03208711,0.03208711
8148,6.507951,6.507951
8149,2.300765,2.300765
8150,7.12088,7.12088
8151,-1.829854,1.829854
8152,-0.07265627,0.07265627
8153,11.15479,11.15479
8154,-12.69284,12.69284
8155,-0.977964,0.977964
8156,-0.2686938,0.2686938
8157,4.392094,4.392094
8158,2.01771,2.01771
8159,-2.14418,2.14418
8160,4.658102,4.658102
8161,-44.73413,44.73413
8162,-59.74231,59.74231
8163,0.1453115,0.1453115
8164,-17.74733,17.74733
8165,-6.309684,6.309684
8166,-19.74106,19.74106
8167,10.67233,10.67233
8168,20.76821,20.76821
8169,-3.552698,3.552698
8170,-35.95235,35.95235
8171,-16.10237,16.10237
8172,-19.19692,19.19692
8173,-0.9011732,0.9011732
8174,-3.127406,3.127406
8175,19.6579,19.6579
8176,15.13051,15.13051
8177,-15.48547,15.48547
8178,0.003952529,0.003952529
8179,1.101648,1.101648
8180,14.41303,14.41303
8181,58.15216,58.15216
8182,-3.736847,3.736847
8183,-59.08902,59.08902
8184,66.31714,66.31714
8185,-3.281163,3.281163
8186,-2.590073,2.590073
8187,-6.563957,6.563957
8188,8.315637,8.315637
8189,37.40659,37.40659
8190,-2.752043,2.752043
8191,-39.60248,39.60248
8192,59.74775,59.74775
8193,-214.0518,214.0518
8194,-126.8551,126.8551
8195,-53.149,53.149
8196,-88.6871,88.6871
8197,-68.12554,68.12554
8198,-105.5296,105.5296
8199,173.8103,173.8103
8200,202.701,202.701
8201,-123.7267,123.7267
8202,-68.25692,68.25692
8203,-40.49968,40.49968
8204,-19.85688,19.85688
8205,-44.12476,44.12476
8206,-22.06713,22.06713
8207,49.50637,49.50637
8208,130.7734,130.7734
8209,-41.06532,41.06532
8210,-21.81382,21.81382
8211,-15.20074,15.20074
8212,0.832966,0.832966
8213,0.2107573,0.2107573
8214,0.2399001,0.2399001
8215,0.7724745,0.7724745
8216,21.53985,21.53985
8217,-130.9066,130.9066
8218,-34.98116,34.98116
8219,-32.30606,32.30606
8220,-25.39375,25.39375
8221,-6.971151,6.971151
8222,-5.043434,5.043434
8223,43.21805,43.21805
8224,125.7461,125.7461
8225,-74.26006,74.26006
8226,-13.76092,13.76092
8227,-51.44875,51.44875
8228,-29.77468,29.77468
8229,-10.1148,10.1148
8230,-1.377394,1.377394
8231,14.1848,14.1848
8232,88.14536,88.14536
8233,-100.198,100.198
8234,-15.99999,15.99999
8235,-26.0126,26.0126
8236,-3.617649,3.617649
8237,-18.45887,18.45887
8238,-4.088236,4.088236
8239,25.507,25.507
8240,76.0155,76.0155
8241,2.577532,2.577532
8242,-2.731867,2.731867
8243,-12.8044,12.8044
8244,6.602334,6.602334
8245,14.34117,14.34117
8246,-6.222623,6.222623
8247,-55.33512,55.33512
8248,50.9508,50.9508
8249,-118.5413,118.5413
8250,-79.56124,79.56124
8251,-100.6034,100.6034
8252,-30.7323,30.7323
8253,-48.48592,48.48592
8254,-75.52585,75.52585
8255,5.44318,5.44318
8256,129.9177,129.9177
8257,-156.1567,156.1567
8258,-77.06766,77.06766
8259,-27.64344,27.64344
8260,-144.0524,144.0524
8261,-94.6172,94.6172
8262,-111.7576,111.7576
8263,181.3036,181.3036
8264,94.9913,94.9913
8265,-129.5484,129.5484
8266,-8.006227,8.006227
8267,-26.35174,26.35174
8268,-84.40463,84.40463
8269,-54.28555,54.28555
8270,-97.6751,97.6751
8271,40.38989,40.38989
8272,14.04402,14.04402
8273,-37.37111,37.37111
8274,-12.38707,12.38707
8275,-10.88781,10.88781
8276,-47.49907,47.49907
8277,-21.06386,21.06386
8278,-44.24347,44.24347
8279,6.134967,6.134967
8280,36.20923,36.20923
8281,-109.6221,109.6221
8282,-59.56167,59.56167
8283,-28.39372,28.39372
8284,-21.51805,21.51805
8285,-71.24622,71.24622
8286,-73.25356,73.25356
8287,80.76762,80.76762
8288,38.95233,38.95233
8289,-97.81797,97.81797
8290,-4.810158,4.810158
8291,-9.771749,9.771749
8292,-28.1342,28.1342
8293,-30.20305,30.20305
8294,-41.01381,41.01381
8295,34.09335,34.09335
8296,57.12056,57.12056
8297,-97.44603,97.44603
8298,-16.36507,16.36507
8299,-32.59117,32.59117
8300,-50.76278,50.76278
8301,-15.21626,15.21626
8302,-98.14465,98.14465
8303,76.82991,76.82991
8304,63.62175,63.62175
8305,-131.5223,131.5223
8306,-91.11996,91.11996
8307,-48.01963,48.01963
8308,-90.31435,90.31435
8309,-108.8519,108.8519
8310,-91.93058,91.93058
8311,-25.87002,25.87002
8312,43.5049,43.5049
8313,-149.088,149.088
8314,-124.3213,124.3213
8315,-62.62304,62.62304
8316,-120.6442,120.6442
8317,-137.5156,137.5156
8318,-94.72553,94.72553
8319,-9.704715,9.704715
8320,29.58265,29.58265
8321,98.67297,98.67297
8322,-2.920977,2.920977
8323,0.4796132,0.4796132
8324,44.62997,44.62997
8325,-3.417049,3.417049
8326,-27.88875,27.88875
8327,92.29117,92.29117
8328,83.74066,83.74066
8329,10.78461,10.78461
8330,3.604092,3.604092
8331,0.7856017,0.7856017
8332,4.272875,4.272875
8333,-3.178761,3.178761
8334,-19.42047,19.42047
8335,65.47179,65.47179
8336,54.99289,54.99289
8337,-6.41274,6.41274
8338,-57.66756,57.66756
8339,41.93049,41.93049
8340,-20.25985,20.25985
8341,-1.023324,1.023324
8342,-23.42257,23.42257
8343,18.32731,18.32731
8344,4.428222,4.428222
8345,17.80056,17.80056
8346,-11.69468,11.69468
8347,-1.741594,1.741594
8348,1.59028,1.59028
8349,-0.0001033665,0.0001033665
8350,-5.659388,5.659388
8351,38.438,38.438
8352,30.28198,30.28198
8353,12.58348,12.58348
8354,-2.621173,2.621173
8355,2.085991,2.085991
8356,-0.236388,0.236388
8357,0.8754197,0.8754197
8358,-5.377305,5.377305
8359,13.34556,13.34556
8360,8.152961,8.152961
8361,3.078638,3.078638
8362,-11.13496,11.13496
8363,-0.2153212,0.2153212
8364,11.05416,11.05416
8365,-0.5882922,0.5882922
8366,-1.091045,1.091045
8367,34.01132,34.01132
8368,15.79443,15.79443
8369,-150.1308,150.1308
8370,-96.52643,96.52643
8371,-23.89081,23.89081
8372,-74.89867,74.89867
8373,-19.47987,19.47987
8374,-58.1145,58.1145
8375,163.97,163.97
8376,202.6201,202.6201
8377,-144.1531,144.1531
8378,-80.80748,80.80748
8379,-0.1583326,0.1583326
8380,-121.0767,121.0767
8381,-30.71318,30.71318
8382,-63.66364,63.66364
8383,228.7573,228.7573
8384,232.5572,232.5572
8385,-63.66268,63.66268
8386,-40.60419,40.60419
8387,-0.7464013,0.7464013
8388,-0.08634961,0.08634961
8389,12.20618,12.20618
8390,14.64573,14.64573
8391,-13.94383,13.94383
8392,-33.3562,33.3562
8393,-0.01172312,0.01172312
8394,-6.566272,6.566272
8395,-0.3840967,0.3840967
8396,-3.155815,3.155815
8397,1.544723,1.544723
8398,-0.01807817,0.01807817
8399,18.56041,18.56041
8400,18.99077,18.99077
8401,3.154407,3.154407
8402,-12.33094,12.33094
8403,-1.76443,1.76443
8404,-4.943777,4.943777
8405,1.345821,1.345821
8406,-1.404313,1.404313
8407,19.0143,19.0143
8408,55.65419,55.65419
8409,1.808214,1.808214
8410,-9.703595,9.703595
8411,0.3764009,0.3764009
8412,-9.700339,9.700339
8413,0.4872064,0.4872064
8414,-0.5032877,0.5032877
8415,36.0882,36.0882
8416,32.45923,32.45923
8417,-36.11575,36.11575
8418,-2.961325,2.961325
8419,0.3640525,0.3640525
8420,-6.194988,6.194988
8421,0.9682987,0.9682987
8422,-4.592927,4.592927
8423,13.96052,13.96052
8424,12.52116,12.52116
8425,-0.4979327,0.4979327
8426,-27.81141,27.81141
8427,0.1390679,0.1390679
8428,-0.009800334,0.009800334
8429,0.6607497,0.6607497
8430,-6.220347,6.220347
8431,20.79096,20.79096
8432,19.07612,19.07612
8433,-212.8276,212.8276
8434,-138.6134,138.6134
8435,-90.17454,90.17454
8436,-144.4273,144.4273
8437,-111.4683,111.4683
8438,-115.2504,115.2504
8439,35.20673,35.20673
8440,59.51037,59.51037
8441,-202.6223,202.6223
8442,-178.5282,178.5282
8443,-67.22501,67.22501
8444,-101.3556,101.3556
8445,-104.5509,104.5509
8446,-110.3721,110.3721
8447,151.3153,151.3153
8448,68.67229,68.67229
8449,42.42382,42.42382
8450,10.18326,10.18326
8451,34.72366,34.72366
8452,111.6944,111.6944
8453,74.46177,74.46177
8454,81.13326,81.13326
8455,-138.306,138.306
8456,-144.7067,144.7067
8457,143.076,143.076
8458,65.65787,65.65787
8459,88.77026,88.77026
8460,104.7895,104.7895
8461,121.3679,121.3679
8462,94.37138,94.37138
8463,-139.4692,139.4692
8464,-119.1729,119.1729
8465,92.52342,92.52342
8466,32.22905,32.22905
8467,40.64163,40.64163
8468,93.53089,93.53089
8469,89.59616,89.59616
8470,86.26396,86.26396
8471,-109.0124,109.0124
8472,-86.93234,86.93234
8473,133.6385,133.6385
8474,63.14038,63.14038
8475,94.69412,94.69412
8476,81.43188,81.43188
8477,125.4869,125.4869
8478,77.64738,77.64738
8479,-147.4506,147.4506
8480,-136.9844,136.9844
8481,143.2286,143.2286
8482,87.1888,87.1888
8483,95.21577,95.21577
8484,101.2576,101.2576
8485,160.0658,160.0658
8486,93.56199,93.56199
8487,-153.2152,153.2152
8488,-151.9056,151.9056
8489,151.9223,151.9223
8490,75.95175,75.95175
8491,90.16439,90.16439
8492,91.36526,91.36526
8493,126.6707,126.6707
8494,120.6633,120.6633
8495,-164.7913,164.7913
8496,-154.67,154.67
8497,-101.5345,101.5345
8498,-70.51586,70.51586
8499,-80.30833,80.30833
8500,-126.6783,126.6783
8501,-120.4749,120.4749
8502,-106.9824,106.9824
8503,7.107954,7.107954
8504,78.59902,78.59902
8505,-101.8519,101.8519
8506,-72.00893,72.00893
8507,-83.67918,83.67918
8508,-125.0254,125.0254
8509,-115.0098,115.0098
8510,-105.3705,105.3705
8511,7.304593,7.304593
8512,75.5163,75.5163
8513,206.0405,206.0405
8514,151.5045,151.5045
8515,108.5001,108.5001
8516,174.552,174.552
8517,121.7152,121.7152
8518,132.7121,132.7121
8519,-203.3471,203.3471
8520,-200.4637,200.4637
8521,167.1013,167.1013
8522,122.3949,122.3949
8523,58.29554,58.29554
8524,185.2363,185.2363
8525,107.6059,107.6059
8526,102.5563,102.5563
8527,-161.4842,161.4842
8528,-141.2571,141.2571
8529,161.3855,161.3855
8530,186.9476,186.9476
8531,32.18526,32.18526
8532,153.0676,153.0676
8533,106.0828,106.0828
8534,97.74189,97.74189
8535,-159.3735,159.3735
8536,-161.3661,161.3661
8537,153.1403,153.1403
8538,156.7629,156.7629
8539,97.79391,97.79391
8540,175.5224,175.5224
8541,77.99347,77.99347
8542,116.75,116.75
8543,-162.1085,162.1085
8544,-160.0583,160.0583
8545,135.1327,135.1327
8546,133.008,133.008
8547,63.23341,63.23341
8548,156.1253,156.1253
8549,24.80569,24.80569
8550,109.0187,109.0187
8551,-138.0468,138.0468
8552,-131.9314,131.9314
8553,143.592,143.592
8554,143.7908,143.7908
8555,73.95626,73.95626
8556,162.8841,162.8841
8557,121.9458,121.9458
8558,91.71819,91.71819
8559,-146.5692,146.5692
8560,-143.5365,143.5365
8561,-138.9444,138.9444
8562,-67.13116,67.13116
8563,-142.6467,142.6467
8564,-91.71295,91.71295
8565,-166.9484,166.9484
8566,-125.7352,125.7352
8567,1.865778,1.865778
8568,80.99707,80.99707
8569,-133.5209,133.5209
8570,-65.72765,65.72765
8571,-145.5048,145.5048
8572,-93.2702,93.2702
8573,-167.2109,167.2109
8574,-123.5008,123.5008
8575,1.474661,1.474661
8576,80.01099,80.01099
8577,75.35143,75.35143
8578,-48.09711,48.09711
8579,0.1032332,0.1032332
8580,7.872524,7.872524
8581,16.04948,16.04948
8582,0.0329193,0.0329193
8583,-6.860689,6.860689
8584,-13.38508,13.38508
8585,79.71986,79.71986
8586,0.06309406,0.06309406
8587,7.279172,7.279172
8588,16.4972,16.4972
8589,52.42485,52.42485
8590,86.74246,86.74246
8591,-74.25117,74.25117
8592,-83.03717,83.03717
8593,73.983,73.983
8594,3.135721,3.135721
8595,3.454932,3.454932
8596,56.41662,56.41662
8597,48.82596,48.82596
8598,55.86855,55.86855
8599,-68.87275,68.87275
8600,-75.49625,75.49625
8601,31.65383,31.65383
8602,-3.463869,3.463869
8603,6.653229,6.653229
8604,40.89363,40.89363
8605,30.51486,30.51486
8606,25.29301,25.29301
8607,-37.59025,37.59025
8608,-52.72939,52.72939
8609,124.6095,124.6095
8610,21.48869,21.48869
8611,25.8538,25.8538
8612,82.64844,82.64844
8613,70.04435,70.04435
8614,100.4683,100.4683
8615,-131.5026,131.5026
8616,-142.9508,142.9508
8617,90.48743,90.48743
8618,8.037954,8.037954
8619,27.18415,27.18415
8620,50.59677,50.59677
8621,58.12444,58.12444
8622,71.21081,71.21081
8623,-105.6481,105.6481
8624,-115.7096,115.7096
8625,174.9459,174.9459
8626,36.53713,36.53713
8627,0.04203694,0.04203694
8628,42.62842,42.62842
8629,10.62793,10.62793
8630,2.537893,2.537893
8631,-89.26476,89.26476
8632,29.54369,29.54369
8633,167.4024,167.4024
8634,16.01294,16.01294
8635,-1.800202,1.800202
8636,25.34029,25.34029
8637,3.263465,3.263465
8638,0.005820746,0.005820746
8639,-66.84172,66.84172
8640,33.67568,33.67568
8641,-123.2501,123.2501
8642,-4.894756,4.894756
8643,15.54662,15.54662
8644,-1.203472,1.203472
8645,-1.149539,1.149539
8646,-14.83198,14.83198
8647,67.4924,67.4924
8648,64.42985,64.42985
8649,-171.7282,171.7282
8650,-20.64005,20.64005
8651,9.57013,9.57013
8652,-95.843,95.843
8653,-42.90864,42.90864
8654,-41.21539,41.21539
8655,73.06792,73.06792
8656,75.08255,75.08255
8657,-82.21735,82.21735
8658,-2.156502,2.156502
8659,0.08853127,0.08853127
8660,-5.79089,5.79089
8661,-3.221284,3.221284
8662,-24.28731,24.28731
8663,24.23771,24.23771
8664,28.70247,28.70247
8665,-201.2105,201.2105
8666,-47.87275,47.87275
8667,10.22016,10.22016
8668,-66.54238,66.54238
8669,-6.153243,6.153243
8670,-45.14685,45.14685
8671,102.7909,102.7909
8672,101.5942,101.5942
8673,-158.816,158.816
8674,-13.13085,13.13085
8675,14.00681,14.00681
8676,-31.31058,31.31058
8677,-2.317659,2.317659
8678,-36.48859,36.48859
8679,56.67603,56.67603
8680,61.11882,61.11882
8681,-157.6533,157.6533
8682,-9.291474,9.291474
8683,8.374598,8.374598
8684,-30.19909,30.19909
8685,-0.3690068,0.3690068
8686,-20.74739,20.74739
8687,46.90981,46.90981
8688,47.91268,47.91268
8689,-142.5038,142.5038
8690,-90.32939,90.32939
8691,-97.86505,97.86505
8692,-174,174
8693,-111.1221,111.1221
8694,-127.5781,127.5781
8695,3.831869,3.831869
8696,109.1572,109.1572
8697,-140.3204,140.3204
8698,-105.1033,105.1033
8699,-107.5816,107.5816
8700,-178.33,178.33
8701,-118.4596,118.4596
8702,-129.937,129.937
8703,17.29967,17.29967
8704,113.2638,113.2638
8705,217.6266,217.6266
8706,-50.60397,50.60397
8707,-61.70461,61.70461
8708,1.725583,1.725583
8709,-5.982847,5.982847
8710,-50.89194,50.89194
8711,-20.29268,20.29268
8712,-22.45657,22.45657
8713,69.64954,69.64954
8714,-37.17462,37.17462
8715,-38.02158,38.02158
8716,-37.66145,37.66145
8717,-49.87968,49.87968
8718,-80.18099,80.18099
8719,20.39207,20.39207
8720,44.99928,44.99928
8721,64.63879,64.63879
8722,-49.07521,49.07521
8723,-52.59002,52.59002
8724,-7.232971,7.232971
8725,-37.0618,37.0618
8726,-62.26033,62.26033
8727,16.41401,16.41401
8728,43.98738,43.98738
8729,126.6194,126.6194
8730,-33.14885,33.14885
8731,-34.61267,34.61267
8732,-7.459311,7.459311
8733,-21.73153,21.73153
8734,-68.25047,68.25047
8735,0.9970265,0.9970265
8736,8.781048,8.781048
8737,146.7477,146.7477
8738,-30.64861,30.64861
8739,-30.60258,30.60258
8740,-1.485624,1.485624
8741,-21.60581,21.60581
8742,-67.74461,67.74461
8743,1.843003,1.843003
8744,7.279895,7.279895
8745,121.836,121.836
8746,-40.71345,40.71345
8747,-20.8024,20.8024
8748,-20.35613,20.35613
8749,-24.98104,24.98104
8750,-73.79545,73.79545
8751,7.117986,7.117986
8752,17.62976,17.62976
8753,80.66167,80.66167
8754,12.90812,12.90812
8755,0.09068023,0.09068023
8756,25.31184,25.31184
8757,-1.243711,1.243711
8758,-22.2778,22.2778
8759,-60.88178,60.88178
8760,51.53229,51.53229
8761,71.54868,71.54868
8762,8.962562,8.962562
8763,-0.2122674,0.2122674
8764,20.19651,20.19651
8765,-3.449103,3.449103
8766,-26.88313,26.88313
8767,-56.7591,56.7591
8768,50.25954,50.25954
8769,182.5044,182.5044
8770,-2.833257,2.833257
8771,3.328517,3.328517
8772,2.905993,2.905993
8773,-0.09277795,0.09277795
8774,-17.41782,17.41782
8775,-40.72449,40.72449
8776,-44.39232,44.39232
8777,138.6968,138.6968
8778,7.63688,7.63688
8779,23.5684,23.5684
8780,13.53748,13.53748
8781,5.692968,5.692968
8782,0.04029147,0.04029147
8783,-45.58617,45.58617
8784,-48.00403,48.00403
8785,130.2348,130.2348
8786,7.456644,7.456644
8787,10.59404,10.59404
8788,33.03151,33.03151
8789,21.90846,21.90846
8790,5.123095,5.123095
8791,-64.4103,64.4103
8792,-70.61587,70.61587
8793,135.7805,135.7805
8794,41.70243,41.70243
8795,22.91083,22.91083
8796,11.33153,11.33153
8797,11.69111,11.69111
8798,12.2921,12.2921
8799,-98.14092,98.14092
8800,-103.1212,103.1212
8801,93.64919,93.64919
8802,18.24109,18.24109
8803,35.61688,35.61688
8804,16.42542,16.42542
8805,14.47462,14.47462
8806,15.485,15.485
8807,-95.72327,95.72327
8808,-105.1113,105.1113
8809,143.2467,143.2467
8810,21.32266,21.32266
8811,17.41308,17.41308
8812,28.67237,28.67237
8813,22.60204,22.60204
8814,12.63872,12.63872
8815,-103.4022,103.4022
8816,-111.4595,111.4595
8817,130.5544,130.5544
8818,18.72637,18.72637
8819,16.69843,16.69843
8820,24.32402,24.32402
8821,1.445372,1.445372
8822,-10.85824,10.85824
8823,-38.96061,38.96061
8824,2.880847,2.880847
8825,114.8256,114.8256
8826,8.465671,8.465671
8827,5.135461,5.135461
8828,11.03134,11.03134
8829,-0.4032203,0.4032203
8830,-24.77607,24.77607
8831,-22.87701,22.87701
8832,2.564973,2.564973
8833,-92.35741,92.35741
8834,12.99019,12.99019
8835,22.48939,22.48939
8836,-48.25515,48.25515
8837,17.04358,17.04358
8838,-19.89094,19.89094
8839,-0.6243464,0.6243464
8840,-0.05832747,0.05832747
8841,58.83589,58.83589
8842,48.98251,48.98251
8843,111.8911,111.8911
8844,55.20505,55.20505
8845,96.03375,96.03375
8846,41.49174,41.49174
8847,-101.3702,101.3702
8848,-79.09814,79.09814
8849,66.88435,66.88435
8850,58.75676,58.75676
8851,30.63604,30.63604
8852,83.34048,83.34048
8853,89.06258,89.06258
8854,29.4889,29.4889
8855,-97.13131,97.13131
8856,-95.40131,95.40131
8857,61.87115,61.87115
8858,53.80753,53.80753
8859,51.57378,51.57378
8860,57.34628,57.34628
8861,91.14883,91.14883
8862,36.73438,36.73438
8863,-93.6022,93.6022
8864,-83.89716,83.89716
8865,121.7664,121.7664
8866,88.37041,88.37041
8867,78.82763,78.82763
8868,124.8133,124.8133
8869,109.4079,109.4079
8870,60.79754,60.79754
8871,-149.011,149.011
8872,-142.4723,142.4723
8873,70.3991,70.3991
8874,64.76419,64.76419
8875,69.32229,69.32229
8876,30.19391,30.19391
8877,62.85512,62.85512
8878,24.04993,24.04993
8879,-95.49605,95.49605
8880,-80.53048,80.53048
8881,208.226,208.226
8882,50.39576,50.39576
8883,102.1012,102.1012
8884,177.8434,177.8434
8885,160.7113,160.7113
8886,161.4077,161.4077
8887,-159.7933,159.7933
8888,-1.533484,1.533484
8889,206.0241,206.0241
8890,51.51888,51.51888
8891,105.4127,105.4127
8892,177.8011,177.8011
8893,160.0701,160.0701
8894,160.3188,160.3188
8895,-159.0971,159.0971
8896,-1.286584,1.286584
8897,144.5419,144.5419
8898,12.09948,12.09948
8899,67.76557,67.76557
8900,-3.438934,3.438934
8901,2.15237,2.15237
8902,0.03595987,0.03595987
8903,-56.10226,56.10226
8904,-42.41173,42.41173
8905,97.76923,97.76923
8906,12.59276,12.59276
8907,89.80931,89.80931
8908,-0.3224254,0.3224254
8909,0.004766601,0.004766601
8910,-0.06578975,0.06578975
8911,-49.1263,49.1263
8912,-31.54472,31.54472
8913,24.1466,24.1466
8914,10.98554,10.98554
8915,73.62602,73.62602
8916,1.314256,1.314256
8917,7.745575,7.745575
8918,-0.3766967,0.3766967
8919,-50.28219,50.28219
8920,-39.90323,39.90323
8921,16.49348,16.49348
8922,0.1516759,0.1516759
8923,71.54732,71.54732
8924,-2.804391,2.804391
8925,-1.058639,1.058639
8926,-0.9404181,0.9404181
8927,-18.44166,18.44166
8928,-7.610411,7.610411
8929,8.988218,8.988218
8930,-0.0924255,0.0924255
8931,77.27119,77.27119
8932,-5.744732,5.744732
8933,-0.2212937,0.2212937
8934,-0.02031594,0.02031594
8935,-18.3155,18.3155
8936,-8.752856,8.752856
8937,18.16646,18.16646
8938,3.227646,3.227646
8939,76.65424,76.65424
8940,-0.06627765,0.06627765
8941,0.03062539,0.03062539
8942,-1.088691,1.088691
8943,-27.71582,27.71582
8944,-14.97937,14.97937
8945,8.459288,8.459288
8946,0.001403884,0.001403884
8947,5.893678,5.893678
8948,0.2560638,0.2560638
8949,-1.585696,1.585696
8950,-15.03688,15.03688
8951,-35.53505,35.53505
8952,46.50623,46.50623
8953,5.347248,5.347248
8954,-0.1922681,0.1922681
8955,5.071186,5.071186
8956,-0.1434605,0.1434605
8957,-2.416561,2.416561
8958,-17.37809,17.37809
8959,-31.98486,31.98486
8960,45.15818,45.15818
8961,-1.964734,1.964734
8962,2.824006,2.824006
8963,-1.14195,1.14195
8964,-24.05922,24.05922
8965,-25.88179,25.88179
8966,-0.5658591,0.5658591
8967,105.0105,105.0105
8968,101.4165,101.4165
8969,-143.7681,143.7681
8970,11.54155,11.54155
8971,0.0368843,0.0368843
8972,-63.14118,63.14118
8973,-77.90488,77.90488
8974,-33.8759,33.8759
8975,117.8609,117.8609
8976,110.9708,110.9708
8977,-5.950217,5.950217
8978,25.07456,25.07456
8979,-18.18214,18.18214
8980,-0.01764254,0.01764254
8981,-4.449277,4.449277
8982,-0.0007947221,0.0007947221
8983,26.54858,26.54858
8984,16.80698,16.80698
8985,-137.8847,137.8847
8986,-0.5323826,0.5323826
8987,-1.081404,1.081404
8988,-0.4355504,0.4355504
8989,-97.42204,97.42204
8990,0.004725826,0.004725826
8991,115.5949,115.5949
8992,114.3711,114.3711
8993,-109.1751,109.1751
8994,-0.001926263,0.001926263
8995,0.1400133,0.1400133
8996,-0.6604646,0.6604646
8997,-23.82602,23.82602
8998,9.26431,9.26431
8999,39.09177,39.09177
9000,36.61798,36.61798
9001,-96.14705,96.14705
9002,-8.329407e-05,8.329407e-05
9003,-2.363905,2.363905
9004,-5.808301,5.808301
9005,-18.74511,18.74511
9006,0.8085968,0.8085968
9007,22.08457,22.08457
9008,22.64867,22.64867
9009,-120.6675,120.6675
9010,-54.7892,54.7892
9011,-44.62366,44.62366
9012,-40.62433,40.62433
9013,-105.1478,105.1478
9014,-96.71552,96.71552
9015,1.057032,1.057032
9016,35.94639,35.94639
9017,-141.5192,141.5192
9018,-80.35049,80.35049
9019,-76.92268,76.92268
9020,-63.11877,63.11877
9021,-136.5372,136.5372
9022,-117.14,117.14
9023,19.95852,19.95852
9024,41.97018,41.97018
9025,-204.7231,204.7231
9026,-70.4675,70.4675
9027,60.38377,60.38377
9028,3.70239,3.70239
9029,39.29259,39.29259
9030,12.57479,12.57479
9031,-100.7051,100.7051
9032,-106.4457,106.4457
9033,-110.3223,110.3223
9034,-0.03508285,0.03508285
9035,82.98589,82.98589
9036,66.89377,66.89377
9037,88.31999,88.31999
9038,47.32896,47.32896
9039,-192.7471,192.7471
9040,-196.0703,196.0703
9041,-17.86993,17.86993
9042,-6.307748,6.307748
9043,72.5115,72.5115
9044,27.77863,27.77863
9045,50.33273,50.33273
9046,32.66371,32.66371
9047,-173.8761,173.8761
9048,-184.4093,184.4093
9049,-48.901,48.901
9050,-2.561574,2.561574
9051,61.25636,61.25636
9052,91.57975,91.57975
9053,104.8759,104.8759
9054,72.41583,72.41583
9055,-160.62,160.62
9056,-171.3604,171.3604
9057,-61.72133,61.72133
9058,-19.87236,19.87236
9059,43.26316,43.26316
9060,43.88057,43.88057
9061,106.4237,106.4237
9062,50.54552,50.54552
9063,-161.4937,161.4937
9064,-171.1744,171.1744
9065,-74.91492,74.91492
9066,-11.06608,11.06608
9067,51.19804,51.19804
9068,47.94033,47.94033
9069,89.53471,89.53471
9070,71.40361,71.40361
9071,-150.1214,150.1214
9072,-157.4681,157.4681
9073,135.9766,135.9766
9074,19.37066,19.37066
9075,16.24667,16.24667
9076,75.00081,75.00081
9077,70.14943,70.14943
9078,39.28019,39.28019
9079,-117.2918,117.2918
9080,-3.808754,3.808754
9081,136.2511,136.2511
9082,18.80429,18.80429
9083,17.12174,17.12174
9084,79.65749,79.65749
9085,72.08726,72.08726
9086,42.73629,42.73629
9087,-112.9346,112.9346
9088,-6.28455,6.28455
9089,-0.75575,0.75575
9090,-8.53325,8.53325
9091,46.6912,46.6912
9092,13.73829,13.73829
9093,3.244771,3.244771
9094,14.55656,14.55656
9095,-34.23064,34.23064
9096,-49.5195,49.5195
9097,-28.72672,28.72672
9098,-2.055887,2.055887
9099,39.2082,39.2082
9100,26.34997,26.34997
9101,12.77099,12.77099
9102,1.778865,1.778865
9103,-3.318629,3.318629
9104,-14.6444,14.6444
9105,-2.443643,2.443643
9106,0.7268738,0.7268738
9107,60.35121,60.35121
9108,28.07715,28.07715
9109,45.78256,45.78256
9110,7.826371,7.826371
9111,-32.72682,32.72682
9112,-38.86544,38.86544
9113,-49.06853,49.06853
9114,-8.699619,8.699619
9115,43.43485,43.43485
9116,30.93292,30.93292
9117,13.32962,13.32962
9118,20.63932,20.63932
9119,-4.732213,4.732213
9120,-14.6802,14.6802
9121,-4.468524,4.468524
9122,-0.6349777,0.6349777
9123,70.66528,70.66528
9124,75.96277,75.96277
9125,48.21933,48.21933
9126,83.99317,83.99317
9127,-71.56906,71.56906
9128,-92.09327,92.09327
9129,-4.805548,4.805548
9130,0.01390788,0.01390788
9131,35.40664,35.40664
9132,47.89202,47.89202
9133,23.12973,23.12973
9134,15.53992,15.53992
9135,-36.12331,36.12331
9136,-50.18565,50.18565
9137,62.04806,62.04806
9138,-0.7722677,0.7722677
9139,0.2166204,0.2166204
9140,11.73482,11.73482
9141,-4.212664,4.212664
9142,-7.260582,7.260582
9143,-63.95935,63.95935
9144,65.22201,65.22201
9145,38.14444,38.14444
9146,-1.961369,1.961369
9147,0.04391628,0.04391628
9148,10.61385,10.61385
9149,-4.141633,4.141633
9150,-6.513792,6.513792
9151,-56.26382,56.26382
9152,60.62092,60.62092
9153,-77.62753,77.62753
9154,-157.5035,157.5035
9155,3.867435,3.867435
9156,-189.4639,189.4639
9157,-112.5677,112.5677
9158,-78.98348,78.98348
9159,174.9429,174.9429
9160,183.7154,183.7154
9161,-94.56911,94.56911
9162,-103.8864,103.8864
9163,2.184409,2.184409
9164,-116.5617,116.5617
9165,-77.15077,77.15077
9166,-65.83764,65.83764
9167,106.7273,106.7273
9168,131.6111,131.6111
9169,-26.96955,26.96955
9170,-27.48452,27.48452
9171,-0.5446642,0.5446642
9172,-65.69481,65.69481
9173,-11.83046,11.83046
9174,-24.60405,24.60405
9175,38.47524,38.47524
9176,55.45914,55.45914
9177,-100.1323,100.1323
9178,-45.52677,45.52677
9179,3.435215,3.435215
9180,-123.7439,123.7439
9181,-39.83472,39.83472
9182,-47.3108,47.3108
9183,70.37593,70.37593
9184,114.7717,114.7717
9185,-48.25064,48.25064
9186,-13.39966,13.39966
9187,42.63871,42.63871
9188,-61.21932,61.21932
9189,-28.78112,28.78112
9190,-5.695258,5.695258
9191,11.09026,11.09026
9192,32.71614,32.71614
9193,-37.13354,37.13354
9194,-9.094427,9.094427
9195,27.69213,27.69213
9196,-63.22442,63.22442
9197,-16.60539,16.60539
9198,-17.13538,17.13538
9199,14.06013,14.06013
9200,32.1953,32.1953
9201,-6.826892,6.826892
9202,-8.252888,8.252888
9203,-7.370616e-05,7.370616e-05
9204,-22.13391,22.13391
9205,-23.41724,23.41724
9206,-25.40167,25.40167
9207,-37.38508,37.38508
9208,70.20333,70.20333
9209,-32.09551,32.09551
9210,-21.79516,21.79516
9211,-2.05134,2.05134
9212,-46.4546,46.4546
9213,-35.08337,35.08337
9214,-36.59782,36.59782
9215,-24.19161,24.19161
9216,71.77303,71.77303
